"time.h","time","rep","phase","total","spore_obs","veg_naive","spore_est","spore_lo","spore_hi","veg_est","veg_lo","veg_hi"
0,0,"A","transition",2.2e+08,4000,219996000,124708.833812471,14559.5790468573,365868.296730791,219875398.845119,219628386.227731,220010475.075462
0,0,"B","transition",2.8e+08,9000,279991000,139577.829733469,18515.2112659537,339041.556854529,279859498.538032,279590610.432346,280099871.70226
0,0,"C","transition",3e+08,5000,299995000,62269.458009036,6481.208117977,165036.647358764,299938275.70145,299638594.045577,300243956.071681
0,0,"D","transition",4.4e+08,1000,439999000,60233.7420048157,7585.20147746545,154190.06171479,439940266.912065,439642582.829925,440240297.246005
12,0.5,"A","transition",2e+08,15000,199985000,125505.868925083,15341.5816322289,368265.588641294,199874885.374154,199626980.42552,200009889.11185
12,0.5,"B","transition",2.1e+08,23000,209977000,140229.486616265,17774.6631875795,337915.422767759,209859559.604018,209590722.403938,210106496.65741
12,0.5,"C","transition",1.7e+08,6000,169994000,63046.2152777533,6496.4524513919,167783.253583631,169936193.74322,169640080.080892,170231569.578023
12,0.5,"D","transition",2e+08,6000,199994000,62044.9527531557,7861.84686842307,158981.191418361,199938416.928877,199643154.309173,200234172.038877
24,1,"A","transition",1e+08,13000,99987000,110572.683118468,15245.8829247334,282301.941515435,99889714.0136894,99700518.4700367,100012650.475849
24,1,"B","transition",9e+07,23000,89977000,139453.014324758,17670.0455532085,341675.843676637,89860120.7846896,89591278.3183273,90098865.7460207
24,1,"C","transition",6e+07,8000,59992000,63544.2100568376,7072.2553924944,172520.02136191,59935636.664903,59639508.0875292,60230064.3639886
24,1,"D","transition",1.1e+08,4000,109996000,61388.8549360225,7860.6278090019,157031.713482865,109938416.695626,109647494.39002,110231491.689408
36,1.5,"A","transition",2.6e+07,16000,25984000,130744.658530103,15276.7266164362,322940.580986709,25869344.694956,25672039.3877841,26009992.5544543
36,1.5,"B","transition",2.3e+07,14000,22986000,137962.659970472,17025.6946925129,339853.887169795,22860900.853555,22589971.8626669,23104569.7020282
36,1.5,"C","transition",2.8e+07,11000,27989000,64843.5286030734,6993.09211301724,170314.910230998,27935006.5707445,27635242.7832354,28232803.188704
36,1.5,"D","transition",2.4e+07,19000,23981000,68477.343814662,10125.8410500612,167393.858492343,23930862.7988004,23639549.830359,24225453.1663125
48,2,"A","transition",2.1e+07,84000,20916000,159994.043510033,23895.1515679079,352952.870430449,20839651.0954317,20638527.1189263,20995824.9403376
48,2,"B","transition",1.3e+07,80000,12920000,164506.468681218,21928.3231123985,385304.908639797,12836296.4688965,12551940.3902815,13094859.00637
48,2,"C","transition",2.3e+07,98000,22902000,113019.570017923,21524.2433106827,232994.249569552,22886075.9354434,22581412.7400484,23189022.1954859
48,2,"D","transition",2.1e+07,109000,20891000,122793.789963899,34350.0754649109,233174.744340493,20878231.3430584,20583300.6301448,21178374.6939398
60,2.5,"A","transition",1.9e+07,69000,18931000,154841.561131804,22957.5184808912,350615.307574156,18844882.6061072,18635713.6506684,18998017.4308103
60,2.5,"B","transition",2.2e+07,74000,21926000,160127.588184575,21842.9996117635,374435.831461549,21840130.0823539,21557056.5226409,22094472.2168512
60,2.5,"C","transition",2.5e+07,85000,24915000,103808.268055844,19749.5234441785,222286.350968399,24896574.9042037,24590331.6599017,25204066.2976377
60,2.5,"D","transition",1.7e+07,93000,16907000,110677.187751679,27887.3381201528,221198.327697981,16887448.6736294,16579741.0386351,17190491.6104252
72,3,"A","transition",3.1e+07,196000,30804000,220589.331576959,39759.8491979253,413037.124950003,30779214.490761,30575798.3060418,30975994.8626444
72,3,"B","transition",1.3e+07,212000,12788000,226214.104988486,39497.185775589,472433.545571506,12771472.5309201,12463083.1667726,13050376.6509513
72,3,"C","transition",1.2e+07,187000,11813000,184988.695375868,66860.6594579116,312880.768640891,11813661.6036399,11502438.8125685,12124392.6713966
72,3,"D","transition",3.5e+07,208000,34792000,207324.987186603,96104.3401131103,322669.865675086,34793988.8521567,34485592.7231522,35102502.1592075
84,3.5,"A","transition",2e+07,255000,19745000,254080.315327813,51263.0102469909,464048.052854847,19745504.9513904,19526555.6505336,19957788.500126
84,3.5,"B","transition",1.7e+07,232000,16768000,236755.892257646,44571.4314530413,486107.661706667,16761809.4715226,16448418.1548924,17043384.5480793
84,3.5,"C","transition",2e+07,258000,19742000,250835.956587799,123744.70699192,376934.365338121,19748713.2090479,19436067.3102242,20056859.4934774
84,3.5,"D","transition",2.3e+07,377000,22623000,369553.9372409,248460.07620119,486405.33021596,22630368.3575542,22322657.4374117,22936191.6002914
96,4,"A","transition",1.2e+07,329000,11671000,281676.516862236,86670.2824050189,514743.921055126,11718079.9924939,11476139.7939396,11925315.5785292
96,4,"B","transition",1.3e+07,318000,12682000,290042.177343278,67864.0653431271,555204.422437543,12710415.7947404,12382037.8182125,13004490.7537123
96,4,"C","transition",1.7e+07,370000,16630000,357667.197134427,221258.251774241,483271.07600242,16640990.2523242,16328320.9692093,16953640.0159442
96,4,"D","transition",1.7e+07,457000,16543000,447245.005209431,322767.094384,563977.700066774,16552557.253576,16248765.5404075,16859735.8348707
108,4.5,"A","transition",1.4e+07,292000,13708000,264938.642022305,64783.9028552866,499891.54924045,13735494.8893888,13487887.4760062,13949844.3211488
108,4.5,"B","transition",1e+07,348000,9652000,317504.104882411,84082.5886823764,578876.384034949,9681770.63966261,9366624.10814125,9984352.18916571
108,4.5,"C","transition",4e+06,295000,3705000,286637.773298432,155446.918721075,412788.361315922,3709984.59949824,3400024.74798558,4019613.85022891
108,4.5,"D","transition",1e+07,304000,9696000,299448.530116876,181957.632413142,413751.870758534,9697529.39508327,9388830.87428812,10006436.7228577
120,5,"A","transition",8900000,540000,8360000,477199.238385629,236450.496550764,789242.695360936,8422723.85209611,8105758.73573874,8675647.70125921
120,5,"B","transition",8e+06,510000,7490000,445425.057758051,172240.128853396,723097.657181259,7553793.51826079,7223475.16454419,7884602.06917816
120,5,"C","transition",8300000,460000,7840000,447837.53165161,310260.221789084,575362.133097453,7849868.72254178,7533122.31467721,8162226.71901829
120,5,"D","transition",10100000,490000,9610000,480711.891933695,357910.561080719,595363.649215299,9617366.41327079,9313997.04049244,9920847.76355622
132,5.5,"A","transition",8300000,490000,7810000,468213.815326609,203555.78141117,791365.491286122,7831416.41404332,7507551.22483032,8107481.88943741
132,5.5,"B","transition",6200000,540000,5660000,477561.938077649,193586.157547327,758867.839870193,5721129.5445222,5381077.31385256,6061182.24266905
132,5.5,"C","transition",6400000,570000,5830000,557222.372475332,420630.395725892,687416.19448967,5840075.91955494,5523002.88878914,6153548.55564111
132,5.5,"D","transition",8300000,630000,7670000,618696.838663758,494952.063266465,733905.874704506,7679639.35658287,7372076.28528447,7986771.86177389
144,6,"A","transition",6300000,410000,5890000,395424.250063948,125722.252008533,656396.48180539,5904457.89129642,5640232.0160458,6186465.41533753
144,6,"B","transition",7e+06,570000,6430000,505381.117841083,233064.89624392,787015.708100161,6493585.73965447,6149222.31362511,6819487.46376836
144,6,"C","transition",4500000,560000,3940000,547873.494848947,413837.526938311,676863.684964506,3946640.57657146,3634527.74321675,4262390.47844467
144,6,"D","transition",5200000,640000,4560000,629385.709878979,504734.76820959,745640.198404224,4567092.80152283,4261148.13694244,4875050.70129093
156,6.5,"A","transition",5500000,510000,4990000,453188.375894153,198911.422250311,697330.188168117,5046829.66265265,4789531.2398012,5313282.90136144
156,6.5,"B","transition",5100000,6e+05,4500000,527741.592590341,245466.704999899,811681.902982718,4571479.92181199,4223851.55101212,4901543.65701826
156,6.5,"C","transition",6300000,570000,5730000,556034.254761903,420524.814367394,681561.867131072,5742202.19531127,5427811.88907543,6056590.6761185
156,6.5,"D","transition",5600000,780000,4820000,769774.650414505,647233.976190609,884894.261098687,4827695.64451369,4522410.03132968,5131970.36503037
168,7,"A","transition",4300000,440000,3860000,407516.693887591,165154.901827627,640062.091372174,3891964.30662247,3649399.63275462,4142997.21590687
168,7,"B","transition",3900000,540000,3360000,473640.886539342,202083.544260369,746105.690938587,3424188.74404795,3091787.30897481,3751196.54346897
168,7,"C","transition",3e+06,460000,2540000,448360.99152486,311460.044320225,576742.853699139,2546073.52000741,2232465.13592006,2855703.11648595
168,7,"D","transition",2800000,590000,2210000,580098.326459992,459699.904281357,695346.427945982,2214115.49456284,1910011.24809096,2515352.21813196
180,7.5,"A","transition",4e+06,5e+05,3500000,430943.417667891,141165.444915785,675066.026361859,3568982.75418353,3319405.93180008,3862718.19601873
180,7.5,"B","transition",2700000,660000,2040000,585813.447046392,297616.977413694,870319.58133472,2110816.51335223,1767824.77408429,2453518.06311931
180,7.5,"C","transition",3200000,710000,2490000,697108.686227944,559684.524756593,825347.126493121,2495911.88582136,2181218.50380292,2810617.32656249
180,7.5,"D","transition",2500000,670000,1830000,660367.672476942,539494.91793442,774504.412772412,1831169.29637281,1530423.27098133,2132301.67158159
192,8,"A","transition",3300000,570000,2730000,487356.684203825,265769.215003098,741434.795908127,2812460.4072922,2545578.41477893,3039148.52082571
192,8,"B","transition",3400000,6e+05,2800000,537715.23857475,254251.504021703,821094.85487414,2859972.0617515,2517129.93467864,3195123.85411866
192,8,"C","transition",3400000,630000,2770000,616169.961791599,477454.63308615,747782.66024029,2778714.86874312,2460028.00576093,3095107.98238417
192,8,"D","transition",3e+06,670000,2330000,659793.896456629,535221.037800417,774394.185638603,2334354.39278527,2028061.90735453,2638782.25368267
204,8.5,"A","transition",2200000,820000,1380000,719441.778229045,489149.54135678,974998.526039375,1479923.40423513,1215543.78491779,1719189.6061844
204,8.5,"B","transition",3e+06,790000,2210000,717219.400612106,420608.076593985,1002963.50305193,2280026.2995649,1936119.38938868,2631454.18179579
204,8.5,"C","transition",3e+06,990000,2010000,977154.479406243,840195.761796963,1106056.78530697,2013784.1142064,1698658.37078371,2332835.23280209
204,8.5,"D","transition",2300000,810000,1490000,801190.879324539,676853.959217288,918586.531674296,1488126.48348445,1182532.59810357,1796468.4651614
216,9,"A","transition",1390000,730000,660000,605665.244289517,314988.663749682,900480.431089879,783417.118340054,475273.205211761,1077682.1509261
216,9,"B","transition",1240000,780000,460000,739419.819136785,427763.384963341,1061411.03873084,481310.582323152,54088.2804935492,857287.439995147
216,9,"C","transition",1080000,730000,350000,729805.832752846,590364.088460156,866261.660814516,272681.502914302,93.5622029570581,622851.605777481
216,9,"D","transition",1630000,830000,8e+05,821983.925442617,700363.178029936,938876.708178626,785482.823425286,477525.151926091,1093140.09729459
240,10,"A","equilibrium",940000,670000,270000,756639.555315311,591503.422253143,894824.564626163,188129.041304315,50909.1939459354,359588.663486371
240,10,"B","equilibrium",950000,7e+05,250000,744210.731638381,556566.52775251,922045.350664493,239976.106439077,73503.4965521408,454236.696847272
240,10,"C","equilibrium",730000,610000,120000,617792.109280665,508001.247940062,735022.411999807,179219.262459061,30590.386456454,398215.378433597
240,10,"D","equilibrium",9e+05,730000,170000,743109.437760054,642937.174367774,851761.601321953,192870.038225362,37268.1290092191,414740.755913945
264,11,"A","equilibrium",1010000,860000,150000,834213.302070522,684554.46868684,971486.594285423,182647.124257892,53087.2182471061,333251.73308215
264,11,"B","equilibrium",970000,790000,180000,788645.659218039,600569.058239244,972332.617402012,226197.309864482,69498.2419397164,437061.305933245
264,11,"C","equilibrium",1050000,730000,320000,741631.94339616,624949.915018338,863304.888098254,282100.99054327,70769.3526553916,542566.282420992
264,11,"D","equilibrium",1020000,790000,230000,800895.73945518,699091.639991277,909021.139634107,225157.421639757,45825.1040910719,469945.965241472
288,12,"A","equilibrium",1070000,830000,240000,854102.569104333,694101.922001879,1003754.48383199,219267.002020907,72274.8568125321,386038.694068878
288,12,"B","equilibrium",1140000,8e+05,340000,851193.564492505,647751.933750185,1047706.77234331,300830.117001268,105676.745754662,537851.786404756
288,12,"C","equilibrium",1e+06,790000,210000,788051.965213181,668037.658519183,905672.391696407,226492.054812052,45838.1926352194,465043.890548403
288,12,"D","equilibrium",1180000,890000,290000,895754.474775145,789707.293024193,1008120.41551893,261891.450386698,62033.9349393886,512409.07901847
300,12.5,"A","equilibrium",1500000,1190000,310000,1153977.57822737,943947.530667546,1347816.94861215,344762.113661304,144288.54368451,561970.048998905
300,12.5,"B","equilibrium",1420000,1260000,160000,1179764.51197609,960001.662293519,1380919.95323934,267155.852327089,82079.8514849568,510245.832857679
300,12.5,"C","equilibrium",1250000,1110000,140000,1084225.07735998,955237.141166268,1198918.75847468,201597.672179728,39272.3455982465,430322.713625677
300,12.5,"D","equilibrium",1160000,1010000,150000,997963.73126782,885608.696004833,1102219.39487046,196072.86065144,36627.6793129209,420127.748972246
312,13,"A","equilibrium",1070000,860000,210000,851686.643446503,688628.447827994,1013672.76151787,222560.08782016,65532.022303769,386248.984594069
312,13,"B","equilibrium",1010000,1030000,-20000,900721.739661408,712776.705390376,1085688.34758396,185346.035858052,52451.1852369829,377008.410962445
312,13,"C","equilibrium",780000,1010000,-230000,946326.560747188,802243.63735454,1055984.58779601,99631.1353692612,14192.0475092541,249715.337400472
312,13,"D","equilibrium",930000,870000,60000,860561.714964896,753189.685199081,962432.833908239,158582.03902895,26842.5600059871,362491.216174296
324,13.5,"A","equilibrium",1660000,1280000,380000,1266120.83910229,1064419.27961729,1476459.10464749,391018.065314195,176040.373993525,602518.110308368
324,13.5,"B","equilibrium",1810000,980000,830000,1087949.62795684,844357.697674272,1347244.04786432,680143.799174325,384402.532448982,976756.089244714
324,13.5,"C","equilibrium",820000,980000,-160000,925107.811311812,784259.104779293,1035268.72312721,113212.695013686,16520.7359058802,279280.188141772
324,13.5,"D","equilibrium",1100000,970000,130000,958737.058265141,847259.998048884,1063645.04643078,188419.000996581,35516.0972611992,409906.909471321
336,14,"A","equilibrium",1410000,1150000,260000,1115341.47232979,940379.793888665,1304389.12075139,294919.995054482,106440.723750014,477554.418775548
336,14,"B","equilibrium",1380000,1200000,180000,1132885.06346406,918032.552912083,1333713.44809562,271337.438870621,85012.7117127867,504582.154035092
336,14,"C","equilibrium",860000,640000,220000,654299.403348026,542199.202022477,773103.367146655,220422.194116674,42245.9126173776,461127.37308948
336,14,"D","equilibrium",970000,8e+05,170000,806545.772505753,703273.817759364,912485.485154626,196399.026271072,37798.8927258799,420175.304373566
348,14.5,"A","equilibrium",1360000,1160000,2e+05,1112281.0243576,933780.538883715,1289268.27953771,249500.905183286,73000.2031858296,433643.82232821
348,14.5,"B","equilibrium",1410000,860000,550000,956710.968257526,736898.891689809,1186581.90378556,434000.22974167,184506.018178294,698581.38703476
348,14.5,"C","equilibrium",740000,530000,210000,556040.803518151,451160.615085446,676122.034113888,209886.707323618,42107.9095567185,445547.025868692
348,14.5,"D","equilibrium",1250000,890000,360000,898326.720374054,790211.6552836,1011751.29759905,306642.866323395,84186.5191354234,573706.094295268
360,15,"A","equilibrium",1380000,1040000,340000,1045113.25573663,864633.092864451,1230202.33589667,334008.903350815,143382.282384766,523547.230130651
360,15,"B","equilibrium",1100000,950000,150000,904616.850419869,700671.674839784,1093168.86656561,235813.584957608,71467.237645844,455253.735487765
360,15,"C","equilibrium",1020000,840000,180000,831738.316492089,710748.965136719,945987.289092117,213317.842301204,41896.5217760092,454530.844479154
360,15,"D","equilibrium",910000,750000,160000,759500.712860141,658565.089555655,867142.393438556,191623.547827345,35310.1486625041,413452.744160268
372,15.5,"A","equilibrium",1430000,1250000,180000,1153619.50440953,975607.862579701,1338172.22426378,278289.726106514,93998.8186815077,459756.061276383
372,15.5,"B","equilibrium",1410000,1270000,140000,1182745.12491487,970921.084724325,1374748.81731351,256231.300755735,80444.8334004292,483531.298005324
372,15.5,"C","equilibrium",1e+06,7e+05,3e+05,712513.630913972,596598.069273704,834041.584064499,268756.034916891,64125.8022444274,525036.475025823
372,15.5,"D","equilibrium",990000,1020000,-30000,991914.806193856,878737.720828188,1089778.90755098,135009.267385447,21658.8062637557,316641.577799207
384,16,"A","equilibrium",1580000,1310000,270000,1270438.08968795,1064351.71122403,1443844.58039472,308699.814689432,131654.807172981,521005.476371309
384,16,"B","equilibrium",1740000,1200000,540000,1237014.92348019,993391.80509509,1475362.78562835,477276.031699075,211830.856799731,763046.585086816
384,16,"C","equilibrium",920000,8e+05,120000,789551.733384489,668876.116484665,904214.708134503,188981.895039319,34596.4536733644,411706.267984495
384,16,"D","equilibrium",760000,910000,-150000,876486.315572809,756909.775112862,975866.326499031,108014.665116,15142.0232589664,271654.796756095
396,16.5,"A","equilibrium",1560000,1090000,470000,1094574.50384078,876986.157936558,1307463.49686915,461844.650901418,240063.058415455,683923.993688316
396,16.5,"B","equilibrium",1360000,1360000,0,1204704.4975736,1001190.81932138,1398745.52288776,210795.40739724,61119.7089900543,419942.66948398
396,16.5,"C","equilibrium",840000,750000,90000,740324.649504448,621384.886045605,852882.25941093,174707.760127195,30349.077470532,388618.533547183
396,16.5,"D","equilibrium",970000,970000,0,947538.249362828,832698.12836445,1047393.89204906,142329.842724416,22792.0857605256,332928.50143978
408,17,"A","equilibrium",1740000,1050000,690000,1106288.97346728,898548.30894605,1322916.02961479,628224.648545733,400566.3904979,844002.610447275
408,17,"B","equilibrium",1390000,1310000,80000,1190948.00561889,975848.027597211,1385700.22729319,239145.81377235,69988.2698246721,469380.458475468
408,17,"C","equilibrium",910000,690000,220000,697482.302164485,581110.644244218,818873.728279542,226894.998416278,47116.4464974993,465954.963575968
408,17,"D","equilibrium",760000,660000,1e+05,675101.764246275,575924.070246451,782810.607777388,164163.749638109,27572.2423696751,371310.466359419
420,17.5,"A","equilibrium",1430000,990000,440000,1013512.54580156,836687.131876883,1207741.33742416,413681.615729375,211042.631040427,597989.267667335
420,17.5,"B","equilibrium",1770000,1e+06,770000,1097092.50958649,853049.99334597,1346830.46656997,634533.799997525,347759.895203723,932499.731192649
420,17.5,"C","equilibrium",820000,1010000,-190000,950610.192433589,810199.522179236,1059918.7640062,107124.541322814,15541.3622614843,262264.438410964
420,17.5,"D","equilibrium",880000,650000,230000,677223.534501915,580735.712617921,789048.151229113,216003.793037994,44111.3617175361,455124.949085961
432,18,"A","equilibrium",1790000,1110000,680000,1145251.68672461,941609.013923257,1376267.4893147,638950.029776768,397032.41010364,852443.7955544
432,18,"B","equilibrium",2e+06,1140000,860000,1226101.87558248,974807.157976282,1489773.16406695,729395.46574173,425952.673620218,1035086.74905605
432,18,"C","equilibrium",560000,4e+05,160000,443396.709875307,344267.218298985,563322.34019905,179400.31786612,31394.027684605,399406.175254939
432,18,"D","equilibrium",1100000,1010000,90000,993551.679775929,879162.139531771,1096158.6894234,172186.65680403,31250.3648451395,381950.231080865
456,19,"A","equilibrium",2310000,1250000,1060000,1314588.91942104,1093986.03644067,1517875.45045717,987945.706657213,770496.541443045,1216653.51147883
456,19,"B","equilibrium",1850000,1070000,780000,1161213.98540325,912469.265214012,1421136.33451653,646741.701356244,346769.461689042,950780.337024923
456,19,"C","equilibrium",840000,640000,2e+05,651982.801603889,539504.064422229,772355.756868167,211652.972383511,41998.5329255827,444474.298174365
456,19,"D","equilibrium",770000,1050000,-280000,992548.642730103,861636.971730119,1093019.2752335,89172.0980024901,12477.9590192943,230850.187737979
480,20,"A","equilibrium",2310000,1250000,1060000,1304969.06481568,1067918.53351005,1524497.19098935,997490.796751465,762205.524598068,1243874.64571604
480,20,"B","equilibrium",1850000,1070000,780000,1158830.33457549,906263.139097083,1415210.00439525,651375.278015326,351573.342353411,953689.162182238
480,20,"C","equilibrium",840000,640000,2e+05,650372.841134815,538672.929589614,766419.356992432,214443.546645062,41740.6048614566,444080.749312387
480,20,"D","equilibrium",770000,1050000,-280000,991374.918849804,859034.772758192,1093021.80852463,90184.3753881513,12944.6711925283,232013.752706324
504,21,"A","equilibrium",2e+06,1480000,520000,1433581.34600122,1226455.3555952,1659141.6399394,561258.727797803,323942.686832698,774614.208375974
504,21,"B","equilibrium",2060000,1450000,610000,1461187.37649342,1202170.40682256,1718018.71844409,566141.283943771,275569.283557834,873794.529443866
504,21,"C","equilibrium",1220000,870000,350000,872669.061596955,748456.494359826,996857.944407331,309073.906390047,82190.9751032696,578784.308795486
504,21,"D","equilibrium",8e+05,910000,-110000,881075.439092628,767605.243357648,981764.035518184,115249.015118452,17335.4805799925,281191.522199025
528,22,"A","equilibrium",2110000,870000,1240000,1010603.54448481,810069.932007041,1215697.26127371,1091569.11641854,874339.161770239,1304501.00970785
528,22,"B","equilibrium",1860000,980000,880000,1093733.47628458,842579.227011606,1357863.72631142,721705.887676634,418746.837167714,1027740.71819815
528,22,"C","equilibrium",910000,670000,240000,681886.42701524,570333.858990349,802873.778121161,232965.193938091,49720.4734262327,478980.514867086
528,22,"D","equilibrium",1140000,790000,350000,808020.309341452,705727.689591681,921628.070738173,291157.939944428,76150.5601905071,542597.35558882
552,23,"A","equilibrium",1520000,980000,540000,1046964.34609516,850369.885130602,1258097.5040753,468704.457740777,253028.482530497,673881.300702901
552,23,"B","equilibrium",1420000,1080000,340000,1083477.66634477,861714.408818502,1291266.93083479,337335.493346151,124423.667850014,592948.763123094
552,23,"C","equilibrium",880000,790000,90000,776927.947061684,657460.596257549,889958.952623304,174628.175482482,30116.3519806964,391317.273058082
552,23,"D","equilibrium",880000,850000,30000,839420.034094732,731031.859955853,942019.104829148,147642.877895774,24571.3016062955,338955.346782323
600,25,"A","equilibrium",1620000,1090000,530000,1159065.16285815,942352.980771969,1417023.55737765,456439.751844413,199666.591881868,683275.04898868
600,25,"B","equilibrium",1730000,990000,740000,1087377.61080708,842183.136184158,1342902.91388577,605593.168450778,315794.984779943,900648.372650411
600,25,"C","equilibrium",1030000,770000,260000,773442.045649971,654748.030731555,893449.909082496,249420.985872702,54574.3162000984,504215.023902663
600,25,"D","equilibrium",1170000,840000,330000,851331.518690869,746231.947247386,962419.118072604,285190.64589985,72396.2253166075,542278.956035716
624,26,"A","equilibrium",1950000,1260000,690000,1279289.8522024,1069843.14680954,1490861.16808308,664369.086886251,442969.472482555,884517.01415837
624,26,"B","equilibrium",1830000,1020000,810000,1116116.72982108,871236.779435274,1365994.8403786,672079.888817918,373859.158751097,972893.398762525
624,26,"C","equilibrium",1010000,670000,340000,686993.748940947,573972.746267488,811367.007287525,292667.457728468,72911.0153910438,566875.761934134
624,26,"D","equilibrium",850000,1120000,-270000,1058874.02811935,926093.845521294,1159425.03976662,90780.9073229247,13590.2011627155,231098.120766342
648,27,"A","equilibrium",1860000,1260000,6e+05,1282748.25511973,1056922.24898459,1491226.29917271,571696.495472548,353627.604557355,807581.423423711
648,27,"B","equilibrium",1950000,1240000,710000,1291589.20206135,1037823.72316217,1542917.41699648,620914.508194584,331899.552469182,924215.115533995
648,27,"C","equilibrium",820000,940000,-120000,894111.837994408,760178.445494617,1005598.71231493,120619.042656605,17950.7560146623,294881.311771245
648,27,"D","equilibrium",9e+05,1e+06,-1e+05,965543.83384318,844579.737636397,1065460.64792335,120779.006336485,17793.4949470034,295158.949468902
672,28,"A","equilibrium",2190000,1430000,760000,1417983.08866788,1213819.52918454,1649312.91093653,765624.404695177,522006.429541343,980305.145421771
672,28,"B","equilibrium",1590000,890000,7e+05,1000641.07674024,761151.448367273,1249277.03360293,557072.304084706,272568.914142372,848561.525372898
672,28,"C","equilibrium",9e+05,830000,70000,812226.720892243,690198.004302552,925641.762086222,168777.803188902,29599.3639852251,376712.139358711
672,28,"D","equilibrium",1110000,720000,390000,747147.560433107,645598.837983244,867677.274182805,313858.109852376,87635.870680679,579354.708934306
696,29,"A","equilibrium",1520000,1030000,490000,1095560.22302134,882238.555667168,1309699.33375731,420710.599914005,207239.297995341,638980.136515616
696,29,"B","equilibrium",1600000,1320000,280000,1276749.06702498,1052766.31573074,1486468.74217888,327295.34835182,114471.726354127,575592.091136682
696,29,"C","equilibrium",1020000,730000,290000,738394.218944602,623704.169290736,859000.663334864,266751.033956594,62891.7420021567,523910.439416416
696,29,"D","equilibrium",1050000,960000,90000,946882.526083351,837810.02836888,1051183.64968096,170624.850873178,28840.5476417477,382909.535611236
744,31,"A","equilibrium",1930000,1270000,660000,1274969.3576467,1076608.90564356,1502710.31390695,648752.000648244,408463.194929215,857173.806171425
744,31,"B","equilibrium",1610000,1250000,360000,1238643.12240152,1006710.48298879,1458332.58191137,364903.65635414,136645.826500565,631785.495245578
744,31,"C","equilibrium",8e+05,660000,140000,663824.878081303,550899.209380714,780630.136954874,190018.177190098,34823.3269990038,412472.548284912
744,31,"D","equilibrium",1050000,830000,220000,836380.119358518,730891.714029537,944183.937213506,222292.288555807,46666.8474932248,463121.166774352
792,33,"A","equilibrium",1500000,1280000,220000,1223090.5405835,1023756.83716647,1387180.46261511,277328.330105204,110384.511719947,482996.677501365
782,32.5833333333333,"B","equilibrium",1650000,1250000,4e+05,1249561.24279299,1018509.32643727,1472057.81296855,389347.446498029,153289.137669208,657837.980532373
792,33,"C","equilibrium",940000,550000,390000,583153.493568423,475717.216482037,712128.743093993,314574.764860423,85951.808765625,583804.766712612
792,33,"D","equilibrium",1050000,930000,120000,921595.563553597,809779.896573135,1025067.76226571,180045.486496781,33240.7750032025,395374.571449153
840,35,"A","equilibrium",1820000,1420000,4e+05,1391785.16817211,1171514.84692046,1598441.37819176,424689.863519504,209689.147204882,653692.606357144
840,35,"B","equilibrium",1570000,1300000,270000,1254823.31687314,1021130.92743923,1463982.82918536,321035.008179298,110669.389269837,585227.728150218
840,35,"C","equilibrium",730000,480000,250000,516044.409769115,410200.307892854,641282.834611883,226139.426433059,47325.8925021874,471275.312662841
840,35,"D","equilibrium",1060000,9e+05,160000,896303.265794261,788797.441801049,1001782.49019437,198417.127554195,38069.2464171339,429891.447947388
888,37,"A","equilibrium",1910000,1480000,430000,1438282.2643228,1226037.19218821,1657657.15068909,467480.083113655,237844.62934033,688860.236678206
888,37,"B","equilibrium",1340000,1600000,-260000,1292636.12053984,1090300.33464832,1502864.10341355,157032.528760601,40926.9821038421,330781.105746667
888,37,"C","equilibrium",680000,740000,-60000,715210.934197084,594202.843101667,824309.591240404,129930.143377328,20975.1480298775,314217.426237113
888,37,"D","equilibrium",820000,870000,-50000,850597.178411841,739417.073228639,951106.673840783,127734.115072688,20040.8939674595,304177.739320195
936,39,"A","equilibrium",1610000,1480000,130000,1331068.64922052,1138839.84255826,1527186.06107324,281187.163491113,85260.3494680582,476158.642625087
936,39,"B","equilibrium",1920000,1360000,560000,1379074.77238803,1127999.89370591,1620499.58480775,512100.446019139,235666.822017468,807072.044182136
936,39,"C","equilibrium",570000,730000,-160000,693956.915653975,567437.728403373,800344.940926521,108728.982237888,16531.9972884917,272980.56289842
936,39,"D","equilibrium",930000,1100000,-170000,1052277.95434749,925201.639177729,1151241.27475623,106242.384179641,15630.6316683067,264958.513985379
984,41,"A","equilibrium",1610000,1260000,350000,1241714.48221322,1035058.80830351,1429063.39665795,365698.92361408,170354.385163088,579501.500101935
984,41,"B","equilibrium",1340000,1120000,220000,1079968.94820789,865538.818945803,1281509.78137322,279406.872912469,90095.4430302539,518288.610876697
984,41,"C","equilibrium",860000,1010000,-150000,956189.306013437,819378.505807042,1065249.47488055,113233.139467525,16710.7183212208,281059.482039546
984,41,"D","equilibrium",1210000,1070000,140000,1052896.62745895,935013.422289154,1155974.91310533,194655.837583589,36764.2489179036,419746.169883329
1032,43,"A","equilibrium",1820000,1280000,540000,1242636.95463106,1014280.99804007,1483898.11000296,572426.708224778,321835.329063061,806007.231389362
1032,43,"B","equilibrium",1380000,1580000,-2e+05,1305966.70464382,1105055.65492387,1508531.15897457,169677.567761585,45496.7551219201,351136.250116537
1032,43,"C","equilibrium",710000,960000,-250000,894718.374030425,749891.573874817,1007365.78932479,97293.0418143986,14045.0117020649,250023.998990585
1032,43,"D","equilibrium",1710000,1140000,570000,1138921.56125073,1025413.63553967,1252925.30527914,483242.54606009,204415.156240101,768059.089579881
1080,45,"A","equilibrium",1830000,1560000,270000,1464414.46307325,1281018.80111524,1667599.03023986,363535.743030839,156673.724013895,553098.154133488
1080,45,"B","equilibrium",1360000,1250000,110000,1152717.43272123,941950.456597168,1348271.04580959,244634.203306143,75820.5205300123,471394.859042059
1080,45,"C","equilibrium",930000,710000,220000,715411.73913345,596879.983663573,835884.173861452,227427.789963495,45864.9618177796,468334.935928358
1080,45,"D","equilibrium",1040000,910000,130000,904082.133208421,797102.127974057,1007294.28076198,182871.883180883,33700.8189131342,396676.059260476
1128,47,"A","equilibrium",1800000,1300000,5e+05,1296505.22168352,1094558.79269801,1506596.49843294,498717.688415552,276611.049794229,705441.543249009
1128,47,"B","equilibrium",1650000,1560000,90000,1426485.08369023,1205435.15109207,1629618.33334738,255500.943762001,77721.6591180718,480410.841401996
1128,47,"C","equilibrium",940000,770000,170000,767311.669333822,650628.331974443,885033.335623754,204774.47262404,40898.6094800409,437785.282988631
1128,47,"D","equilibrium",1e+06,940000,60000,925046.356881284,813684.531108066,1025882.24642701,160465.476622849,26979.0922651894,359953.111037424
1176,49,"A","equilibrium",1730000,1690000,40000,1530169.94083128,1335900.99176178,1680755.2352608,203701.115296203,57054.4754353535,401500.549387132
1176,49,"B","equilibrium",1750000,1380000,370000,1359573.98528267,1123780.70309177,1587207.10679149,381219.419805594,140872.051229636,651743.662077522
1176,49,"C","equilibrium",920000,1020000,-1e+05,971367.675514383,835582.860321821,1081727.47163284,128486.98948064,19045.9804436111,310371.986563293
1176,49,"D","equilibrium",1040000,790000,250000,802567.107441577,699952.819075442,911921.161523409,234459.036609326,50569.5870666903,476287.498921086
1224,51,"A","equilibrium",1630000,920000,710000,987702.802421219,798283.940774453,1220502.88073491,636999.059753344,390847.182849949,832294.888288112
1224,51,"B","equilibrium",1340000,1060000,280000,1048254.70256002,828818.899059296,1254707.6435102,303513.307384442,98712.9645445569,554547.807209986
1224,51,"C","equilibrium",840000,650000,190000,658420.845499656,547217.180268969,773527.786702892,210628.974777121,41657.8974925432,443992.703807481
1224,51,"D","equilibrium",880000,850000,30000,839696.719563448,732226.141392899,941537.65022603,146759.379380183,24940.8709923327,336744.909113665
1272,53,"A","equilibrium",1840000,1210000,630000,1266273.96860987,1023757.95287425,1500372.30746469,568117.201372836,333560.477382581,819594.439296972
1272,53,"B","equilibrium",1540000,1150000,390000,1160104.1736923,934447.323272437,1379376.13386537,371216.810751376,138898.846436854,632601.667271622
1272,53,"C","equilibrium",830000,790000,40000,771055.365616488,646224.885867154,882125.529030184,157943.313311346,26694.5325149093,359359.524262885
1272,53,"D","equilibrium",1210000,1060000,150000,1044868.2280967,929037.881521049,1149443.86893196,196375.806719853,35622.6708218701,422858.161227035
1320,55,"A","equilibrium",1520000,1200000,320000,1174698.3267376,995159.36515181,1361778.44574831,343832.891533497,149900.413456072,535378.570275708
1320,55,"B","equilibrium",1270000,1580000,-310000,1247689.79243264,1049290.9682103,1461557.35016675,144837.645207747,37480.2037257244,309907.260310731
1320,55,"C","equilibrium",1050000,740000,310000,749025.771354014,634178.871644147,872643.622980584,279230.795339966,66405.0813539155,539282.630032545
1320,55,"D","equilibrium",1240000,980000,260000,977659.221326019,863903.70267386,1088244.57583161,248625.265312766,54467.0162185426,502897.036022246
1368,57,"A","equilibrium",1450000,1650000,-2e+05,1337568.91962009,1195191.38716724,1453676.43640755,127396.459518898,35384.5021685582,271825.022712933
1368,57,"B","equilibrium",1670000,1250000,420000,1252252.7584086,1004833.51578566,1482490.68358543,403533.055795109,157816.489499969,684688.812494212
1368,57,"C","equilibrium",720000,860000,-140000,816773.660034944,687643.885590039,925257.001005476,114887.231714872,17292.39384751,280691.273120247
1368,57,"D","equilibrium",1160000,820000,340000,835108.313374773,730391.784395348,948868.24201991,286901.545216385,72232.3430175577,546901.705851027
1416,59,"A","equilibrium",1700000,1600000,1e+05,1429574.35049883,1202407.21994249,1609444.86214643,272942.020692818,97146.8291277367,499403.905838731
1416,59,"B","equilibrium",1570000,1510000,60000,1366043.86943166,1150597.96907834,1565506.33952471,243428.801195194,73329.5430966952,472881.344251099
1416,59,"C","equilibrium",880000,850000,30000,826327.439312736,701397.821678722,935531.747189595,156459.391918551,26169.868680124,365436.383592509
1416,59,"D","equilibrium",1100000,9e+05,2e+05,898832.19566345,791217.063942502,1005189.42516995,217598.366808003,43537.1833221313,457380.66207719
1464,61,"A","equilibrium",1750000,1330000,420000,1294897.15118635,1099272.37403778,1505454.85403631,451278.525545057,231415.173730077,654602.432360419
1464,61,"B","equilibrium",1950000,1430000,520000,1435222.50167879,1181994.36434701,1683580.59426415,488914.03449254,219184.287772648,781950.472810432
1464,61,"C","equilibrium",920000,610000,310000,632509.301782784,519937.653313163,759156.329719149,268502.106032025,65209.920330592,524226.889537582
1464,61,"D","equilibrium",1370000,990000,380000,992028.534904998,881233.456135702,1104086.77004283,326973.516330732,95511.5696531926,592775.728196962
1512,63,"A","equilibrium",1560000,1080000,480000,1099790.98755738,908306.159552479,1314632.5762314,456222.336071289,229942.469594635,653736.244410677
1512,63,"B","equilibrium",1600000,1360000,240000,1297961.4199167,1072558.03044723,1508273.89743641,311124.111188571,106035.721783679,556554.522761601
1512,63,"C","equilibrium",960000,770000,190000,767598.329765727,648676.109723879,885506.887280607,216048.120861614,45437.6481508621,453123.146435092
1512,63,"D","equilibrium",1270000,1040000,230000,1032118.15988708,921621.714706689,1136198.13311791,235463.246222707,48804.9469844068,476347.124072348
1560,65,"A","equilibrium",1530000,1150000,380000,1162065.53122078,951325.245332855,1376477.78348278,365227.614977874,149811.645330883,582702.680855029
1560,65,"B","equilibrium",1660000,1090000,570000,1143364.5429653,899933.593005262,1380468.29440118,489900.650352212,222766.101114808,780940.540657134
1560,65,"C","equilibrium",1040000,690000,350000,705105.92275932,588862.387877105,829349.334365547,299539.14025099,77247.0720933801,562046.747307359
1560,65,"D","equilibrium",1120000,980000,140000,968726.570648679,857441.080576072,1073081.89357603,191565.407456497,35780.3152227998,412321.56019985
1608,67,"A","equilibrium",1710000,1180000,530000,1209643.8713854,978376.172105932,1420830.38495046,495736.834768691,282067.999541447,735153.378422989
1608,67,"B","equilibrium",1810000,1120000,690000,1190039.18764736,947854.751422241,1439747.79022423,584779.742099992,300040.39321674,877144.30254788
1608,67,"C","equilibrium",1020000,850000,170000,840901.787431832,720400.919016717,955265.967951663,209310.883139795,41308.8242324646,443063.157459458
1608,67,"D","equilibrium",1110000,950000,160000,943057.951675997,835609.701475474,1048342.1310047,197885.761852651,37214.6287688954,425619.049740623
1656,69,"A","equilibrium",1510000,1350000,160000,1250378.04634823,1047497.58256531,1424105.33333803,261506.294857738,89687.5452933399,467482.138310723
1656,69,"B","equilibrium",1590000,1260000,330000,1240674.97935217,1009534.34343478,1460235.40337502,347827.43184483,125017.834828853,615110.341327304
1656,69,"C","equilibrium",940000,640000,3e+05,658557.70475641,545777.073430157,781057.954263034,264252.210429843,60837.6377674117,524866.687355546
1656,69,"D","equilibrium",910000,930000,-20000,908827.036231184,796269.752609573,1009202.58819257,136491.676389397,22121.0210795995,321737.073689792
1704,71,"A","equilibrium",1680000,1380000,3e+05,1338281.22338798,1121185.93769915,1523910.53671586,339719.456173602,150258.048407075,561355.654763076
1704,71,"B","equilibrium",1660000,1260000,4e+05,1257781.33001246,1016176.65181353,1484229.96143864,390985.57098893,152903.592001859,668511.863322895
1704,71,"C","equilibrium",770000,8e+05,-30000,775122.868129438,650385.991578202,885480.966964876,136973.700180088,21573.6777298195,321405.746249111
1704,71,"D","equilibrium",1190000,950000,240000,948846.831241322,838979.103809849,1059059.17578668,235548.715345558,52783.1719156402,474404.815217795
1752,73,"A","equilibrium",1550000,1300000,250000,1271007.67147572,1060822.77438548,1439617.17800322,278649.307695608,109010.711393906,493883.934461656
1752,73,"B","equilibrium",1380000,950000,430000,997799.906805542,777280.104406349,1213809.49538065,374690.45804712,143993.74130701,634268.053131588
1752,73,"C","equilibrium",9e+05,960000,-60000,919841.901566616,786273.434167912,1029697.00334221,133819.515147061,20969.510850134,319935.298564672
1752,73,"D","equilibrium",970000,820000,150000,821543.738699577,718816.874889533,926246.352411469,191198.215989194,37528.3326281912,414958.527684105
1800,75,"A","equilibrium",1500000,1240000,260000,1189084.65948162,970094.336660466,1385708.71535875,310635.32273878,110324.41174967,534677.732255497
1800,75,"B","equilibrium",1540000,1370000,170000,1283884.9532708,1064822.93315781,1487631.08176858,278238.526889529,88393.0264248325,519160.385449368
1800,75,"C","equilibrium",850000,690000,160000,691819.374217834,576107.312947559,807367.510134334,198364.172653677,38430.8427773901,432097.840028104
1800,75,"D","equilibrium",9e+05,950000,-50000,924485.697443541,809736.449763684,1024760.81995548,130166.08368725,21184.3221566921,310995.703626064
1848,77,"A","equilibrium",1720000,1390000,330000,1347551.0254999,1129250.57365592,1543143.14082584,369977.34701003,170533.021710876,592470.523078796
1848,77,"B","equilibrium",1330000,1190000,140000,1110953.08982321,899792.04111632,1305131.14351564,251822.560329935,77864.2247458383,480412.408290807
1848,77,"C","equilibrium",8e+05,8e+05,0,777121.965284883,655054.751309885,885727.546961606,145992.861743137,24276.3604283278,339391.505678335
1848,77,"D","equilibrium",1140000,1160000,-20000,1124191.14212494,1005599.29811394,1225046.21235992,140311.273956346,23134.6369546357,326168.236292177
1896,79,"A","equilibrium",1450000,1150000,3e+05,1119421.84621505,911282.973374237,1305907.90616322,329560.586069616,139539.043799022,539897.408229815
1896,79,"B","equilibrium",1470000,1120000,350000,1120419.28309205,898526.555676258,1338017.27335766,348015.712741431,125503.907472643,605546.522632857
1896,79,"C","equilibrium",960000,610000,350000,634655.571408755,523965.971101287,758263.064873586,291853.726063895,76273.2009383425,551569.021581625
1896,79,"D","equilibrium",1190000,940000,250000,939260.413860947,828948.517823725,1047707.81281176,243204.277996274,53276.6383860335,488345.995453406
1944,81,"A","equilibrium",1730000,1370000,360000,1365843.09829549,1123574.10476045,1638857.34302002,361472.73047846,91075.5936589571,613970.714117685
1944,81,"B","equilibrium",1400000,1310000,90000,1199143.9627978,987243.693468406,1392759.56629892,239464.576736953,71313.7763988111,467576.195478491
1944,81,"C","equilibrium",1020000,730000,290000,738534.706661225,622409.416676378,860003.794327738,265765.975386993,62425.2502724583,523158.466197781
1944,81,"D","equilibrium",1160000,890000,270000,894587.435969736,789253.14061042,1005245.90300894,250804.121549711,56523.0974706496,498844.957665241
1992,83,"A","equilibrium",1770000,9e+05,870000,999827.591097358,822768.152407137,1223392.39449122,763525.926571847,526188.915854018,951720.511267156
1992,83,"B","equilibrium",1600000,1080000,520000,1127683.64724092,889747.463695078,1364916.45327495,450768.804409156,189848.714471213,735076.300267824
1992,83,"C","equilibrium",1e+06,820000,180000,813057.193580508,693835.683173485,930146.988306753,213052.220733164,42626.5321600382,452401.454239187
1992,83,"D","equilibrium",1200000,820000,380000,835500.932365358,730928.083098821,951344.524798423,315832.972052337,87579.0499815518,584720.350434758
2040,85,"A","equilibrium",1540000,1160000,380000,1146570.77050747,962646.063457924,1347924.27572141,391024.199435462,181928.146253781,584379.519149343
2040,85,"B","equilibrium",1500000,1080000,420000,1107110.53576549,874784.098446991,1328450.39183163,383868.822707347,149487.30346151,661227.091888087
2040,85,"C","equilibrium",820000,690000,130000,690175.913099385,575410.964481736,804383.110766381,186515.195096304,35037.025114925,408493.988958558
2040,85,"D","equilibrium",860000,860000,0,845417.543074249,736882.947629224,946929.329595532,139963.503442958,23256.8213132347,325544.807175244
2088,87,"A","equilibrium",1920000,1540000,380000,1516262.14540227,1287679.76727692,1702178.24978278,400263.277242836,205811.201693007,634179.18581597
2088,87,"B","equilibrium",2120000,1550000,570000,1555008.41608355,1298655.11166037,1803350.09846109,532868.918487478,253456.939114499,839346.15074108
2088,87,"C","equilibrium",950000,1100000,-150000,1040918.80050903,901700.122134429,1150853.43520404,117749.658237766,17635.2016511009,291696.42202538
2088,87,"D","equilibrium",1160000,1400000,-240000,1329923.43484298,1188339.08099729,1433953.27065884,97057.2439564561,14040.0437333133,244232.316342211
2136,89,"A","equilibrium",1520000,1040000,480000,1104825.44413205,882822.32517665,1306366.9508504,411052.448495448,205845.282035325,642131.506842371
2136,89,"B","equilibrium",1430000,1150000,280000,1128458.5685579,912869.199052229,1336895.4990563,310750.34427049,105091.947625638,554190.867708794
2136,89,"C","equilibrium",590000,9e+05,-310000,829906.142801179,686511.181760101,940155.203862345,88652.6383261048,12651.0786659503,224066.000917848
2136,89,"D","equilibrium",1070000,850000,220000,855276.827660532,748260.445634413,966638.615403227,222310.65161936,45708.7945188287,457915.051622578
2184,91,"A","equilibrium",1540000,1740000,-2e+05,1410640.92806804,1261928.49494941,1542617.98833749,143318.467856554,35090.4201766753,288404.296316841
2184,91,"B","equilibrium",1650000,1650000,0,1471115.58946315,1257575.33237483,1669083.45787962,226441.646030196,65472.4149859052,445262.277414373
2184,91,"C","equilibrium",1290000,890000,4e+05,892175.779011573,768547.188778101,1017628.31930686,347319.43203144,102432.221933944,627460.190141851
2814,117.25,"D","equilibrium",1110000,820000,290000,832077.071557669,727277.003695476,942852.296634342,258132.303083043,58696.9671717224,509115.568750471
2232,93,"A","equilibrium",1200000,1230000,-30000,1053466.36477038,901147.50494608,1181076.90625232,156793.931056847,41583.435445318,312043.91343291
2232,93,"B","equilibrium",1570000,1430000,140000,1327563.40668507,1103904.0996879,1527741.7407275,267125.293228614,81578.2613625718,509384.729457165
2232,93,"C","equilibrium",750000,710000,40000,700297.520876509,584798.841965976,811559.403848856,155818.505085362,25545.7931391876,358678.293457203
2232,93,"D","equilibrium",1010000,890000,120000,883750.931311779,776325.910014957,987799.662789558,180726.904225763,32104.7861880288,398540.201425857
2280,95,"A","equilibrium",1420000,1640000,-220000,1305224.19037347,1172043.88367228,1435356.74574072,130794.543104655,33758.0708647936,265090.460094962
2280,95,"B","equilibrium",1230000,1580000,-350000,1223853.56534166,1020486.46674238,1440502.80705111,139208.858502725,35384.4766309491,299967.300653661
2280,95,"C","equilibrium",820000,780000,40000,763125.275763206,646041.995990053,874762.208284458,157995.646834442,26117.5954469147,364043.961305595
2280,95,"D","equilibrium",970000,750000,220000,765092.990121651,663938.880656619,874819.076095142,216754.813153548,43023.5857506674,451706.903247829
2328,97,"A","equilibrium",1160000,1310000,-150000,1053273.67164218,913953.015524096,1167064.63735067,122857.514709481,28231.3549371911,262314.842325593
2328,97,"B","equilibrium",1680000,1180000,5e+05,1208664.19801616,967747.8584177,1441629.32334144,450631.462413264,193158.715056173,733419.309691472
2328,97,"C","equilibrium",860000,670000,190000,677338.877864539,566528.364297538,794153.900421294,210083.116830593,41064.8719328471,440196.901603987
2328,97,"D","equilibrium",1080000,1080000,0,1050450.82109612,929332.645827846,1152878.01219018,145060.507040667,24225.5665837677,339338.299025417
2376,99,"A","equilibrium",1350000,1530000,-180000,1239956.17190356,1091650.95541777,1354011.63381136,124740.58660964,33759.1743851251,269393.741994798
2376,99,"B","equilibrium",1650000,1190000,460000,1206074.91261868,968695.344443718,1439035.31480524,427345.623291654,173976.031070615,700793.604010324
2376,99,"C","equilibrium",790000,920000,-130000,872708.127746787,737412.93860765,984420.402989279,117635.232662573,17695.8001741597,288951.933668693
2376,99,"D","equilibrium",940000,980000,-40000,952545.407833728,836649.082767622,1052229.88355567,132669.697582972,21059.4783897867,312841.720423086
2424,101,"A","equilibrium",1700000,1300000,4e+05,1264529.21448155,1062201.3795243,1464990.24641768,432036.515831343,220289.704223665,640503.865822175
2424,101,"B","equilibrium",1890000,1660000,230000,1568708.33294977,1328402.20887992,1785893.89336365,326146.225468261,111654.176787662,595168.319894596
2424,101,"C","equilibrium",1050000,690000,360000,706508.882567339,591854.553798841,832632.74655488,306713.949947579,81076.7096616254,573569.340389833
2424,101,"D","equilibrium",1050000,1060000,-10000,1031190.35982971,913610.03399449,1132700.28025532,141273.492204744,23179.2087230354,331086.647748412
2472,103,"A","equilibrium",1710000,1480000,230000,1387549.98335651,1195924.94079669,1568615.11851392,321648.655858219,137224.849381613,519892.932496146
2472,103,"B","equilibrium",1370000,1160000,210000,1111197.24053792,894272.178085495,1310160.06212986,279113.04218824,87651.824455068,518252.487709719
2472,103,"C","equilibrium",9e+05,770000,130000,762690.970560613,641973.839426863,878626.838164285,188158.317392476,35027.0163819753,411391.200843888
2472,103,"D","equilibrium",910000,850000,60000,842457.870648501,734976.050028298,945056.53744723,158592.360961567,26462.7641939585,361425.013780609
2520,105,"A","equilibrium",1610000,1530000,80000,1375471.46577162,1204976.02707298,1536120.95560012,237678.576801367,81285.9141862042,412641.850780379
2520,105,"B","equilibrium",1720000,1110000,610000,1166556.3784261,922104.467974578,1404453.55664752,524456.85271666,251634.0719857,816251.151257003
2520,105,"C","equilibrium",820000,1040000,-220000,975052.540535302,830114.436961415,1087964.35713448,103820.234162838,15124.5344933618,259266.140437557
2520,105,"D","equilibrium",1e+06,1020000,-20000,992600.059426654,874335.11842663,1092607.77720128,137078.187992898,22102.8207647549,317794.434179171
2568,107,"A","equilibrium",1460000,1050000,410000,1074429.17729189,896787.131686775,1275113.61357134,382804.778585675,175660.738615204,568102.900153324
2568,107,"B","equilibrium",1580000,1140000,440000,1157827.86622408,923831.757943908,1381586.44317283,408337.102758786,163018.264909108,685871.96802599
2568,107,"C","equilibrium",950000,660000,290000,675662.439092848,562259.051617971,798315.295940226,260501.30420035,59832.5644308309,515566.50338667
2568,107,"D","equilibrium",970000,970000,0,947238.603016622,832531.073310284,1047058.76262969,142312.172715218,22953.4715529432,331579.12500013
2616,109,"A","equilibrium",1470000,1330000,140000,1231308.20693789,1051624.2518659,1395657.76672773,241447.633296825,80238.0130085537,423254.372183421
2616,109,"B","equilibrium",1410000,1180000,230000,1132436.17896963,915928.329657443,1338909.51308355,293197.714555399,96133.4232297573,537932.86482851
2616,109,"C","equilibrium",770000,770000,0,748456.649382377,627050.133657672,857252.829103602,146470.125273501,24604.7877606421,339219.754817633
2616,109,"D","equilibrium",1070000,1050000,20000,1023130.71172532,906132.818271894,1125472.27453603,150091.573979429,24961.4826937253,345838.831892902
2664,111,"A","equilibrium",1670000,1290000,380000,1274452.47571845,1077884.44899009,1480889.20143029,392777.070371685,183402.064567925,597359.906329019
2664,111,"B","equilibrium",1340000,1340000,0,1183383.93339182,976331.794038569,1376475.16768368,212690.09961415,61720.4143065636,428744.287555315
2664,111,"C","equilibrium",730000,690000,40000,681558.755580019,565109.269346689,795781.288521849,155667.613943251,26284.2788649257,357866.584582549
2664,111,"D","equilibrium",1140000,960000,180000,953226.6889506,840831.576341732,1058374.19226232,206878.16910782,41042.6455244426,440331.502510122
2712,113,"A","equilibrium",1600000,1110000,490000,1126082.93352057,872754.566805576,1344350.04587019,469925.434650758,242428.255354707,729541.715259276
2712,113,"B","equilibrium",1300000,1340000,-40000,1166729.69465417,969600.187215105,1358364.19299617,198463.83239338,55486.8064207222,398449.059576858
2712,113,"C","equilibrium",870000,860000,10000,834026.528245839,706028.301903341,945183.292732532,150321.162229346,25509.427173258,350199.452943498
2712,113,"D","equilibrium",870000,840000,30000,830541.880335965,724268.458343188,932206.957776692,147657.684799021,24342.79272396,343253.630181761
2760,115,"A","equilibrium",1510000,1370000,140000,1249121.45892634,1079805.73705706,1425260.03613116,263110.104510889,88636.6687640755,435472.525334034
2760,115,"B","equilibrium",1380000,1490000,-110000,1269565.30297941,1063860.49382729,1462322.3901344,185860.809637392,51148.2793090776,380790.541964654
2760,115,"C","equilibrium",810000,840000,-30000,810505.603459477,681861.926656602,920091.74519771,139120.932894475,21257.9632150178,328363.509672199
2760,115,"D","equilibrium",930000,7e+05,230000,720795.600474784,623253.366191606,831814.813894906,219057.636611578,44188.4986291387,454978.247944177
2808,117,"A","equilibrium",1530000,880000,650000,989881.077789609,792470.452188508,1187118.20979331,535187.170471475,328842.303104619,742766.500669966
2808,117,"B","equilibrium",1450000,1050000,4e+05,1076400.64721122,851136.079749459,1289981.46864613,366974.230412508,141265.979949595,630942.823187087
2808,117,"C","equilibrium",730000,540000,190000,562797.026653891,456023.541084157,682445.937207843,203112.841403645,38628.3371992162,436707.05434146
2808,117,"D","equilibrium",840000,830000,10000,819648.335956233,711546.441792832,921316.480260986,142332.394882887,22929.9766811305,334796.535996693
2856,119,"A","equilibrium",1800000,1190000,610000,1201107.21323371,988909.922373959,1441992.04124759,593114.358637714,341806.368494612,812687.65303621
2856,119,"B","equilibrium",1240000,1190000,50000,1071719.29382463,867888.216779157,1264545.82895331,219769.44331055,61501.3367478751,431422.125445662
2856,119,"C","equilibrium",930000,830000,1e+05,816884.111224027,691232.375082442,932618.904941005,178395.82369791,32256.4894814146,394879.979735027
2856,119,"D","equilibrium",890000,890000,0,874460.889932795,763174.133271297,976023.026008797,140370.345236522,23252.7398728842,330459.181770474
2904,121,"A","equilibrium",1620000,1060000,560000,1119031.20093476,898422.455208093,1326291.10492612,495876.92326567,281423.034796019,726307.695141308
2904,121,"B","equilibrium",1370000,1230000,140000,1145760.13919334,932469.10421036,1342595.98627121,256017.863391192,79683.5463026501,486906.216436828
2904,121,"C","equilibrium",850000,710000,140000,708865.504363146,589319.269983309,824574.992326422,191302.226721711,35421.7439061966,417042.416559343
2904,121,"D","equilibrium",1090000,990000,1e+05,975347.359004721,863228.594053221,1081464.34750302,176242.307184531,32386.7759622575,387504.386072079
2952,123,"A","equilibrium",1180000,1240000,-60000,1037849.72375956,888954.325338995,1169619.86605096,154361.23400533,40261.352945869,300941.642233278
2952,123,"B","equilibrium",1480000,1060000,420000,1090067.71735931,861925.763435131,1308602.61865504,379995.241467575,144811.540596666,646796.385872884
2952,123,"C","equilibrium",860000,680000,180000,686383.132502821,574191.314757513,804208.608494096,206239.79571942,38384.5792325539,439498.57750734
2952,123,"D","equilibrium",810000,720000,90000,728248.921757055,629370.752193706,832590.084019189,162472.627777194,28130.6308209947,364596.293109239
3000,125,"A","equilibrium",1450000,1180000,270000,1155867.58406865,955481.538020827,1324360.62435471,293648.075818139,124635.198535859,500906.200330283
3000,125,"B","equilibrium",1820000,1380000,440000,1374350.15402693,1121566.09992172,1609246.53537825,428446.827887167,169530.561383204,719348.566875458
3000,125,"C","equilibrium",1030000,540000,490000,580364.715160746,472460.48594391,714405.137917375,386071.646704124,130007.42447674,671611.444285419
3000,125,"D","equilibrium",930000,820000,110000,819838.50841189,713445.885347253,922550.123422025,173890.049099463,30576.6769259404,386957.92444701
3048,127,"A","equilibrium",1650000,1320000,330000,1286669.81568455,1066756.48819293,1482530.67662986,360977.097547298,159461.244620103,587289.563434054
3048,127,"B","equilibrium",1670000,1160000,510000,1195010.4793169,957636.575618485,1433894.74547715,453251.804965087,190349.637000603,731910.107827167
3048,127,"C","equilibrium",790000,540000,250000,567660.357788839,460620.366608061,688672.397211361,229054.191358942,46504.6189635293,471365.861350451
3048,127,"D","equilibrium",1030000,750000,280000,769222.604941284,667809.402226836,881294.657259189,247440.191009982,54738.2207339512,497102.438725623
3096,129,"A","equilibrium",1650000,1160000,490000,1196889.58445773,978952.802488458,1397654.73182289,449042.385029803,244426.172434722,675053.947810381
3096,129,"B","equilibrium",1500000,1120000,380000,1128264.80969624,895969.810172225,1345114.20535881,366196.900952117,135192.919894614,635561.454478408
3096,129,"C","equilibrium",720000,630000,90000,632543.30201396,517788.54297168,747184.959275641,167955.368174895,29422.639272358,377357.563149111
3096,129,"D","equilibrium",1110000,760000,350000,780641.638673026,678047.528134305,893543.627530984,291469.618054918,77089.7169116186,544266.044001948
3144,131,"A","equilibrium",1530000,1120000,410000,1148468.74683576,951305.713067849,1326895.64289721,379127.991401136,192857.611437742,584487.035100903
3144,131,"B","equilibrium",1640000,1140000,5e+05,1175800.56924369,939804.702803706,1411812.69836968,444812.851957054,188231.881826059,722999.809139977
3144,131,"C","equilibrium",1180000,730000,450000,746061.047801427,628825.304367447,873668.374995242,374521.307056191,120680.753330704,659357.368455102
3144,131,"D","equilibrium",1190000,840000,350000,852981.32100153,750851.487164605,965988.822177668,296236.965744471,79565.4815754993,557885.80282531
3192,133,"A","equilibrium",1660000,1080000,580000,1142341.22910727,912657.792189813,1339532.11355292,512515.624867929,305908.197812484,750290.793314397
3192,133,"B","equilibrium",1990000,1070000,920000,1168617.38518766,914308.888638452,1432074.93557454,775010.714617809,467250.542126452,1088261.84501327
3192,133,"C","equilibrium",1060000,720000,340000,734098.669088591,618682.572386349,858285.905763373,291628.807968441,74168.6462319492,551144.177414058
3192,133,"D","equilibrium",910000,890000,20000,876056.662536068,766311.003069916,978382.492570195,145269.79007831,23587.5894396,336103.102150406
3240,135,"A","equilibrium",1460000,1100000,360000,1101930.81260921,925051.606167272,1293257.85918222,356108.028089286,158674.723619043,541445.345965222
3240,135,"B","equilibrium",1730000,1430000,3e+05,1382125.71537107,1152297.5474982,1598675.69577237,347677.724313087,126674.598003312,608062.900345813
3240,135,"C","equilibrium",860000,660000,2e+05,669698.624111546,556302.773989656,789370.001153875,213651.468627078,42674.1449224736,446730.575557447
3240,135,"D","equilibrium",840000,760000,80000,763336.066347597,659680.240424317,868528.602290751,160429.170394964,26553.0597413991,365045.737526556
3288,137,"A","equilibrium",1400000,1180000,220000,1133694.90074441,951629.673162973,1304559.70711712,267241.652000892,95438.7263018857,456805.643056322
3288,137,"B","equilibrium",1720000,1080000,640000,1145164.32704968,905343.332949934,1390724.89863427,544624.732982945,265445.771816237,834767.846134054
3288,137,"C","equilibrium",9e+05,610000,290000,630931.249113775,521631.519329984,752791.723834154,258799.181089628,56828.3994869583,512345.947643094
3288,137,"D","equilibrium",1120000,960000,160000,952076.564546081,840833.809398667,1057218.27719661,199838.556756408,38279.372472388,429263.846045506
3336,139,"A","equilibrium",1600000,950000,650000,1060922.54155199,819985.674199472,1401253.37563613,533984.123127478,197820.208357894,784342.521998521
3336,139,"B","equilibrium",1510000,930000,580000,1015334.87259862,779134.201285436,1252187.5044887,470940.442638477,206066.807044226,754799.302162233
3336,139,"C","equilibrium",780000,550000,230000,575818.056132565,466756.723008874,697168.695391386,220175.136504137,44509.5512383273,459651.767663349
3336,139,"D","equilibrium",890000,720000,170000,734486.196522864,633280.260948955,842003.215030648,193605.05499055,37431.3384156521,417953.974262501
3384,141,"A","equilibrium",1240000,980000,260000,981106.987279955,811818.68958941,1144391.18810612,259950.464214378,98138.7913525668,436930.913288981
3384,141,"B","equilibrium",1420000,760000,660000,893791.744059623,667207.099328721,1129845.92278976,499190.967245517,231548.641729527,778235.776404235
3384,141,"C","equilibrium",690000,480000,210000,512973.971541067,408361.524822489,634064.238583309,208093.948664365,38966.351782381,447309.577784493
3384,141,"D","equilibrium",810000,550000,260000,594217.859760796,500432.919037646,708749.103205347,220296.602012363,45299.7922848606,456307.307534331
3432,143,"A","equilibrium",1270000,1250000,20000,1112083.04484438,958154.485884886,1236209.60429834,166122.198778319,52173.9485559528,324516.246255025
3432,143,"B","equilibrium",1390000,1010000,380000,1033200.62566893,808506.401162447,1250927.6153904,353673.967867563,126254.033807011,617755.984543999
3432,143,"C","equilibrium",980000,780000,2e+05,778435.557766448,660467.98955479,895537.641399821,220011.77955672,44531.3186335478,466092.767999334
3432,143,"D","equilibrium",960000,1010000,-50000,979485.802859997,860659.096570612,1079664.72636882,130789.98575483,21611.6917450915,310760.324007959
3480,145,"A","equilibrium",1260000,1510000,-250000,1157392.43272125,961800.0774103,1288702.60620217,121463.562500608,30540.7291036437,302659.989442139
3480,145,"B","equilibrium",1360000,1200000,160000,1127113.00525171,915475.68563418,1324752.43984382,261471.111941652,80192.5268458108,492904.79641212
3480,145,"C","equilibrium",1070000,850000,220000,845182.51835031,721922.993964423,962916.662593607,232957.364118043,49456.009550976,481128.985862678
3480,145,"D","equilibrium",920000,920000,0,901503.204341811,788338.962974862,1001980.27145029,142088.1892552,22826.1679735811,331007.292782118
3528,147,"A","equilibrium",1630000,1320000,310000,1271879.31935648,1069442.92109059,1467795.42528335,355984.493613662,152488.953213864,563407.333495448
3528,147,"B","equilibrium",1610000,1090000,520000,1134822.11432018,896676.481418613,1364287.31573178,454500.432312011,197089.247825988,734431.185098749
3528,147,"C","equilibrium",1e+06,590000,410000,620925.862093526,506502.251279573,751843.452599425,331107.951787095,92636.892055544,605015.581803352
3528,147,"D","equilibrium",1020000,990000,30000,968520.252881765,854336.316574289,1070451.72551996,153628.706378303,25254.3317238351,357923.443718347
3576,149,"A","equilibrium",1570000,1120000,450000,1170975.98712648,947413.401617949,1419655.14041826,395212.508698071,148964.421463843,626402.055315181
3576,149,"B","equilibrium",1460000,1100000,360000,1105230.79522004,878327.931750943,1319871.64125934,352891.081109569,130704.755659687,615913.739198555
3576,149,"C","equilibrium",910000,710000,2e+05,713314.541030848,598341.952118633,829775.690133604,217368.423412784,43081.8375874447,452722.200188902
3576,149,"D","equilibrium",860000,880000,-20000,862133.564681168,750809.402478828,962542.343058872,136748.510684793,22024.7559936283,317873.278063732
3624,151,"A","equilibrium",1680000,1070000,610000,1128800.28788907,918950.833724559,1389563.15815101,545726.635823443,281597.976691437,764450.6943434
3624,151,"B","equilibrium",1800000,1430000,370000,1400760.94205665,1163250.57268379,1626029.86635242,388687.192330346,148509.919652847,663459.701238561
3624,151,"C","equilibrium",890000,910000,-20000,877601.838332443,748793.25251194,987367.395553619,144118.66599606,23942.6146044618,337786.779864778
3624,151,"D","equilibrium",720000,840000,-120000,816997.466735444,707044.095665003,915017.435417122,110807.62769955,16343.3455344881,271008.1154635
3672,153,"A","equilibrium",1670000,1360000,310000,1324519.48152188,1102324.45327724,1509887.04602054,343586.962462103,153913.993771832,573930.38148841
3672,153,"B","equilibrium",1260000,1100000,160000,1039788.35578269,827256.560462674,1236362.61930045,252572.791197419,77445.8273387454,476250.158181147
3672,153,"C","equilibrium",980000,660000,320000,677485.786769968,564975.991635583,802265.804218384,278707.096437465,65304.6903008404,542077.19020862
3672,153,"D","equilibrium",920000,670000,250000,695495.987024896,597905.504997469,804983.934840102,227247.605352508,47381.1539854227,467373.932093737
3720,155,"A","equilibrium",2150000,1640000,510000,1582782.94086765,1373954.40194319,1798179.27177734,562177.212657076,337308.346686199,778360.803596218
3720,155,"B","equilibrium",2170000,1370000,8e+05,1416831.88943169,1164838.4940897,1685760.59759828,709263.075270686,400604.48615777,1012376.23751284
3720,155,"C","equilibrium",1200000,1030000,170000,1010279.40956493,881305.738497516,1125211.77502133,213924.792437343,41056.4160346624,451804.996248976
3720,155,"D","equilibrium",1690000,1160000,530000,1155994.03468374,1042844.06389417,1267336.41837132,451995.709921213,176986.039108607,737963.245616613
3768,157,"A","equilibrium",1680000,1200000,480000,1216003.07132866,1012014.38972863,1427525.14395822,459860.723154344,240709.838165671,674080.012536389
3768,157,"B","equilibrium",1870000,1260000,610000,1299177.28551559,1054841.4517646,1542807.65048668,538890.422864796,260065.018853961,826384.123121549
3768,157,"C","equilibrium",1030000,850000,180000,842521.373347791,721366.19320935,958617.198120242,212483.07020682,40354.2035451327,450975.885850957
3768,157,"D","equilibrium",1110000,830000,280000,841676.542500469,737694.426961473,954213.793245987,251580.688057133,56971.9097480872,499881.002591853
3816,159,"A","equilibrium",1530000,1230000,3e+05,1218214.83875766,1010518.7054088,1419690.7113094,310607.882419252,108484.557631047,526418.087399752
3816,159,"B","equilibrium",1670000,1450000,220000,1375911.65886073,1144594.54568499,1581189.8746514,304585.239123496,104484.794295647,556909.435736858
3816,159,"C","equilibrium",1060000,9e+05,160000,886630.92396774,760762.323839591,1002627.26387267,203694.028100895,37998.2841441536,432595.62560284
3816,159,"D","equilibrium",960000,1080000,-120000,1038275.1319227,914807.069261879,1137298.40628997,116880.183429469,17548.2435777372,285402.598896307
3864,161,"A","equilibrium",1550000,1060000,490000,1088964.32308793,887233.227040282,1310636.09524164,456982.42841419,228098.457668358,664525.242474598
3864,161,"B","equilibrium",1420000,1020000,4e+05,1051441.00292435,827466.100945419,1265584.85541635,362548.937109082,138018.730072497,628328.253530459
3864,161,"C","equilibrium",7e+05,670000,30000,661583.986813436,543560.436361591,775925.159053984,151703.136962108,25607.564963179,348875.983163868
3864,161,"D","equilibrium",960000,9e+05,60000,888287.215639464,778330.722078007,991672.622436095,158517.442075698,26379.6239895311,364108.960481698
3912,163,"A","equilibrium",1390000,1350000,40000,1204850.23710657,1038659.96547656,1340239.83157489,191384.873005317,62444.1352324718,363579.244734437
3912,163,"B","equilibrium",1820000,1130000,690000,1200422.38274859,952682.702428397,1447154.45264729,584157.93455542,301812.73260482,878431.836049953
3912,163,"C","equilibrium",1080000,680000,4e+05,700238.426385186,583944.93865701,826016.875401383,330972.747523806,94054.6697537848,601899.26784418
3912,163,"D","equilibrium",990000,1050000,-60000,1016450.66875231,895590.60490453,1116281.17190493,129562.956918113,19411.6149130986,309036.029622835
3960,165,"A","equilibrium",1450000,990000,460000,1033346.41927406,812438.717975777,1228544.1187115,413161.315071256,208193.613421178,639923.221735369
3960,165,"B","equilibrium",1600000,1080000,520000,1131785.56424327,886899.832507697,1367717.27070326,447835.138723007,188165.475925981,736440.562205792
3960,165,"C","equilibrium",850000,930000,-80000,889007.418764559,758388.982565415,997187.807374896,128216.971678121,19145.1085183396,306174.549156265
3960,165,"D","equilibrium",1080000,890000,190000,889266.114693425,781823.413090224,994795.964062389,209700.778885607,40548.569444745,441101.235596937
4008,167,"A","equilibrium",1790000,1400000,390000,1353412.93837611,1154934.69268417,1552139.34792377,433231.419945095,221413.155189101,640607.819136288
4008,167,"B","equilibrium",1520000,1230000,290000,1198822.24546457,975500.219126544,1417766.09177266,326600.157716034,109654.896321391,581575.903223853
4008,167,"C","equilibrium",890000,8e+05,90000,786550.179678134,663979.21979228,898602.809562296,174921.306875806,31630.6582912837,390357.186355803
4008,167,"D","equilibrium",1080000,960000,120000,949682.235513439,838445.196915426,1052946.6043934,181956.837607247,32775.1227087533,396429.816866245
4056,169,"A","equilibrium",1630000,1040000,590000,1113962.40182987,897685.524974066,1308076.56647511,511010.091979082,308173.470812665,734478.642282904
4056,169,"B","equilibrium",1180000,910000,270000,918371.999081571,714036.123825072,1112909.66792506,281000.571268826,93373.9365031837,512697.959609521
4056,169,"C","equilibrium",1110000,660000,450000,683764.44792404,570151.644297301,809583.904567846,367367.508560809,115114.284196062,647267.158609512
4056,169,"D","equilibrium",820000,950000,-130000,915805.941723459,796490.88240224,1013806.68097508,111480.423809278,17048.5368543207,270651.986315451
4104,171,"A","equilibrium",1640000,1170000,470000,1178881.68224949,977052.457517233,1393981.32342623,457495.530362975,235288.307554231,666901.542648738
4104,171,"B","equilibrium",1540000,1180000,360000,1175147.57009856,949530.724837888,1398069.34373187,361057.911147042,133536.620319693,620136.441217018
4104,171,"C","equilibrium",1060000,760000,3e+05,767629.203233625,650986.238760595,888240.521365914,270864.683128929,61336.1352650124,527696.683295382
4104,171,"D","equilibrium",920000,940000,-20000,918317.03214274,805907.323071771,1016495.38344963,135630.717251736,20929.6811265134,324491.19063171
4152,173,"A","equilibrium",1450000,1100000,350000,1117792.97202635,931101.61185353,1294850.80843389,330238.39878427,148667.965602543,525358.481335563
4152,173,"B","equilibrium",1680000,1490000,190000,1399058.39491511,1169009.2422098,1605988.12474031,296193.801275062,99857.0588403958,547462.897571247
4152,173,"C","equilibrium",1170000,820000,350000,824993.099355718,704559.199839106,947353.38714392,306055.815481871,80901.9193252848,571886.146918356
4152,173,"D","equilibrium",1370000,1020000,350000,1020077.63390457,910272.2341325,1132297.42113543,307020.151255699,81505.4283914926,573991.025998585
4200,175,"A","equilibrium",1560000,980000,580000,1060954.96482887,857991.392642616,1255455.1004721,494300.759641534,292693.363465262,707080.641821169
4200,175,"B","equilibrium",1390000,1e+06,390000,1030922.04347341,806099.386172311,1244359.20969525,355804.404591717,131066.285433895,619635.565132959
4200,175,"C","equilibrium",920000,830000,90000,815406.918230094,692097.816238263,928113.858086068,176676.256522559,32065.5183337209,391298.294267801
4200,175,"D","equilibrium",990000,860000,130000,858192.484251606,753316.489609918,963628.70748948,182971.957999379,34153.2280460459,405476.667366558
4248,177,"A","equilibrium",1370000,940000,430000,1004513.92042829,807730.172723562,1194813.8540323,363166.914586665,167186.986597368,571796.191870846
4248,177,"B","equilibrium",1820000,1300000,520000,1318030.24076007,1070093.6572581,1563974.07555478,477846.918436629,206300.505199567,764280.865738593
4248,177,"C","equilibrium",7e+05,650000,50000,646254.432986173,531244.928899441,759134.72450411,156281.580771843,25902.9866087911,362324.481613854
4248,177,"D","equilibrium",1e+06,870000,130000,866844.573205681,759776.503411774,971627.789146386,183079.165057268,33671.105846566,401302.13110367
4296,179,"A","equilibrium",1230000,830000,4e+05,898239.535558372,720078.911526815,1076770.27424694,330422.36078514,145699.863270757,515486.963635236
4296,179,"B","equilibrium",1440000,1580000,-140000,1335494.80594858,1126866.65526538,1532540.31134596,184586.595351126,50626.2762699497,377744.39626894
4296,179,"C","equilibrium",860000,750000,110000,741879.851665829,623177.833836267,854729.289334812,180914.613364192,32758.0412802575,401576.908164465
4296,179,"D","equilibrium",970000,980000,-10000,956365.167062449,841333.830450034,1055184.03176944,138997.102135045,21767.3559961296,326048.028312532
4344,181,"A","equilibrium",1510000,1330000,180000,1252059.42130007,1053225.98494373,1424119.58683699,259437.085982,88414.7761003799,463650.867173374
4344,181,"B","equilibrium",1690000,1320000,370000,1301363.33316306,1067962.31522783,1524372.69661981,379933.745433614,144563.0634911,653012.593798169
4344,181,"C","equilibrium",840000,7e+05,140000,700796.158118161,582732.624023628,814950.34230904,189733.137906667,35140.0046104955,416726.726307294
4344,181,"D","equilibrium",870000,670000,2e+05,693200.48870852,596044.546741755,804162.036551307,203661.588892074,38259.2679076858,435349.897075274
4392,183,"A","equilibrium",1600000,1120000,480000,1150794.07024921,942300.82734781,1358008.83363888,445400.881798528,232748.580560025,660826.610426319
4392,183,"B","equilibrium",1520000,1300000,220000,1239532.69341493,1017692.07449145,1444553.4320912,295102.97311456,97580.8269434747,536619.798604341
4392,183,"C","equilibrium",1130000,590000,540000,625229.497851682,512638.231097094,761113.469892088,430652.710732483,158121.79653921,720339.402062317
4392,183,"D","equilibrium",1070000,770000,3e+05,787642.189306371,687469.684232304,898964.788072235,260098.84578825,62084.2477630297,512698.647612249
4484,186.833333333333,"A","equilibrium",1350000,1200000,150000,1126821.13255468,955013.370495609,1277621.60942685,226671.353037197,78901.3196327082,403599.236873775
4484,186.833333333333,"B","equilibrium",1740000,1280000,460000,1289406.39447772,1049145.44955488,1523369.0201156,432857.558562991,178475.610183427,717258.652350568
4484,186.833333333333,"C","equilibrium",8e+05,690000,110000,687826.12838698,573402.915505076,800648.049162551,179452.89001869,30280.9525288324,398796.842159066
4484,186.833333333333,"D","equilibrium",960000,970000,-10000,946517.563577602,833020.083479717,1046540.46890233,140812.302232835,22387.7215963588,330853.341260817
4532,188.833333333333,"A","equilibrium",970000,940000,30000,832189.522680444,650277.592487444,955896.80493963,149720.949326923,36981.5150047739,325508.710835102
4532,188.833333333333,"B","equilibrium",1270000,990000,280000,988879.710540837,778525.868954391,1191077.36446278,295277.571730209,97699.630652602,538548.097743177
4532,188.833333333333,"C","equilibrium",820000,670000,150000,674516.731431199,560211.682748219,792712.827666782,192724.793184072,35388.5898707607,418568.288212289
4532,188.833333333333,"D","equilibrium",940000,840000,1e+05,838021.071854953,732480.681697687,944034.641784495,171263.984449888,31039.4992418575,385302.418967091
4580,190.833333333333,"A","equilibrium",1570000,1260000,310000,1238390.7859949,1042720.1536753,1414748.22700792,330090.438101864,148477.993195697,530846.205825529
4580,190.833333333333,"B","equilibrium",1910000,1160000,750000,1228367.28548001,979826.816930616,1482229.69098343,642254.599782932,345923.173533568,940700.144311261
4580,190.833333333333,"C","equilibrium",1030000,630000,4e+05,654918.084130862,542616.906592401,781760.719061122,327889.152727865,91321.1218373553,602978.141212073
4580,190.833333333333,"D","equilibrium",990000,780000,210000,790110.690799569,688596.794532678,898432.98163482,215457.516639748,43505.6283385758,449160.752397305
4628,192.833333333333,"A","equilibrium",1730000,1040000,690000,1137837.74089483,910338.433155996,1363586.08288828,586403.913841006,359337.993246243,824421.788155356
4628,192.833333333333,"B","equilibrium",1520000,1340000,180000,1258640.82582284,1036989.90670171,1466225.78680846,282882.773936952,87850.8551905423,528355.27305643
4628,192.833333333333,"C","equilibrium",780000,720000,60000,710610.724082105,593619.255903056,824349.164899458,161323.713175025,26696.8004831002,372159.308381811
4628,192.833333333333,"D","equilibrium",1020000,790000,230000,801164.650247681,698517.320095,910946.212030777,225997.945913374,46428.4522388812,465288.247345855
4676,194.833333333333,"A","equilibrium",1900000,1210000,690000,1241740.44356969,1027545.71778994,1459317.10230315,652180.214028167,422447.002676374,874644.495947003
4676,194.833333333333,"B","equilibrium",1560000,1500000,60000,1358377.71268725,1144108.11408258,1555638.51558735,240684.834635265,71153.5171522526,470363.106124741
4676,194.833333333333,"C","equilibrium",770000,870000,-1e+05,830599.406162765,699461.800411994,939754.94888678,122554.166624573,18600.7187310703,296809.851582334
4676,194.833333333333,"D","equilibrium",1130000,830000,3e+05,841856.564930256,736367.292290308,950278.689393459,265773.111591917,63628.6082407242,521487.150867798
4724,196.833333333333,"A","equilibrium",1630000,1010000,620000,1080117.22341785,880378.466153248,1296807.52215631,544973.186654111,320593.793474644,755419.813615798
4724,196.833333333333,"B","equilibrium",1890000,1160000,730000,1225251.03631696,978938.200239661,1478506.43070496,626838.307985356,329098.435652489,920881.719212144
4724,196.833333333333,"C","equilibrium",870000,770000,1e+05,760291.192711056,639050.825257698,873722.205945248,178035.13167031,31714.2110196707,397323.884964994
4724,196.833333333333,"D","equilibrium",1130000,730000,4e+05,756036.442297607,652685.935533818,874090.66292803,323161.622748271,91863.4512290624,586885.051918206
4772,198.833333333333,"A","equilibrium",920000,810000,110000,787053.290665887,639138.586526559,900309.099671644,142961.281946752,31613.6426734904,295186.555607441
4772,198.833333333333,"B","equilibrium",1330000,1190000,140000,1111693.53942191,895455.250149607,1306333.00693066,250799.367502442,77057.116831836,478495.792027901
4772,198.833333333333,"C","equilibrium",730000,590000,140000,601577.260079597,491453.786836343,716028.758359053,185573.222511379,33475.3133021356,410310.045557306
4772,198.833333333333,"D","equilibrium",790000,760000,30000,758889.569558119,655141.862825167,862410.624297156,144701.200760258,24290.2707237198,335777.131840362
4820,200.833333333333,"A","equilibrium",1630000,1170000,460000,1158081.01970048,928739.897299863,1379428.26505484,468199.213045969,237233.948021264,701569.335054678
4820,200.833333333333,"B","equilibrium",1550000,1340000,210000,1270481.56295,1041128.5933092,1473694.25611453,294303.385674463,94759.39919336,545625.917014211
4820,200.833333333333,"C","equilibrium",870000,1040000,-170000,981647.132518948,837312.799241813,1094010.64399047,112186.506411351,15984.334280162,274260.096866374
4820,200.833333333333,"D","equilibrium",1330000,930000,4e+05,937381.261125368,828281.52740412,1050387.5861142,338893.980217296,100107.842070547,618647.251730532
4868,202.833333333333,"A","equilibrium",1950000,1700000,250000,1577805.78768759,1368109.95741193,1784094.02749152,370725.287627117,157296.903760223,587076.795457689
4868,202.833333333333,"B","equilibrium",2090000,1770000,320000,1697111.64420745,1452230.72389777,1924134.16017487,385247.26239922,147470.224440971,660326.960685897
4868,202.833333333333,"C","equilibrium",1120000,930000,190000,917210.787365106,793330.689387988,1035259.64981903,222048.190510524,43718.579455461,464855.396748043
4868,202.833333333333,"D","equilibrium",1380000,1170000,210000,1153307.77718766,1040046.42276747,1256445.2386905,227619.952616124,48345.2538321373,470915.975768637
4916,204.833333333333,"A","equilibrium",1360000,1310000,50000,1175416.02444369,1004838.9239282,1324744.93412612,190437.969341684,49307.7786685328,362091.983716042
4916,204.833333333333,"B","equilibrium",1610000,1600000,10000,1428053.37496444,1212686.27399807,1622221.58641399,228213.476755401,67833.5531201095,449214.438378939
4916,204.833333333333,"C","equilibrium",980000,830000,150000,821302.672453773,701641.784467256,938942.352158119,198572.733315324,35857.5639047939,425583.015422721
4916,204.833333333333,"D","equilibrium",1260000,1180000,80000,1153513.07177504,1036150.46295163,1254419.01615444,173366.845831124,30588.1410518001,386151.647600709
4964,206.833333333333,"A","equilibrium",1210000,1110000,1e+05,1023691.25029681,862884.746413752,1159091.88476563,192254.386419329,62115.3547267421,358369.025188364
4964,206.833333333333,"B","equilibrium",1940000,1510000,430000,1489662.37806217,1241288.40482674,1726138.60244511,433265.335273366,176929.198028903,718211.085221887
4964,206.833333333333,"C","equilibrium",750000,1180000,-430000,1079089.59841801,913851.280948257,1203990.91903797,77517.7482358326,10581.4097385363,201726.013399355
4964,206.833333333333,"D","equilibrium",1020000,810000,210000,818166.50521436,715014.0037949,926987.792357872,216111.077910545,43210.9606389479,450322.600927752
5012,208.833333333333,"A","equilibrium",1740000,1050000,690000,1099164.32965479,899952.217527656,1310792.28173844,635184.099131939,412096.749750414,842936.425278153
5012,208.833333333333,"B","equilibrium",1570000,1440000,130000,1329022.55662702,1105533.56745277,1530675.16142618,266878.532571907,83290.9524576285,506807.134785932
5012,208.833333333333,"C","equilibrium",760000,760000,0,741431.131014679,624495.256635987,851375.792886966,145112.8602678,23170.239043901,339133.803485781
5012,208.833333333333,"D","equilibrium",980000,850000,130000,848189.634872708,742763.248009208,950736.452799353,183151.324384123,32018.9684100073,399933.656684623
5060,210.833333333333,"A","equilibrium",1550000,1260000,290000,1232918.61825504,1037334.52038666,1396111.23920863,315778.416086072,148522.679177324,518306.723658258
5060,210.833333333333,"B","equilibrium",2040000,1400000,640000,1419343.69557929,1167218.90794108,1671050.97805231,586799.495145061,293375.28797775,886072.037895023
5060,210.833333333333,"C","equilibrium",1010000,880000,130000,865963.500297912,745314.32151063,980274.577866703,192899.448101079,36389.0521847676,422286.929376401
5060,210.833333333333,"D","equilibrium",8e+05,940000,-140000,905481.978931052,787093.166046824,1003634.01717194,110687.638601643,16053.9824082919,275314.1689432
5108,212.833333333333,"A","equilibrium",1550000,1090000,460000,1133122.43984175,911535.352556362,1343933.30671863,413403.831563696,197157.055316461,645708.045624007
5108,212.833333333333,"B","equilibrium",1360000,1020000,340000,1033115.07709475,816735.709579639,1241787.01231547,330086.724148935,118434.329670601,584204.256249675
5108,212.833333333333,"C","equilibrium",890000,850000,40000,828948.795541906,704733.925865934,942070.392397896,160624.824662032,27367.9139692449,367981.616482393
5108,212.833333333333,"D","equilibrium",1010000,810000,2e+05,817962.984220012,715714.337699688,925208.106451345,210141.333416967,42844.0400392008,440168.933515762
5180,215.833333333333,"A","equilibrium",1520000,860000,660000,960173.375348478,786618.483640844,1153347.9728482,554560.207189955,347939.154380675,736881.141286826
5180,215.833333333333,"B","equilibrium",1570000,1150000,420000,1162413.87229687,926104.92900698,1391011.89700702,396684.51410368,155140.832355178,669304.052124725
5180,215.833333333333,"C","equilibrium",680000,580000,1e+05,589385.808489208,479337.917904008,705561.727999558,169904.048971417,28789.7650924915,383153.600222634
5180,215.833333333333,"D","equilibrium",920000,740000,180000,752452.049474587,652155.715802229,862415.059355157,198743.801846957,38920.1689682868,426863.013337156
5228,217.833333333333,"A","equilibrium",1660000,980000,680000,1049735.19079495,856681.731984332,1249336.83157544,604774.202472896,391028.267109735,808485.56503794
5228,217.833333333333,"B","equilibrium",1240000,1080000,160000,1021629.03050877,815596.314963909,1218028.76641938,251333.126025293,77174.5274207561,479603.54152789
5228,217.833333333333,"C","equilibrium",670000,580000,90000,588861.581201243,478423.871559034,704090.899291819,166826.934149715,27844.075687756,380172.659010711
5228,217.833333333333,"D","equilibrium",790000,730000,60000,734489.385079364,634434.688211906,838246.883458574,151850.311458587,25651.8315908115,345895.966782997
5276,219.833333333333,"A","equilibrium",1580000,1030000,550000,1110880.05012453,894721.380882418,1306276.34865999,464469.417999752,264129.854411631,686097.377476151
5276,219.833333333333,"B","equilibrium",1710000,1340000,370000,1316120.91586069,1076493.25844134,1543523.76643372,384349.079652928,141310.984658659,663178.217475915
5276,219.833333333333,"C","equilibrium",940000,830000,110000,816372.491425166,695522.284556893,929686.394992132,183801.296200218,33341.3377823047,402696.934125023
5276,219.833333333333,"D","equilibrium",1160000,930000,230000,928899.753533645,818840.559300465,1036492.33737672,231835.341298971,49722.4427983115,476176.382546092
5324,221.833333333333,"A","equilibrium",1450000,970000,480000,1021753.59324082,794575.225294855,1217348.56998368,424614.185203244,220151.368350818,657513.722464875
5324,221.833333333333,"B","equilibrium",1350000,1190000,160000,1118101.47256759,909534.971108516,1310610.59212479,261220.183975334,82615.8412321705,489261.849263879
5324,221.833333333333,"C","equilibrium",710000,670000,40000,663252.674750775,545656.797517304,775813.330914482,154394.060824667,26291.7123305212,355147.983396122
5324,221.833333333333,"D","equilibrium",1130000,830000,3e+05,841373.813874536,738868.315068739,952604.374414377,264413.901569765,64853.9263257875,519957.430756123
5372,223.833333333333,"A","equilibrium",1230000,930000,3e+05,966246.876356615,782855.936941246,1125797.0444178,264230.597164132,102704.216665805,454352.051996602
5372,223.833333333333,"B","equilibrium",1590000,1600000,-10000,1419197.91174216,1204699.48929944,1620027.49192289,221908.987082127,62713.2392323667,443551.467944498
5372,223.833333333333,"C","equilibrium",970000,710000,260000,718776.908324521,600980.053402012,837758.837802105,247061.049022995,54091.5353453306,498715.515861199
5372,223.833333333333,"D","equilibrium",1120000,920000,2e+05,917509.97433356,809019.421645927,1025295.73324609,217187.047037671,43956.5387842079,451571.449095679
5420,225.833333333333,"A","equilibrium",1710000,1080000,630000,1107401.06816338,901149.381335229,1329882.54833723,597527.843066228,363054.943399165,810400.875842517
5420,225.833333333333,"B","equilibrium",1580000,1250000,330000,1230151.49731915,998640.367382888,1449233.6713494,348414.881204643,124804.439141382,609826.324232554
5420,225.833333333333,"C","equilibrium",820000,580000,240000,600332.721734603,490662.323399672,721679.260264068,229158.632229014,47707.3831595823,475838.105801928
5420,225.833333333333,"D","equilibrium",1270000,8e+05,470000,821297.745165407,718146.951059072,941888.815485341,380776.958786614,128818.979548877,656352.596562785
5468,227.833333333333,"A","equilibrium",1330000,1070000,260000,1061762.53170887,868213.883310038,1235549.04764211,268939.968073277,96020.5692430743,468419.665688091
5468,227.833333333333,"B","equilibrium",1550000,1340000,210000,1270435.55991818,1049056.27996525,1476579.11401183,294464.390304429,98700.9439136319,540344.958709798
5468,227.833333333333,"C","equilibrium",1100000,750000,350000,760928.295024574,646042.506838616,886166.568982608,303292.071931919,78619.2576892171,570350.184416208
5468,227.833333333333,"D","equilibrium",1290000,880000,410000,891693.259372024,783877.584863765,1003261.66287498,340416.840473331,105408.497765008,607302.980763424
5516,229.833333333333,"A","equilibrium",1190000,930000,260000,944264.172335479,766281.131453987,1108739.91014002,247993.186119774,85367.9182456219,432018.286343387
5516,229.833333333333,"B","equilibrium",1630000,1040000,590000,1105797.87506721,867007.814394082,1346893.67440328,496854.94977954,228391.086803689,783129.971384056
5516,229.833333333333,"C","equilibrium",950000,570000,380000,601825.388405806,491740.937589909,730216.226564127,309595.336995359,82616.7820716054,585165.718589088
5516,229.833333333333,"D","equilibrium",1050000,9e+05,150000,896719.938551694,789378.021007965,1001632.47475253,190087.500635187,37665.8988101572,407880.62888911
5564,231.833333333333,"A","equilibrium",1220000,1130000,90000,1028387.43567768,882193.015675173,1170086.18231661,197665.823374907,60979.7458449796,352512.878690891
5564,231.833333333333,"B","equilibrium",1570000,1490000,80000,1357591.87289923,1140748.66500503,1555551.17333147,248218.615598211,75373.6807285403,482404.657177854
5564,231.833333333333,"C","equilibrium",9e+05,760000,140000,754285.238181697,634853.761347246,869312.030278194,192954.154742829,36500.0167597068,416333.208135005
5564,231.833333333333,"D","equilibrium",910000,830000,80000,826554.272139273,721011.560220779,930071.581330612,165130.018973504,27672.8704615928,371024.582543574
5612,233.833333333333,"A","equilibrium",1430000,1060000,370000,1074898.56636887,885869.968193289,1265646.17672726,353312.974744194,156786.507064171,549865.054346045
5612,233.833333333333,"B","equilibrium",1420000,1240000,180000,1169367.94024282,954243.314429875,1368091.60686323,272733.985863091,89009.1244081016,507913.336812553
5612,233.833333333333,"C","equilibrium",1100000,870000,230000,863903.129062335,745619.034171857,980407.241423249,238850.200867369,51322.8745568736,486876.673655339
5612,233.833333333333,"D","equilibrium",1060000,930000,130000,922027.162701159,813249.596787756,1025914.97007707,186481.766811877,33408.0702261174,407003.018112608
5660,235.833333333333,"A","equilibrium",1160000,1130000,30000,983261.515450008,833434.394226372,1127659.34221737,185594.096432911,53145.2339167355,334130.526201117
5660,235.833333333333,"B","equilibrium",1550000,1300000,250000,1249811.16159589,1030486.14097783,1456708.53267824,310190.881404275,105894.542078964,557864.026229301
5660,235.833333333333,"C","equilibrium",1120000,750000,370000,761321.573884646,645040.997831989,886662.106110345,318187.47048146,86116.5441258252,594416.569313724
5660,235.833333333333,"D","equilibrium",1230000,1010000,220000,1004034.18293451,892779.724001219,1109920.49354537,227733.961583257,47265.1684590463,463407.628938365
5708,237.833333333333,"A","equilibrium",1320000,1260000,60000,1134717.3140569,967017.211794684,1275527.94180001,191210.599784788,56927.0213982322,361284.459136343
5708,237.833333333333,"B","equilibrium",1930000,1420000,510000,1422225.26853732,1174132.86911495,1664372.98475828,483130.799236588,217480.589839543,775579.421859338
5708,237.833333333333,"C","equilibrium",910000,620000,290000,639425.492060842,527527.282028531,760789.469423338,259469.643081692,59809.9070437226,516583.304848475
5708,237.833333333333,"D","equilibrium",1130000,870000,260000,875301.836582145,770226.207056147,983782.21907174,245530.843279251,54231.8571795199,491173.153979322
5756,239.833333333333,"A","equilibrium",1200000,910000,290000,959523.619592841,770116.620469499,1098763.17488295,241347.476335688,102130.601980929,440579.362641415
5756,239.833333333333,"B","equilibrium",1500000,1140000,360000,1141619.65891779,911609.399287132,1358480.66824771,355051.488398547,127822.531394804,624525.397450222
5756,239.833333333333,"C","equilibrium",870000,640000,230000,654499.25606548,540291.017583913,777109.470023641,225814.629303184,47264.9521229328,467710.029073868
5756,239.833333333333,"D","equilibrium",1060000,930000,130000,921935.351002213,813307.270894258,1026834.39944771,184981.502327805,34021.9098311356,405747.935761035
5804,241.833333333333,"A","equilibrium",1150000,8e+05,350000,904960.358661567,698978.489666754,1067932.09839887,245654.45388658,81904.4463639676,460900.71947731
5804,241.833333333333,"B","equilibrium",1820000,1110000,710000,1184793.36178734,932817.770293795,1444155.06978508,599267.840112407,307739.641902569,903901.691402519
5804,241.833333333333,"C","equilibrium",780000,780000,0,759291.701159511,637452.485549689,871527.94870052,145190.47925696,23533.8251749689,335907.2929331
5804,241.833333333333,"D","equilibrium",1040000,790000,250000,802275.165786737,699506.188602057,911773.494534868,235548.433795124,51641.8987922567,474171.260157037
5852,243.833333333333,"A","equilibrium",1290000,1200000,90000,1114488.44456612,902011.524316198,1254903.49741541,181449.662813538,41964.2050265425,394593.263571289
5852,243.833333333333,"B","equilibrium",1640000,1400000,240000,1334373.75442288,1107139.81948557,1542212.44750347,314693.357968144,108558.097052471,569862.852326579
5852,243.833333333333,"C","equilibrium",950000,870000,80000,850474.079230717,726879.375918342,961099.067878148,174481.364706736,30816.273029514,391748.663061814
5852,243.833333333333,"D","equilibrium",1150000,860000,290000,866909.817042643,761136.104807362,976158.984952108,261277.61565174,62571.4567085003,511141.281615464
5900,245.833333333333,"A","equilibrium",1380000,950000,430000,1016820.24820879,807997.735380761,1195763.83455452,361097.759065346,177230.543159342,577578.180489099
5900,245.833333333333,"B","equilibrium",2020000,1160000,860000,1239109.57236997,983280.00973544,1500322.41324225,735607.399046557,427452.254965837,1040529.03000713
5900,245.833333333333,"C","equilibrium",1e+06,680000,320000,695920.3451901,583449.513183049,819058.978788483,278960.005809979,67091.4040370581,540103.502555398
5900,245.833333333333,"D","equilibrium",960000,880000,80000,871353.180952449,761475.490893313,974513.696772814,165914.624415785,28065.560166209,368104.267171809
5948,247.833333333333,"A","equilibrium",1570000,1460000,110000,1344366.49932961,1140725.56743102,1501597.71219845,228262.348734322,72624.965923908,436290.363504679
5948,247.833333333333,"B","equilibrium",1950000,1540000,410000,1510155.17652106,1258580.43643591,1742986.97350432,423678.715274294,171705.778305895,712575.836987416
5948,247.833333333333,"C","equilibrium",1160000,860000,3e+05,859887.421473809,737145.718670557,979659.49048407,276948.315071691,67775.0131236288,540307.947271398
5948,247.833333333333,"D","equilibrium",1340000,940000,4e+05,947067.003538789,838920.953007982,1060795.50418881,338670.254927985,101512.919950366,609104.373648317
5996,249.833333333333,"A","equilibrium",1670000,1030000,640000,1090636.03919779,855610.062733682,1313302.37381703,573845.450995893,339482.895462603,819662.8636785
5996,249.833333333333,"B","equilibrium",1710000,1320000,390000,1305234.2614868,1066980.5932062,1531245.96880733,393486.329084072,154686.056005218,663940.483145868
5996,249.833333333333,"C","equilibrium",780000,730000,50000,718549.154849695,601319.989522593,829009.664129947,157730.075598263,26852.4187645747,361192.717804814
5996,249.833333333333,"D","equilibrium",1060000,730000,330000,752853.929013892,651638.757715841,865272.185830472,276854.396713042,68156.8980759663,531834.880993766
6044,251.833333333333,"A","equilibrium",1520000,990000,530000,1029917.13032238,841097.408749848,1245740.52829709,485821.789537705,260209.240426156,681654.158476233
6044,251.833333333333,"B","equilibrium",1640000,1460000,180000,1367261.16953816,1142895.14636709,1573394.93325094,289446.782717694,94145.0849073014,534295.290295251
6044,251.833333333333,"C","equilibrium",870000,750000,120000,744683.79340203,625970.520740444,856155.173128029,183681.113533329,32914.9717557722,412415.193542812
6044,251.833333333333,"D","equilibrium",1090000,730000,360000,754416.275205276,651167.450613859,870302.845302981,295969.221716256,81082.3481078049,555814.947922274
6092,253.833333333333,"A","equilibrium",1280000,1210000,70000,1069601.23474073,827296.903202698,1232992.84716619,216660.390632966,62013.2295417042,453517.79859932
6092,253.833333333333,"B","equilibrium",1910000,1590000,320000,1530529.5434349,1290822.6270198,1757609.8387729,373094.722321615,138600.03182834,646149.511299799
6092,253.833333333333,"C","equilibrium",920000,870000,50000,847568.383882396,723240.074600703,959059.310774486,163134.922303328,28090.1640522441,372474.476641336
6092,253.833333333333,"D","equilibrium",950000,940000,10000,919605.982635334,809274.596314676,1019023.94850906,145342.931217185,23327.9099910379,339229.639985258
6140,255.833333333333,"A","equilibrium",1370000,1030000,340000,1059302.94910317,866596.99416688,1241045.70139676,309447.050865973,126490.789620734,508149.320111271
6140,255.833333333333,"B","equilibrium",1790000,1070000,720000,1151626.57875538,900740.09180748,1411418.00515502,600605.596507216,308524.578675184,902540.926320544
6140,255.833333333333,"C","equilibrium",950000,590000,360000,617767.618702821,509040.687042674,743599.168213142,297859.25034525,80331.6506543194,558970.157578884
6140,255.833333333333,"D","equilibrium",1090000,780000,310000,797534.402192897,693503.3094641,910993.925359401,266900.872397511,65686.3600298967,520129.201900447
6188,257.833333333333,"A","equilibrium",1810000,1210000,6e+05,1232294.45133162,1020756.06857005,1448144.14295275,572122.004959862,344783.360292705,790875.235395491
6188,257.833333333333,"B","equilibrium",1820000,1380000,440000,1374431.84342906,1126319.35291373,1607966.91488886,428199.091008682,175077.855700766,711544.277440064
6188,257.833333333333,"C","equilibrium",830000,740000,90000,732165.451483503,614231.516222041,845751.874684819,173001.633698684,30376.4720339206,388434.699407999
6188,257.833333333333,"D","equilibrium",1140000,1030000,110000,1013307.03925759,901599.661102542,1117128.35175055,180253.622549289,32552.196600716,394374.378186963
6236,259.833333333333,"A","equilibrium",1760000,1260000,5e+05,1266296.19144284,1049269.21895578,1478771.31836221,489060.247864571,264741.564425132,714763.134866487
6236,259.833333333333,"B","equilibrium",1650000,1270000,380000,1255089.50927842,1017344.309987,1480545.02723701,386741.6322362,145169.889849605,656417.67173984
6236,259.833333333333,"C","equilibrium",870000,930000,-60000,891212.390237363,760937.086013361,1001069.36045926,133836.748868799,21237.6521600016,319156.204451245
6236,259.833333333333,"D","equilibrium",1150000,870000,280000,876606.053210824,770115.673326148,985181.866502872,256265.847832374,61878.1348809391,503087.396900681
6284,261.833333333333,"A","equilibrium",1550000,1440000,110000,1335368.80448221,1136324.53532172,1495163.82903177,217431.157250525,57203.0836167014,423228.127238437
6284,261.833333333333,"B","equilibrium",1530000,1170000,360000,1166274.49783541,934700.530158315,1385346.53406145,360578.101695261,130962.512975947,622661.102242308
6284,261.833333333333,"C","equilibrium",1050000,890000,160000,877085.600864208,755911.939375326,990484.143642405,204579.372031724,38223.4850566756,439582.538713166
6284,261.833333333333,"D","equilibrium",1140000,1020000,120000,1003749.81590014,890230.782427715,1108655.6213542,185364.064373532,35055.4491808904,404515.138047262
6332,263.833333333333,"A","equilibrium",1430000,1260000,170000,1183749.13805905,977606.185191013,1357426.00156433,248612.101964947,75642.6514569076,461317.746539827
6332,263.833333333333,"B","equilibrium",1960000,1290000,670000,1327241.49870207,1077768.65585088,1582968.81888755,597672.930710983,303893.181380407,894430.923769858
6332,263.833333333333,"C","equilibrium",840000,690000,150000,692261.183479756,577795.573646553,808516.297853002,192069.264791872,35072.2529520105,417923.376032112
6332,263.833333333333,"D","equilibrium",810000,760000,50000,760929.264245743,657620.157552722,863856.799156246,150974.354578414,25211.1847515791,344540.702624546
6380,265.833333333333,"A","equilibrium",1340000,1010000,330000,1016127.53494406,788765.158706717,1204565.8521322,323008.369933625,132629.34767326,553556.157265699
6380,265.833333333333,"B","equilibrium",1850000,1180000,670000,1235782.39807742,980012.760594521,1485327.57625525,579036.766299366,292429.479138198,874783.184867595
6380,265.833333333333,"C","equilibrium",860000,7e+05,160000,702366.53870493,585471.462699267,818450.99646634,197447.589378574,35849.7107372107,428146.468512704
6380,265.833333333333,"D","equilibrium",1040000,750000,290000,769218.809791469,668751.031789243,882017.691262335,253975.802752234,57848.2307764323,505143.866145139
6428,267.833333333333,"A","equilibrium",1530000,1150000,380000,1159868.79010499,945614.953826047,1383861.33322652,367276.832526723,143489.071648182,584794.334738243
6428,267.833333333333,"B","equilibrium",1670000,1320000,350000,1296059.47747191,1056755.79352773,1522122.31969309,367038.002807534,134564.598412027,640773.273436572
6428,267.833333333333,"C","equilibrium",1010000,9e+05,110000,882356.23881162,761435.793345104,992557.382502101,185464.637103333,34036.2685949884,404161.82316266
6428,267.833333333333,"D","equilibrium",950000,830000,120000,828655.473212991,723798.583523362,932322.309528449,178350.526278904,31816.5505314514,391595.014471059
6476,269.833333333333,"A","equilibrium",1420000,1030000,390000,1062895.06276981,867407.59418326,1241895.90452519,354878.225012346,169765.225026792,556980.174216675
6476,269.833333333333,"B","equilibrium",1910000,1660000,250000,1578853.89277358,1346980.99370175,1794124.73569562,334930.627535779,118576.428767116,597437.158344557
6476,269.833333333333,"C","equilibrium",1120000,740000,380000,752952.379447815,636297.972442637,875186.161641894,322840.574979576,91540.3415392836,591066.546604274
6476,269.833333333333,"D","equilibrium",1050000,910000,140000,903690.068723296,796380.928216481,1007432.71649832,188093.071723683,35172.3071464572,410600.084352365
6524,271.833333333333,"A","equilibrium",1060000,8e+05,260000,841956.836789106,687148.808309854,981949.504867189,221068.482371986,81351.0547269775,382484.771589726
6524,271.833333333333,"B","equilibrium",1490000,1260000,230000,1206375.54760524,987086.28329149,1404311.22400971,297163.301421423,102565.830138366,541503.759154821
6524,271.833333333333,"C","equilibrium",620000,620000,0,614433.581192672,501060.453018133,725602.960079377,140297.717088845,22866.5320629023,329080.207250849
6524,271.833333333333,"D","equilibrium",1e+06,770000,230000,783290.436341225,679381.69491127,892833.104224695,222099.336420219,46612.2933666481,458490.725087863
6572,273.833333333333,"A","equilibrium",1370000,1250000,120000,1166943.49327515,992089.649136422,1321536.24223476,206887.595426013,56829.557978332,386383.418771494
6572,273.833333333333,"B","equilibrium",1820000,1370000,450000,1361625.58648385,1111667.53916616,1598917.6265666,440576.136247187,179379.476296542,728219.48795734
6572,273.833333333333,"C","equilibrium",1030000,970000,60000,943292.447908355,816836.497304862,1052764.18763449,169167.275614489,27460.4978971707,385689.35107028
6572,273.833333333333,"D","equilibrium",910000,850000,60000,842341.223430236,735001.882436104,946240.691522065,157825.765793614,26520.6978983769,357392.44343747
6620,275.833333333333,"A","equilibrium",1650000,1370000,280000,1277709.49309774,1032426.05878417,1494369.44921215,370696.982104357,149883.976344208,618820.10394461
6620,275.833333333333,"B","equilibrium",1820000,1300000,520000,1318315.65567074,1068209.71276071,1559875.06221734,477166.858298867,209939.617661104,770453.151009732
6620,275.833333333333,"C","equilibrium",880000,640000,240000,655549.952417235,542993.165338643,775715.416436824,230449.898091052,49960.1388143874,469078.223611402
6620,275.833333333333,"D","equilibrium",1310000,1060000,250000,1050920.89507004,939212.867240003,1157976.69238688,245942.776070188,55525.0059484927,490872.445671365
6668,277.833333333333,"A","equilibrium",1320000,1020000,3e+05,1017510.61111387,816500.055595662,1198638.95272595,302601.858623029,120714.385438534,508072.4062788
6668,277.833333333333,"B","equilibrium",2180000,1800000,380000,1740229.26523541,1484044.88098614,1971185.85832141,424311.918956897,169713.600073275,713531.959053646
6668,277.833333333333,"C","equilibrium",830000,630000,2e+05,642181.041488734,529927.129780048,760612.852872919,213222.670311295,42847.5652360125,445500.20372651
6668,277.833333333333,"D","equilibrium",1260000,870000,390000,882182.185769063,775717.509050787,994012.028704572,324105.158468375,93311.5133861966,594080.51531229
6716,279.833333333333,"A","equilibrium",1370000,1210000,160000,1137347.47463602,957703.08824457,1297895.96987894,235596.756238036,78505.5039852175,416039.405146756
6716,279.833333333333,"B","equilibrium",1690000,1720000,-30000,1518232.81653408,1297945.6202229,1717510.0958202,223718.040541336,63310.3821687001,443148.599198103
6716,279.833333333333,"C","equilibrium",990000,720000,270000,728242.096331805,613868.367224599,848049.520750912,252129.055206579,58000.1351216879,506022.079807332
6716,279.833333333333,"D","equilibrium",1060000,1020000,40000,997772.142795683,883736.881800977,1099039.51735432,155628.213541769,27137.9742817371,354588.87048984
6764,281.833333333333,"A","equilibrium",1700000,940000,760000,1061389.82266286,822396.057251661,1328944.43137933,632836.022640363,366978.673645663,881341.807297637
6764,281.833333333333,"B","equilibrium",1680000,1590000,90000,1456002.22967643,1241415.402437,1654435.99184602,255430.026293073,77782.5730724077,484952.884385969
6764,281.833333333333,"C","equilibrium",940000,730000,210000,733766.523168346,617920.632808131,852948.053251584,223193.177187672,43649.9822471346,465940.452921269
6764,281.833333333333,"D","equilibrium",1080000,880000,2e+05,881220.357706058,774926.028899885,989268.222723126,214708.611999818,43032.2966938919,446350.232492825
6812,283.833333333333,"A","equilibrium",1350000,1050000,3e+05,1064069.27617841,865777.067109543,1228474.02620824,285845.265534112,119114.485534272,494170.248993149
6812,283.833333333333,"B","equilibrium",1620000,1280000,340000,1260137.17481769,1027734.32485747,1480143.56423528,356683.485461426,131768.202147366,625963.924689914
6812,283.833333333333,"C","equilibrium",1100000,680000,420000,700850.347957212,587423.936770789,829031.761681586,346921.262607386,103804.038171035,623256.353718402
6812,283.833333333333,"D","equilibrium",980000,9e+05,80000,889933.666805384,782036.983140816,992278.87731764,165488.296919555,27081.7638350576,375539.641303931
6860,285.833333333333,"A","equilibrium",1620000,1190000,430000,1210209.02254693,996299.090920208,1414020.73849042,406466.949863918,198849.746472,628084.506810347
6860,285.833333333333,"B","equilibrium",1850000,1840000,10000,1650383.87683797,1429288.80383386,1855237.63549665,242641.075280894,71651.2047471728,476314.407307261
6860,285.833333333333,"C","equilibrium",840000,990000,-150000,935835.050980734,798689.814937205,1044489.1310019,116589.497961902,18180.9848379164,284902.199962982
6860,285.833333333333,"D","equilibrium",1160000,950000,210000,946417.130959803,837938.94986192,1056177.13347331,222604.987852197,45753.9216563835,458036.43283311
6908,287.833333333333,"A","equilibrium",1520000,1440000,80000,1295827.2371274,1125771.10519531,1457252.715942,228052.199977896,73569.0931954211,402251.370683212
6908,287.833333333333,"B","equilibrium",2120000,1460000,660000,1480595.88827514,1222879.18258477,1740425.40497597,603467.055469834,305901.859312643,908920.619355025
6908,287.833333333333,"C","equilibrium",1070000,870000,2e+05,861506.535434805,741488.50544226,978296.467511724,224567.275342046,47509.8152369563,468434.712598361
6908,287.833333333333,"D","equilibrium",1030000,810000,220000,818938.385021513,713520.905516724,927131.114139005,220924.49558293,46014.2226849896,457040.789152478
6956,289.833333333333,"A","equilibrium",1590000,1010000,580000,1101444.45986609,859220.378566864,1300565.72636576,483773.488058808,283631.412623249,736041.887348313
6956,289.833333333333,"B","equilibrium",2e+06,1370000,630000,1394292.1796421,1142492.40566024,1640794.41599121,571708.80789748,288355.180759065,869592.927253412
6956,289.833333333333,"C","equilibrium",820000,840000,-20000,812416.272943773,688003.21660904,921555.1726394,141482.481268512,22072.59635427,331784.634612684
6956,289.833333333333,"D","equilibrium",960000,710000,250000,731421.778432997,632158.171981103,843047.200007487,229030.863424053,49613.9780774058,469721.148359862
7004,291.833333333333,"A","equilibrium",1530000,1270000,260000,1237347.08719559,1017431.4453508,1397096.41990805,292078.637999397,129789.584623041,516883.554725173
7004,291.833333333333,"B","equilibrium",2170000,1550000,620000,1556494.65124037,1293860.63973271,1810204.66119708,579510.396800256,288691.041974155,889447.747947103
7004,291.833333333333,"C","equilibrium",1070000,770000,3e+05,777078.365623342,659088.185679619,898645.166477135,270817.904569874,63340.4296474427,538157.991779708
7004,291.833333333333,"D","equilibrium",1290000,950000,340000,953710.837533066,846281.394047832,1064251.30997066,295311.962703585,78139.0736395175,556847.535941648
7052,293.833333333333,"A","equilibrium",1500000,1e+06,5e+05,1065580.07704811,876802.562987194,1265001.2369811,430377.040945566,227768.712744324,628163.981158977
7052,293.833333333333,"B","equilibrium",1960000,1820000,140000,1687370.869132,1455540.07348359,1895870.25171461,289433.066968554,93091.5022640855,548040.709282624
7052,293.833333333333,"C","equilibrium",810000,590000,220000,609268.177400649,497211.770535351,730703.986282143,218703.834251475,44392.0834759147,456696.103943643
7052,293.833333333333,"D","equilibrium",870000,770000,1e+05,773798.059223746,670144.871747955,876822.987925338,167638.506146545,28686.6306651752,378549.507880001
7100,295.833333333333,"A","equilibrium",1500000,1e+06,5e+05,1075290.19274138,860924.321614314,1282865.65557389,420785.098655586,211267.252757104,644835.388136194
7100,295.833333333333,"B","equilibrium",1960000,1820000,140000,1687146.2522169,1454852.44456751,1896828.6765593,291267.773759125,93366.4527952995,534541.013888264
7100,295.833333333333,"C","equilibrium",810000,590000,220000,609720.558688123,500173.163357653,729900.328246253,219373.104245947,44584.1724163825,459414.108437201
7100,295.833333333333,"D","equilibrium",870000,770000,1e+05,774350.056756517,669844.715089781,879750.307925064,167452.201435637,29356.3550984283,377350.891039117
7148,297.833333333333,"A","equilibrium",1680000,1290000,390000,1286896.30710072,1072691.95740671,1481435.15887439,389438.037133663,189625.825842881,611325.203581335
7148,297.833333333333,"B","equilibrium",2030000,1390000,640000,1417527.23838758,1164349.83061109,1667096.17416911,576785.115345819,289402.813289866,873860.031414222
7148,297.833333333333,"C","equilibrium",810000,1e+06,-190000,940351.244742979,796179.420767186,1052939.01792848,108171.857062712,15679.414795292,271507.97808575
7148,297.833333333333,"D","equilibrium",1060000,680000,380000,711672.225810888,612695.91400562,828868.13264256,304322.182765366,82174.7030106429,570329.221898574
7196,299.833333333333,"A","equilibrium",1570000,1120000,450000,1135883.41837427,939239.104992108,1345394.83483262,430180.34424388,212208.080965363,636084.140846776
7196,299.833333333333,"B","equilibrium",1750000,1410000,340000,1372898.4466507,1135693.25363707,1596866.53371415,371600.118303895,137344.307423352,647141.890681523
7196,299.833333333333,"C","equilibrium",770000,690000,80000,685889.460436444,569637.978414528,796666.04872835,168251.655507146,28975.8819145859,377555.85993446
7196,299.833333333333,"D","equilibrium",1170000,710000,460000,741283.103975318,641878.647372477,858778.328315117,361670.556197614,115790.162905317,634662.053474332
7244,301.833333333333,"A","equilibrium",1310000,1410000,-1e+05,1168139.73460803,1024684.35976059,1299765.68143345,153825.355167509,38896.1713759514,297244.317265437
7244,301.833333333333,"B","equilibrium",1700000,1520000,180000,1421015.86483604,1194562.09010657,1633535.8478833,295053.101828266,97124.9163563352,545516.249015633
7244,301.833333333333,"C","equilibrium",1120000,830000,290000,831304.140462609,710378.193253786,950458.472896812,270566.20505184,64433.4728878755,534075.719511921
7244,301.833333333333,"D","equilibrium",1010000,880000,130000,876194.376417086,766259.220972445,982113.079482034,185366.416431894,33211.4237682594,402749.6805596
7292,303.833333333333,"A","equilibrium",1670000,1350000,320000,1310220.85552873,1103088.38012895,1493482.45020889,358308.525447348,173027.512277402,572889.962524875
7292,303.833333333333,"B","equilibrium",1960000,1750000,210000,1644225.69202805,1405165.07200688,1861271.22949446,323633.204766577,110912.730618035,587299.42802391
7292,303.833333333333,"C","equilibrium",1180000,880000,3e+05,878134.35865273,758364.420607118,997950.607650822,279479.093905609,68426.3329591517,543384.677604605
7292,303.833333333333,"D","equilibrium",1150000,760000,390000,782891.695318834,681689.506300012,899732.540552031,318615.427545605,90484.2538157173,585055.270753806
7340,305.833333333333,"A","equilibrium",1610000,1350000,260000,1299314.94374938,1087849.78117352,1491943.58580086,310110.804890659,117664.471842267,526855.380106892
7340,305.833333333333,"B","equilibrium",1830000,1390000,440000,1382390.25166294,1136857.49283425,1615217.62139141,430131.115801857,179380.526396386,716288.52590272
7340,305.833333333333,"C","equilibrium",910000,650000,260000,664131.706355434,551299.54628927,782979.20695005,244488.530798821,52695.0853805344,497643.0361554
7340,305.833333333333,"D","equilibrium",890000,640000,250000,669546.560934188,572375.215921287,780291.809065935,223514.49200863,47302.9067924284,460564.788333557
7388,307.833333333333,"A","equilibrium",1140000,980000,160000,938945.587761494,766084.472631318,1095305.33622364,206303.43573029,51272.1876382057,381039.239614651
7388,307.833333333333,"B","equilibrium",2130000,1410000,720000,1443249.49879324,1190464.84044531,1706251.045881,646779.729532627,345943.035652954,951105.925129033
7388,307.833333333333,"C","equilibrium",9e+05,7e+05,2e+05,704760.062949417,588444.540399558,823677.729685438,216588.797039399,42707.0015777894,456847.310388795
7388,307.833333333333,"D","equilibrium",880000,730000,150000,742345.298041204,641068.83172176,851331.930141419,185988.058998639,32801.1414357321,409134.498818034
7436,309.833333333333,"A","equilibrium",1430000,1090000,340000,1106872.50755843,917276.003776716,1284838.99435336,321590.80506305,141429.412796621,519973.492180721
7436,309.833333333333,"B","equilibrium",2030000,1e+06,1030000,1119635.27059198,865489.395286826,1382875.9343998,860877.207983299,548375.971979635,1174692.03440115
7436,309.833333333333,"C","equilibrium",990000,560000,430000,594787.883461169,486735.23531548,724973.300257959,343295.187982322,100711.363134126,621671.842125779
7436,309.833333333333,"D","equilibrium",1220000,890000,330000,897932.508695068,792348.738910251,1010013.07114392,286268.863826332,72133.4120237398,550736.00305337
7484,311.833333333333,"A","equilibrium",1250000,630000,620000,816032.283411251,628312.342051903,1007536.92028437,430136.880597232,237606.525993885,630292.046871247
7484,311.833333333333,"B","equilibrium",1610000,1250000,360000,1239275.92452922,1008651.68483005,1459384.65772274,364431.941994123,133696.583270547,629264.707923646
7484,311.833333333333,"C","equilibrium",8e+05,4e+05,4e+05,460028.775255686,357582.037469997,591244.103273886,302820.487649224,80813.8590453172,566183.064444163
7484,311.833333333333,"D","equilibrium",1110000,830000,280000,839948.844045574,735912.315509378,950004.983406436,255090.401480665,58720.2323290942,506010.760189679
7532,313.833333333333,"A","equilibrium",1200000,980000,220000,986536.342776531,805413.658243407,1133189.82008293,215898.24467581,68978.9339280335,402334.342777556
7532,313.833333333333,"B","equilibrium",2020000,1230000,790000,1295398.44801759,1040621.57164388,1553943.54933386,681853.135463815,380066.003681106,990456.922253899
7532,313.833333333333,"C","equilibrium",1200000,770000,430000,782790.212275482,665800.236567228,908517.385106425,359726.052145285,114672.220247469,635853.655851694
7532,313.833333333333,"D","equilibrium",1090000,870000,220000,872881.086308864,767673.671978454,977858.369434412,223440.258900869,47464.9102834805,463218.142981332
7580,315.833333333333,"A","equilibrium",1390000,1040000,350000,1029375.70933463,818788.651714781,1237798.31615517,358899.014182638,146863.213548258,575543.951021282
7580,315.833333333333,"B","equilibrium",1690000,1150000,540000,1186616.43266809,944163.427589415,1424560.88876366,479488.993361248,214043.33979738,769102.591534212
7580,315.833333333333,"C","equilibrium",770000,7e+05,70000,693045.751833666,574681.460399568,804793.997606931,166096.23926035,29126.6751946725,377384.058532733
7580,315.833333333333,"D","equilibrium",910000,8e+05,110000,801281.719076311,696978.518264477,908630.656104405,173556.641012478,30238.0346657519,386303.677963785
7628,317.833333333333,"A","equilibrium",1540000,1300000,240000,1242240.49305281,1048446.44732283,1415965.8046737,297670.991194125,117736.554026031,497782.121455256
7628,317.833333333333,"B","equilibrium",2140000,1080000,1060000,1181806.84471583,925628.820640663,1443092.27366915,908641.233150902,598699.077779716,1221878.28235835
7628,317.833333333333,"C","equilibrium",860000,6e+05,260000,620973.670317205,510707.457132534,742344.108349253,239581.37290708,52697.3437805103,484959.815726142
7628,317.833333333333,"D","equilibrium",860000,540000,320000,588682.939116438,494647.694984992,708184.816625919,253687.766075254,56756.4443228556,501570.846470571
7676,319.833333333333,"A","equilibrium",1450000,810000,640000,935741.28544305,735771.011988294,1134171.57358037,509385.683857108,301862.284165848,716037.364626495
7676,319.833333333333,"B","equilibrium",1560000,1070000,490000,1114908.9333,879497.914658492,1343660.74882079,428462.794848284,179780.659198513,703816.76353833
7676,319.833333333333,"C","equilibrium",910000,410000,5e+05,471764.473141514,367195.27135104,609546.42698616,375003.899516982,120396.293982671,655679.21958944
7676,319.833333333333,"D","equilibrium",1210000,740000,470000,767436.492989763,665484.276217137,884855.162973537,375152.428332222,128316.90614407,649472.121315508
7724,321.833333333333,"A","equilibrium",1260000,1030000,230000,1025665.56595372,832427.139089019,1189609.8915405,236062.415700869,72342.7474185998,433441.359421295
7724,321.833333333333,"B","equilibrium",1690000,1040000,650000,1116999.1084259,877261.430845655,1356665.93594651,542642.325598519,272690.394912031,831502.412806842
7724,321.833333333333,"C","equilibrium",920000,7e+05,220000,706547.363481543,590545.534257562,826402.012984134,226702.199607226,45729.3779593839,469619.693752407
7724,321.833333333333,"D","equilibrium",1050000,550000,5e+05,604307.696751642,506473.584515616,728898.707143371,377012.704141438,127788.765056429,650809.744044422
7772,323.833333333333,"A","equilibrium",1370000,1030000,340000,1037996.99985463,846920.611783452,1223202.54208892,331102.899358395,141575.68033537,530388.510749183
7772,323.833333333333,"B","equilibrium",2030000,1630000,4e+05,1588904.1522386,1342283.99986719,1822663.85550772,424107.254295041,171654.587839977,704189.590228903
7772,323.833333333333,"C","equilibrium",1010000,690000,320000,704972.96379012,591626.622720392,827294.605430192,279543.601110149,68173.1251191679,535044.407415936
7772,323.833333333333,"D","equilibrium",1110000,780000,330000,798040.193604204,696391.073423737,909392.889670295,279759.045422134,71632.1805611875,539877.29757445
7820,325.833333333333,"A","equilibrium",1360000,1200000,160000,1103341.09377997,895779.437460559,1279181.84712901,259439.265578165,85760.0746510816,467847.662318475
7820,325.833333333333,"B","equilibrium",2140000,1490000,650000,1506005.07043375,1258813.40551369,1757828.46546654,597328.354590246,307224.219275028,892993.365467494
7820,325.833333333333,"C","equilibrium",730000,560000,170000,578432.128285004,468151.396701514,697405.715717521,196379.505895881,36020.8701962925,426232.48858811
7820,325.833333333333,"D","equilibrium",1060000,870000,190000,870672.934202052,765135.035043701,978015.993439906,210987.89287073,40782.053526562,445129.545740043
7868,327.833333333333,"A","equilibrium",1690000,1080000,610000,1165755.00785759,930451.321457553,1383823.57996366,519148.072742255,301939.65152084,763655.312927814
7868,327.833333333333,"B","equilibrium",1950000,1070000,880000,1165550.39769917,917162.520805651,1423332.96585994,739095.105334955,431750.895296499,1043116.95410508
7868,327.833333333333,"C","equilibrium",1e+06,710000,290000,721015.748124723,607035.237442524,843061.891374438,264044.69207985,60395.9794790669,526075.379781436
7868,327.833333333333,"D","equilibrium",1010000,710000,3e+05,733818.373175648,635055.226559667,845768.062603584,258307.463362666,60890.5643467966,510942.860370296
7916,329.833333333333,"A","equilibrium",1400000,1030000,370000,1053101.79866798,866094.12427526,1237840.41939477,345203.96860648,153166.57739705,542587.109805346
7916,329.833333333333,"B","equilibrium",2070000,1860000,210000,1746592.40858768,1504879.30726226,1965810.96491284,329248.842303739,110337.000167451,593975.576420826
7916,329.833333333333,"C","equilibrium",890000,830000,60000,812379.438256769,693766.143378731,927002.782955078,165300.046839752,29286.9299091076,369753.699207116
7916,329.833333333333,"D","equilibrium",1070000,1070000,0,1041498.85463115,925810.107529076,1140647.55156619,144512.468808202,23512.1990082841,336854.826957712
7964,331.833333333333,"A","equilibrium",1560000,1020000,540000,1098118.71238836,855421.286602516,1299932.44440736,457534.474764902,253271.302463548,706198.963544249
7964,331.833333333333,"B","equilibrium",2040000,1410000,630000,1430006.93727006,1166962.59206892,1683272.29520235,577455.648366545,292068.704335163,883939.164082116
7964,331.833333333333,"C","equilibrium",1050000,870000,180000,859521.867610527,735947.175881007,972422.585746517,214028.44279069,42514.1365383483,450843.901506678
7964,331.833333333333,"D","equilibrium",1020000,820000,2e+05,826224.515909642,721322.985046818,934432.336060443,211478.704702801,42316.2607994683,440497.86910312
8012,333.833333333333,"A","equilibrium",1240000,1300000,-60000,1100334.24386327,949590.757480673,1226717.81793357,150949.003373408,43522.6225827508,298763.90470052
8012,333.833333333333,"B","equilibrium",1620000,1490000,130000,1376498.60114304,1152229.93784493,1579372.59558133,269577.319298287,83466.7442413488,512196.634476068
8012,333.833333333333,"C","equilibrium",890000,890000,0,860924.122408328,734601.660666913,970904.686402861,147997.510123897,24577.0642033733,345545.653917527
8012,333.833333333333,"D","equilibrium",1020000,820000,2e+05,826202.251427788,720847.536587247,935556.488472548,211334.202272011,42433.113209565,446849.752873265
8060,335.833333333333,"A","equilibrium",1370000,1340000,30000,1195635.53916086,1019217.28079586,1333566.97749043,181099.94588947,50975.7260344517,362566.306371746
8060,335.833333333333,"B","equilibrium",2240000,1470000,770000,1503883.77240126,1249461.25551898,1762123.43535769,693277.060729207,386427.386612095,994267.22402263
8060,335.833333333333,"C","equilibrium",980000,960000,20000,928621.114872122,798945.510377902,1039115.14135638,156430.572152611,26166.8542522588,356219.941129461
8060,335.833333333333,"D","equilibrium",1130000,810000,320000,824617.565634513,720239.54907615,939914.733181864,275253.428060243,68944.0291372962,525134.686857459
8108,337.833333333333,"A","equilibrium",1060000,910000,150000,874888.902182292,719686.767370566,1014299.86232451,191456.64367547,61774.7045019232,351700.329889829
8108,337.833333333333,"B","equilibrium",1710000,1160000,550000,1201219.22807214,954292.606975156,1443267.99353944,483569.400448499,213386.822499983,775003.354128109
8108,337.833333333333,"C","equilibrium",790000,660000,130000,663101.452085179,548696.795253959,781162.188983684,183792.267938206,33313.7133653158,405706.233585267
8108,337.833333333333,"D","equilibrium",1080000,8e+05,280000,812734.838134548,709264.045002126,923594.019981328,251826.298024465,56993.4256022176,500647.942998619
8156,339.833333333333,"A","equilibrium",1470000,1250000,220000,1184025.57967101,996769.768098007,1358177.5146912,286652.695169202,111677.066580608,477910.763934043
8156,339.833333333333,"B","equilibrium",1590000,1440000,150000,1336338.77169844,1114028.74793553,1540079.07288905,276794.819803223,88484.0117074699,518389.08208272
8156,339.833333333333,"C","equilibrium",1070000,650000,420000,674740.202183131,562067.267717862,806162.463162332,341574.228410085,102848.494711102,619199.014495164
8156,339.833333333333,"D","equilibrium",1070000,850000,220000,855383.755181988,752003.248923083,963526.716422507,222621.730941553,44702.8072493138,459963.907016855
8204,341.833333333333,"A","equilibrium",1200000,1060000,140000,996102.106298406,827436.826989854,1141332.40673214,209182.866896939,70650.2624925925,383125.48734562
8204,341.833333333333,"B","equilibrium",1600000,1340000,260000,1287352.2904057,1061329.00386769,1497481.07881662,319256.429223109,110968.493324188,573649.811726107
8204,341.833333333333,"C","equilibrium",990000,760000,230000,762601.758216109,645577.092788355,882637.088942424,233523.086523326,49710.2086920343,479374.12572998
8204,341.833333333333,"D","equilibrium",870000,720000,150000,733647.163712843,634093.976017271,840526.449369585,183458.013486818,34008.6322183522,401197.115839792
8252,343.833333333333,"A","equilibrium",1250000,1090000,160000,1027524.12746945,865558.792741429,1186141.84047493,226488.392986056,71426.5898818519,391201.653090576
8252,343.833333333333,"B","equilibrium",1840000,1750000,90000,1602177.17136914,1372347.88289402,1805185.40126898,266424.475761914,83222.1961392783,508620.750592766
8252,343.833333333333,"C","equilibrium",1110000,720000,390000,734343.457011715,617153.850404863,856712.726627918,329515.598522812,93129.5229538885,603135.407233965
8252,343.833333333333,"D","equilibrium",1040000,920000,120000,912251.799813681,801072.605122914,1015948.05108929,181080.270376857,31770.9459960564,397141.645126574
8300,345.833333333333,"A","equilibrium",1270000,1200000,70000,1104741.17681467,921482.163306377,1237186.49515691,171361.104778393,38484.9241290898,363423.376462654
8300,345.833333333333,"B","equilibrium",1560000,1300000,260000,1252451.53361221,1031160.01361968,1462671.789303,315431.057907595,107153.560327685,567532.71373997
8300,345.833333333333,"C","equilibrium",810000,710000,1e+05,705301.166685275,590247.734237125,819856.950180641,173769.490943345,30019.6803317325,383437.194402267
8300,345.833333333333,"D","equilibrium",1010000,860000,150000,858829.717811075,752746.185298488,964594.535949904,191913.658992819,37245.856758544,412256.55160473
8348,347.833333333333,"A","equilibrium",1190000,1080000,110000,997631.545906111,845394.468924772,1141173.5357448,198256.381875925,60328.127344747,355119.509563811
8348,347.833333333333,"B","equilibrium",1670000,980000,690000,1073092.73837621,833444.264877168,1312898.7063196,564093.864001669,286743.789269178,853616.865637752
8348,347.833333333333,"C","equilibrium",9e+05,640000,260000,655304.53698219,542606.625255595,777257.915793112,244818.592939091,53617.3592549301,493836.321882025
8348,347.833333333333,"D","equilibrium",1280000,930000,350000,935237.527583133,826075.065568667,1047054.51765598,302397.553164288,80691.0190654397,564567.983486763
8396,349.833333333333,"A","equilibrium",1440000,1120000,320000,1125977.98158575,924056.728469977,1296916.4759008,312829.305856283,137011.240177485,521099.425297132
8396,349.833333333333,"B","equilibrium",1630000,1190000,440000,1206356.70078334,967710.854748661,1431143.00252767,408641.855062662,166589.597911442,681159.673660139
8396,349.833333333333,"C","equilibrium",1020000,590000,430000,621657.457554817,509142.98244541,750929.885206584,344890.848793505,105124.734183869,622105.192746084
8396,349.833333333333,"D","equilibrium",8e+05,730000,70000,735051.59654223,632428.136137026,839648.572229289,157068.83674862,25476.1298805438,359281.846232824
8444,351.833333333333,"A","equilibrium",1430000,1400000,30000,1234438.30590089,1077350.9709456,1380628.80084715,201763.433004522,61246.4995315327,359781.591483109
8444,351.833333333333,"B","equilibrium",1730000,1680000,50000,1518834.6401528,1292932.08897975,1721418.46497007,248036.252920331,77090.5425335015,477688.070258993
8444,351.833333333333,"C","equilibrium",1170000,1140000,30000,1101197.11811357,969174.39710501,1213673.24002492,162260.040977292,28365.8092402742,369457.863586823
8444,351.833333333333,"D","equilibrium",1210000,1110000,1e+05,1087667.66238807,973546.271733811,1191555.64338843,178895.128666346,31056.0020682515,391445.298445588
8492,353.833333333333,"A","equilibrium",820000,630000,190000,669546.69924632,505126.02834329,792111.853833836,160640.657818557,47231.7753261557,320916.793053665
8492,353.833333333333,"B","equilibrium",1580000,950000,630000,1035263.99236761,796906.757037402,1273757.82329035,515806.310498095,245047.019337156,804240.300118919
8492,353.833333333333,"C","equilibrium",6e+05,240000,360000,337232.966042517,234757.105540365,468662.168648523,254018.019224906,58014.8653913162,509985.604680103
8492,353.833333333333,"D","equilibrium",790000,590000,2e+05,622941.116278453,528828.979403452,734625.749849595,198672.543217987,37307.7353917763,427246.137139065
8540,355.833333333333,"A","equilibrium",1390000,1310000,80000,1181281.21820539,1014093.16738493,1335753.84211316,213452.431468228,65766.9190222155,386574.107046692
8540,355.833333333333,"B","equilibrium",2190000,1740000,450000,1702808.02680078,1445847.97032323,1947709.54398228,465095.108325462,197953.870624241,761342.31117414
8540,355.833333333333,"C","equilibrium",9e+05,560000,340000,590709.045525881,482704.831614854,715243.332071989,282599.211750586,69140.6026608747,547897.54361088
8540,355.833333333333,"D","equilibrium",1140000,870000,270000,876203.26411923,771138.791019255,986341.08776939,250310.679557849,55609.5121994091,500018.256846423
8588,357.833333333333,"A","equilibrium",1340000,1170000,170000,1099372.43456249,905977.899081754,1267901.03249511,243477.918270638,78138.4790483723,438601.865393733
8588,357.833333333333,"B","equilibrium",1750000,1290000,460000,1297317.60225031,1055706.59141089,1531790.46587559,433924.001909577,178837.225356953,718490.701831232
8588,357.833333333333,"C","equilibrium",690000,590000,1e+05,599364.763722738,493122.325072972,713575.504353643,170725.972130324,31340.1395006248,388693.232695511
8588,357.833333333333,"D","equilibrium",1e+06,1030000,-30000,1000631.8515795,884285.287479753,1101215.73283807,135736.646168399,21171.1107674509,318260.26540526
8636,359.833333333333,"A","equilibrium",1300000,950000,350000,978740.003069088,753188.011781711,1204583.68135029,320331.330374448,93758.4331106295,548989.330103267
8636,359.833333333333,"B","equilibrium",1700000,1180000,520000,1210666.73010497,969433.436164442,1450371.38656736,466428.428765275,201991.031189668,749170.098029365
8636,359.833333333333,"C","equilibrium",780000,580000,2e+05,597856.673854406,487537.141165855,716645.734662616,207239.438411595,41419.2911979085,438229.037527819
8636,359.833333333333,"D","equilibrium",1030000,680000,350000,710643.700287312,610977.117824759,828705.097447953,283680.416739737,73082.3423987076,535855.404208652
8684,361.833333333333,"A","equilibrium",1460000,840000,620000,966676.935914062,754599.270527988,1172484.22896759,488139.931512535,278836.448381856,709252.172248665
8684,361.833333333333,"B","equilibrium",1710000,1240000,470000,1257334.48622806,1016133.08587195,1490377.54315483,433432.654955708,181426.126858635,712058.30788757
8684,361.833333333333,"C","equilibrium",710000,810000,-1e+05,774444.610324636,646131.83990632,882505.173184088,122939.203119126,19232.5182431586,301645.209385365
8684,361.833333333333,"D","equilibrium",1260000,740000,520000,767671.38151608,667309.291691372,887397.543801659,416596.068161401,153693.932884921,692512.776222276
8732,363.833333333333,"A","equilibrium",1300000,1050000,250000,1063107.95003366,870433.197093979,1242903.53919024,238099.811687691,61934.824248495,439664.221396014
8732,363.833333333333,"B","equilibrium",1460000,1470000,-10000,1299202.18845453,1091160.42073462,1496271.95515369,215049.355918463,61428.133975495,426647.753762395
8732,363.833333333333,"C","equilibrium",1070000,750000,320000,758843.573253284,642660.235418294,880266.726634389,283352.859245164,71252.1941818919,542635.654006049
8732,363.833333333333,"D","equilibrium",1150000,1080000,70000,1057139.10625518,941989.136311865,1158965.75485456,167226.35170772,28975.6659762535,379156.810140483
8780,365.833333333333,"A","equilibrium",1350000,1150000,2e+05,1087202.93072252,900018.818193226,1263169.07912138,264579.251481055,89801.5655917435,454874.73565631
8780,365.833333333333,"B","equilibrium",1840000,1610000,230000,1525246.55717777,1292131.68366739,1737063.47659484,321778.792073696,110798.971770679,582821.513967989
8780,365.833333333333,"C","equilibrium",1110000,610000,5e+05,640026.855616206,527187.936108276,772531.355595999,402821.260362761,136576.46356086,687588.29125804
8780,365.833333333333,"D","equilibrium",830000,1e+06,-170000,957891.365241143,834206.630075628,1057754.17394306,105427.363859067,14914.9744792277,263311.017101321
8828,367.833333333333,"A","equilibrium",1220000,1370000,-150000,1101976.0497763,968564.636498921,1223761.30179693,133077.392568707,35700.5824078798,267224.292465591
8828,367.833333333333,"B","equilibrium",1860000,1100000,760000,1175745.27475955,930396.964923933,1435957.9184579,646097.593158079,349915.537247013,944597.211622142
8828,367.833333333333,"C","equilibrium",1e+06,660000,340000,678593.748985554,568452.166522945,800853.576895855,290620.926100363,72957.3740543451,553497.118879541
8828,367.833333333333,"D","equilibrium",1190000,730000,460000,758944.047172501,656802.954087509,877804.619257399,365666.191114856,117869.537363606,645133.102077693
8876,369.833333333333,"A","equilibrium",1170000,810000,360000,892081.350856352,703945.484552631,1048248.5456391,277707.22589151,118003.244078863,473853.457902246
8876,369.833333333333,"B","equilibrium",1430000,1710000,-280000,1385160.6468246,1179221.43996694,1599902.28690076,155485.358379569,40528.5693899987,333404.710635604
8876,369.833333333333,"C","equilibrium",590000,770000,-180000,728247.882522695,597832.296160842,836103.411208013,106362.20413004,15587.5353251826,265784.775843473
8876,369.833333333333,"D","equilibrium",8e+05,820000,-20000,808070.858406462,701209.026719745,906797.441540437,132820.498245499,21515.3743300731,310502.813073036
8924,371.833333333333,"A","equilibrium",1540000,1060000,480000,1116759.87342817,885936.963296096,1317819.28359478,419388.032288956,216338.003744792,658399.907864557
8924,371.833333333333,"B","equilibrium",1600000,1840000,-240000,1529797.47946761,1315692.06460897,1736830.25490749,168231.527846417,44201.5902903885,357009.549587896
8924,371.833333333333,"C","equilibrium",1170000,650000,520000,677628.126444665,560721.737523506,808008.570670868,418756.457932281,153006.698219487,706726.125187341
8924,371.833333333333,"D","equilibrium",1100000,920000,180000,916323.092123645,808423.325247114,1023621.72680519,205456.758278715,40184.9212938751,431779.203225096
8972,373.833333333333,"A","equilibrium",1380000,1280000,1e+05,1163081.15033201,1001828.90441179,1312828.75250215,221032.045100393,75766.6354293258,387872.672183292
8972,373.833333333333,"B","equilibrium",1850000,1570000,280000,1500742.00777102,1264013.52866849,1718801.60287848,349355.237628213,122513.238254381,617854.617344644
8972,373.833333333333,"C","equilibrium",1e+06,650000,350000,670509.955601077,556627.677148029,794711.995635695,295616.95392387,76517.2432959373,565369.911665287
8972,373.833333333333,"D","equilibrium",1250000,770000,480000,795343.645971419,691101.223507703,913675.286322344,383324.515796968,132747.13505623,663426.791769923
9020,375.833333333333,"A","equilibrium",1570000,1280000,290000,1225427.74694797,939709.047865144,1435802.0359293,343059.601308972,130463.005615532,631156.174864037
9020,375.833333333333,"B","equilibrium",1980000,1330000,650000,1363939.29397983,1113051.19881182,1616576.17722924,580674.082079537,293458.77607619,878696.036523257
9020,375.833333333333,"C","equilibrium",860000,750000,110000,743183.797270599,626161.170736584,855782.038985672,179145.422155208,31322.4391933615,399579.939733029
9020,375.833333333333,"D","equilibrium",1080000,1070000,10000,1042158.48969552,924324.666497766,1142060.72023557,148912.616226934,25867.173571662,344141.661322175
9068,377.833333333333,"A","equilibrium",1480000,970000,510000,1033241.31846785,836082.781806197,1229298.04018551,442803.362243643,240634.218394081,648446.704008249
9068,377.833333333333,"B","equilibrium",1820000,1380000,440000,1374487.63140909,1131233.20009269,1606743.08117211,428429.156249294,175920.014494793,711131.078433813
9068,377.833333333333,"C","equilibrium",970000,710000,260000,718808.203674078,602790.076086263,841277.388060408,248772.636112084,54937.6350816354,501579.313789999
9068,377.833333333333,"D","equilibrium",1070000,7e+05,370000,727960.567334417,626622.879611769,843859.687363616,300664.97322834,81996.7889910202,564643.228818975
9116,379.833333333333,"A","equilibrium",1330000,1080000,250000,1047268.0254323,831362.85521449,1223256.71844163,283571.92339836,107532.512434883,501446.246552439
9116,379.833333333333,"B","equilibrium",1740000,1340000,4e+05,1326159.00029924,1087031.39571107,1552926.1111838,402960.167891805,158402.468536397,684097.568008879
9116,379.833333333333,"C","equilibrium",1060000,810000,250000,811218.038288517,692433.797261068,932025.296668892,245031.357760846,52366.2101633296,494548.914844563
9116,379.833333333333,"D","equilibrium",1260000,920000,340000,925280.851577336,815865.913457376,1038000.27089176,294959.581260329,78544.4140894277,551970.255318871
9164,381.833333333333,"A","equilibrium",1420000,980000,440000,1016644.13703128,826621.869096596,1219508.52188304,400185.572945451,190718.241664422,599034.956581133
9164,381.833333333333,"B","equilibrium",1610000,1520000,90000,1389697.63946259,1168039.34537191,1592108.65678249,253406.776868045,75777.5948266229,489574.857821722
9164,381.833333333333,"C","equilibrium",1e+06,730000,270000,738251.394034858,620326.989013188,859826.455194875,253713.228363695,57637.401142308,509490.997781118
9164,381.833333333333,"D","equilibrium",950000,810000,140000,812768.28474847,708843.474451877,919028.41448484,184954.669647719,34000.4699654768,401791.455037827
9212,383.833333333333,"A","equilibrium",1610000,1280000,330000,1243329.70010382,1007174.06647946,1453600.82889779,364828.641484971,150270.134340691,605387.120848677
9212,383.833333333333,"B","equilibrium",1890000,1240000,650000,1285737.93671541,1034873.81247519,1531318.65479182,570528.205322112,285916.192334171,874002.50543215
9212,383.833333333333,"C","equilibrium",1030000,830000,2e+05,823892.165628913,700866.387872233,939343.677566309,221987.673961155,45544.5390386939,459900.11593609
9212,383.833333333333,"D","equilibrium",850000,9e+05,-50000,877747.715766027,766312.13318096,976150.246382893,128237.06377516,19934.1515024969,304472.0919695
9260,385.833333333333,"A","equilibrium",1470000,1350000,120000,1229964.93441781,1042330.68051897,1406047.54836108,243215.489979274,69684.6925524636,430609.847979045
9260,385.833333333333,"B","equilibrium",1880000,1320000,560000,1344823.33532015,1100527.71876761,1592454.78044624,507314.405841588,231787.043356445,797148.135470517
9260,385.833333333333,"C","equilibrium",850000,880000,-30000,848546.224571069,720576.058094794,960021.307605014,138649.055624112,22121.0946339047,327600.854758101
9260,385.833333333333,"D","equilibrium",1180000,830000,350000,844171.177943253,738553.252507772,957956.300236544,294279.613628686,75602.2493118748,553845.27721949
9308,387.833333333333,"A","equilibrium",1450000,1210000,240000,1175363.60517193,969874.443007382,1347035.80866023,275211.551512083,101519.201835635,488603.827065764
9308,387.833333333333,"B","equilibrium",1770000,1440000,330000,1398838.63806792,1155547.37959394,1623127.58049567,366987.480578565,133610.521342602,647134.149953868
9308,387.833333333333,"C","equilibrium",980000,690000,290000,702453.218376653,588934.390328492,822168.4717763,261948.003742552,61472.4047791075,518410.816571538
9308,387.833333333333,"D","equilibrium",840000,790000,50000,788121.53644538,682971.02534851,893504.312331696,152194.096097733,25431.1684114226,352782.886108316
9356,389.833333333333,"A","equilibrium",1360000,1240000,120000,1152874.59299264,978241.843965949,1298553.39874737,210909.407480275,68579.2892332646,389844.40529347
9356,389.833333333333,"B","equilibrium",1780000,1350000,430000,1340195.83092789,1101738.91014887,1571140.50491798,423397.074751782,170920.620410879,699596.622928646
9356,389.833333333333,"C","equilibrium",9e+05,670000,230000,680473.156660713,566870.147632792,802696.102917786,229195.852418178,46870.6772034586,477702.123561312
9356,389.833333333333,"D","equilibrium",1040000,730000,310000,751623.514363428,649468.4617062,864799.537910144,265048.020368417,63020.0119608678,519536.11413938
9404,391.833333333333,"A","equilibrium",1060000,940000,120000,899807.372863166,742464.355433779,1031874.19197019,167493.661042527,34711.7581555339,327714.55404089
9404,391.833333333333,"B","equilibrium",1830000,1370000,460000,1363917.20364835,1117108.9773664,1597741.86773532,448177.300070272,191773.055403034,736889.10651013
9404,391.833333333333,"C","equilibrium",790000,540000,250000,567899.958653208,458429.86861152,693352.332310863,230917.614568379,47630.7219176822,474084.026332518
9404,391.833333333333,"D","equilibrium",1170000,880000,290000,886993.082707436,778872.135975591,999457.233523635,261666.720654229,63096.1036558585,512984.64079001
9452,393.833333333333,"A","equilibrium",1310000,1170000,140000,1087995.69422875,921341.582975101,1240588.732291,225980.381045449,78487.4518554644,399734.78126298
9452,393.833333333333,"B","equilibrium",1770000,1150000,620000,1203720.25456631,959982.583659257,1446847.18808631,535265.694382466,256031.965980658,825515.531894464
9452,393.833333333333,"C","equilibrium",8e+05,610000,190000,623650.457898704,512466.844743332,741097.559573906,206859.265221018,40884.1570549227,442225.939326451
9452,393.833333333333,"D","equilibrium",1090000,8e+05,290000,813925.16351025,710886.522399981,925543.164559477,257832.60271973,60776.2835440143,505159.247305946
9500,395.833333333333,"A","equilibrium",1390000,1380000,10000,1209024.12437405,1034461.9198432,1351140.63360264,188148.598940046,57815.4561647968,359762.691218383
9500,395.833333333333,"B","equilibrium",1630000,1080000,550000,1132581.46251541,896050.736829032,1373114.62765797,474427.43973801,204052.441165071,759755.445754612
9500,395.833333333333,"C","equilibrium",840000,980000,-140000,928966.057019366,793281.509393412,1040360.83574785,117040.825173473,17740.187339844,284978.128200474
9500,395.833333333333,"D","equilibrium",1040000,860000,180000,861873.772575463,757145.496592611,969503.612306259,204232.767794793,39575.2343558922,434951.26552127
9548,397.833333333333,"A","equilibrium",1540000,1040000,5e+05,1101673.68842522,900866.08172176,1280389.13012882,434424.436119538,253603.159214084,642404.596487739
9548,397.833333333333,"B","equilibrium",1920000,1730000,190000,1618581.85645434,1386414.61804113,1831938.96979495,311283.381805421,105290.050696477,568072.569281557
9548,397.833333333333,"C","equilibrium",1110000,750000,360000,761465.94080875,644445.366894246,886015.206082006,309688.666937277,80581.6507882159,576504.812231843
9548,397.833333333333,"D","equilibrium",1130000,1150000,-20000,1114192.18484167,993017.942983932,1215685.5378336,140863.909083597,23475.1546295278,329389.386999785
9596,399.833333333333,"A","equilibrium",1420000,1240000,180000,1184150.41262999,983880.774467127,1337155.17536639,237570.006302674,84194.2713386005,441843.430953136
9596,399.833333333333,"B","equilibrium",1650000,1530000,120000,1409741.10920075,1187501.73387053,1612213.00411842,267656.633641798,83755.0354930117,508209.046683444
9596,399.833333333333,"C","equilibrium",1010000,570000,440000,605304.102288651,496446.322185921,736524.389991695,350912.74170475,109207.780715432,631113.251117193
9596,399.833333333333,"D","equilibrium",1060000,890000,170000,888507.70522773,782219.55431334,995474.148172436,199635.922583715,38256.6764721794,425827.973070337
9644,401.833333333333,"A","equilibrium",1410000,1580000,-170000,1290977.76555324,1151546.146703,1412842.33181601,132839.578756163,32667.8333765637,275859.494682029
9644,401.833333333333,"B","equilibrium",1970000,1630000,340000,1573296.55075966,1323656.76473159,1802457.58445595,387192.925071747,143425.523900378,669353.749155457
9644,401.833333333333,"C","equilibrium",840000,820000,20000,798175.282308031,677554.614661807,908031.384427299,152696.792311788,25094.4206318104,356241.119455711
9644,401.833333333333,"D","equilibrium",890000,1010000,-120000,972407.547739772,852758.448750692,1070867.35124214,114758.437860023,17151.5483326143,281798.517406242
9692,403.833333333333,"A","equilibrium",1500000,1200000,3e+05,1162367.56752166,943851.38004181,1354198.72259081,336742.851734027,142481.195315462,560981.100043628
9692,403.833333333333,"B","equilibrium",1720000,1410000,310000,1366079.78356916,1130971.15341058,1581444.90126811,350765.998059779,126655.566396205,621086.087566116
9692,403.833333333333,"C","equilibrium",920000,990000,-70000,946431.509325605,814521.260442207,1055245.42685171,132708.307481411,20238.885622761,317860.260162686
9692,403.833333333333,"D","equilibrium",1210000,9e+05,310000,906158.505861678,800122.826797046,1019055.59600026,275335.597771247,65369.3803647677,534894.386576619
9740,405.833333333333,"A","equilibrium",1290000,990000,3e+05,1002717.78817963,824310.793850907,1171508.87023347,287418.795428299,115642.136794077,474796.619410627
9740,405.833333333333,"B","equilibrium",2090000,1120000,970000,1216701.78445714,962523.167490129,1485123.80637159,825968.283679783,510056.314996027,1136234.13376506
9740,405.833333333333,"C","equilibrium",1130000,640000,490000,667344.56168646,553553.689322707,795394.908720953,395845.593346989,134413.74261815,683378.435686599
9740,405.833333333333,"D","equilibrium",9e+05,750000,150000,759251.88330679,658459.431369039,864711.732899158,184995.535592784,32906.680857458,400087.77614408
9788,407.833333333333,"A","equilibrium",1350000,670000,680000,829029.771318973,653385.632165773,1027484.44980484,516023.62076067,309428.083908249,699447.9886872
9788,407.833333333333,"B","equilibrium",1990000,790000,1200000,964250.597974013,719188.376914447,1223960.21507716,972940.150951027,661990.137386745,1275143.0618007
9788,407.833333333333,"C","equilibrium",630000,970000,-340000,891870.133830104,743246.118060476,1006740.44669937,86838.3281971163,12278.5741079013,221474.143343759
9788,407.833333333333,"D","equilibrium",1100000,670000,430000,704133.72875915,603066.39531126,821719.764654067,338548.776760843,103372.937274787,605982.878924602
9836,409.833333333333,"A","equilibrium",1120000,990000,130000,940642.90616096,776906.155120493,1073578.3134234,185662.529746543,60227.6886451242,355062.565221326
9836,409.833333333333,"B","equilibrium",2030000,1520000,510000,1508682.84014312,1252930.08385244,1749307.32823104,495211.996570615,224153.41704217,791275.22310751
9836,409.833333333333,"C","equilibrium",9e+05,830000,70000,812642.385599896,687782.202081385,924536.469186325,170136.058938389,29079.7689578516,381326.664462492
9836,409.833333333333,"D","equilibrium",1040000,940000,1e+05,928185.869371217,817872.867309534,1032275.35882812,174584.536551068,32467.213002186,388059.792483423
9884,411.833333333333,"A","equilibrium",1260000,1290000,-30000,1109656.56171445,957836.463830089,1242186.437969,160654.515924325,44120.845080535,315349.828539387
9884,411.833333333333,"B","equilibrium",2010000,1320000,690000,1358619.89227295,1096465.96630976,1619768.59232459,615091.096569092,321071.777744087,925362.601614807
9884,411.833333333333,"C","equilibrium",820000,730000,90000,722306.138913661,606917.983158168,837794.446093794,174107.304296366,29870.0320694353,390896.78867027
9884,411.833333333333,"D","equilibrium",1320000,930000,390000,937267.445599019,828895.347856529,1050503.15800548,328671.608528034,94670.1367184319,595432.024266865
9932,413.833333333333,"A","equilibrium",1650000,1050000,6e+05,1096044.76511601,889114.280012768,1305178.69538649,549214.456111939,326047.509822852,766117.257508352
9932,413.833333333333,"B","equilibrium",1920000,1400000,520000,1404966.00613817,1155336.08242561,1649909.55389277,489619.558823584,218335.127907688,780671.984152392
9932,413.833333333333,"C","equilibrium",850000,6e+05,250000,619944.600326491,509478.817774282,743201.460868161,234619.260033521,49915.2491063202,480549.247242474
9932,413.833333333333,"D","equilibrium",980000,980000,0,957218.923872062,844907.750345156,1056778.88132527,141718.174004263,22540.3628364638,328566.959570455
9980,415.833333333333,"A","equilibrium",1440000,1010000,430000,1061096.34975549,865390.585004356,1237885.13158649,375930.35109301,190537.631136254,580292.874385
9980,415.833333333333,"B","equilibrium",2040000,1340000,7e+05,1377844.53632598,1125522.01487254,1641767.98672495,623923.506811046,325964.102028686,931703.076945138
9980,415.833333333333,"C","equilibrium",9e+05,480000,420000,526868.709953311,421127.036153997,658605.838863376,326510.138746933,92527.6860317655,597039.084796556
9980,415.833333333333,"D","equilibrium",920000,810000,110000,811031.01655027,707139.380438617,915802.263677552,172862.471650144,29618.9417125771,387303.061443298
10028,417.833333333333,"A","equilibrium",1730000,1200000,530000,1246664.08803567,1029292.69645671,1443816.88424559,478243.645519434,278581.159293516,704355.17985175
10028,417.833333333333,"B","equilibrium",2150000,1740000,410000,1694804.36844254,1449036.33028802,1928218.28952469,436774.24994791,181134.928023282,724190.549026745
10028,417.833333333333,"C","equilibrium",1120000,7e+05,420000,719043.437216026,600592.882344568,849403.965702086,347958.754857149,103596.81721724,620774.32996601
10028,417.833333333333,"D","equilibrium",1380000,930000,450000,939187.645677809,830340.189727208,1058102.49970007,373829.067669438,121790.24963146,652711.478790109
10076,419.833333333333,"A","equilibrium",1420000,1440000,-20000,1254406.17427249,1081458.77244895,1392136.58674456,173646.588611102,39062.3347675535,349896.943112599
10076,419.833333333333,"B","equilibrium",2260000,2010000,250000,1901970.66636485,1659170.67654428,2121030.57942124,357087.613177739,132299.635088349,627718.210708406
10076,419.833333333333,"C","equilibrium",1110000,8e+05,310000,803017.90632971,681206.485096841,925474.648508432,281617.241790211,67883.6853025775,545304.418793232
10076,419.833333333333,"D","equilibrium",960000,1010000,-50000,980159.214477256,864630.429966551,1080113.95655676,130373.837167,20399.7422884998,310069.647293729
10124,421.833333333333,"A","equilibrium",1590000,1430000,160000,1336164.83956657,1122153.65221262,1514045.49094541,254845.773971072,77794.5844418722,478512.784245825
10124,421.833333333333,"B","equilibrium",1850000,1920000,-70000,1691508.39675345,1475403.90799326,1897813.24507954,214057.339569876,61157.02930265,424256.539585961
10124,421.833333333333,"C","equilibrium",1060000,860000,2e+05,852051.455488119,729141.885386468,968651.924769796,223932.85681503,44629.6547831428,463646.363481971
10124,421.833333333333,"D","equilibrium",1150000,1030000,120000,1014997.67839864,902861.331246347,1118743.45200343,185057.553130971,33879.2173200696,398203.472202238
10172,423.833333333333,"A","equilibrium",1460000,1230000,230000,1150029.10161628,945178.493315024,1353296.32226354,310548.146983706,108240.200759341,515601.067079032
10172,423.833333333333,"B","equilibrium",1700000,1340000,360000,1317226.43963341,1079885.49762692,1536597.3392933,375489.54256114,142824.602299506,644619.822467947
10172,423.833333333333,"C","equilibrium",790000,530000,260000,559533.739164931,452703.201717968,683049.898706829,234329.368058938,48325.4229464954,480270.000910452
10172,423.833333333333,"D","equilibrium",950000,870000,80000,863357.345034737,757551.525018064,965413.630258417,165087.799590246,27508.8779902596,367741.138599316
10220,425.833333333333,"A","equilibrium",1720000,1310000,410000,1276223.6363478,1078986.50280648,1479777.80477119,440223.200179704,226620.160986629,645317.084734362
10220,425.833333333333,"B","equilibrium",2160000,1470000,690000,1492208.7670992,1228616.5070573,1751942.14976774,630357.609280706,329736.931510491,939579.421400644
10220,425.833333333333,"C","equilibrium",960000,780000,180000,777054.275196194,658348.346009837,895169.951310051,209646.606598792,41367.7970884836,448300.60923971
10220,425.833333333333,"D","equilibrium",1200000,1060000,140000,1043651.50018592,928778.98412933,1145582.8265473,194141.380677331,35741.9186108581,419090.259114639
10268,427.833333333333,"A","equilibrium",1670000,1570000,1e+05,1419419.6536638,1242973.7415755,1586728.0032617,252915.732157731,87284.3800761004,433467.631116431
10268,427.833333333333,"B","equilibrium",2020000,1950000,70000,1780193.41123012,1548786.84336911,1985928.90440056,268101.915281881,83702.4540074784,507759.483907447
10268,427.833333333333,"C","equilibrium",1e+06,850000,150000,839623.328325613,720764.427347714,955851.477261699,199725.927225607,38724.7232692635,428018.952678486
10268,427.833333333333,"D","equilibrium",1050000,1040000,10000,1013532.48500678,898257.628314957,1115359.07723526,147373.301566432,23818.1503118541,343267.20257781
10316,429.833333333333,"A","equilibrium",1480000,1290000,190000,1217329.50089797,1017111.95814613,1380774.85973256,264101.080238585,101247.06167037,470437.726594155
10316,429.833333333333,"B","equilibrium",1750000,1710000,40000,1544469.52412834,1329275.96489189,1745579.02612097,243319.179027351,71593.7434274,471234.85102987
10316,429.833333333333,"C","equilibrium",950000,690000,260000,700226.439604846,583036.307031809,822829.445150544,246263.647568849,53567.1510469676,498527.162141259
10316,429.833333333333,"D","equilibrium",1e+06,860000,140000,857918.365717784,752855.803212757,965406.594202459,187735.904886981,33946.4705468929,411061.757368898
10364,431.833333333333,"A","equilibrium",1520000,1100000,420000,1112088.7888166,926701.793018266,1310483.58356636,404860.256755379,198338.453179296,596272.663929779
10364,431.833333333333,"B","equilibrium",2190000,1550000,640000,1563012.0562032,1308764.86121453,1827042.97636449,591123.76609297,290948.235815049,893388.493793346
10364,431.833333333333,"C","equilibrium",1140000,650000,490000,675505.887525521,560887.692666199,802098.784393349,397588.769025089,137013.292028439,680442.287112326
10364,431.833333333333,"D","equilibrium",1250000,810000,440000,830280.477671989,726200.666378584,948853.667584152,357987.417911268,113464.580490193,628124.831830657
10412,433.833333333333,"A","equilibrium",1540000,1400000,140000,1303760.4672031,1104796.88756222,1487216.87235412,238483.04185424,54239.6850889761,441336.130448259
10412,433.833333333333,"B","equilibrium",1930000,1460000,470000,1452262.58429395,1200852.80360315,1695598.49720784,456867.793938209,189958.085792353,745373.706461827
10412,433.833333333333,"C","equilibrium",840000,680000,160000,683913.7025445,570114.840929563,800857.011565248,196706.307095742,36459.0039898489,425373.274496113
10412,433.833333333333,"D","equilibrium",920000,910000,10000,892945.477247093,782336.558914916,994132.137864718,145083.705989375,23686.2503922,333689.158687845
10460,435.833333333333,"A","equilibrium",2e+06,1800000,2e+05,1660552.72327187,1425382.31592129,1881659.09334202,338586.710813359,114921.888604712,576004.470258843
10460,435.833333333333,"B","equilibrium",3e+06,2600000,4e+05,2506861.72524785,2242202.78873198,2758662.43372301,471295.655934172,195614.352066754,776629.73220825
10460,435.833333333333,"C","equilibrium",1800000,1400000,4e+05,1380605.88497533,1246033.43473205,1501157.51160987,362514.367484942,113843.938840061,642901.498717424
10460,435.833333333333,"D","equilibrium",1600000,1600000,0,1549854.08628868,1417489.83680739,1651964.33456851,151985.553153065,24704.9684622059,353930.95853766
10508,437.833333333333,"A","equilibrium",1740000,1530000,210000,1422783.34151159,1222482.35930534,1607551.83344214,316720.762531702,127924.481710932,521752.000413448
10508,437.833333333333,"B","equilibrium",2460000,2080000,380000,2002631.44939556,1751829.61003574,2242750.69554532,439881.546573672,183451.608059262,726531.068597884
10508,437.833333333333,"C","equilibrium",820000,810000,10000,787549.125978233,665579.642887184,896808.43057779,148587.903234771,24311.7373533893,344858.359885079
10508,437.833333333333,"D","equilibrium",1190000,840000,350000,852202.204519949,747794.107330396,964209.783743494,297392.539467205,75224.4274578173,562663.377271096
10556,439.833333333333,"A","equilibrium",1680000,1100000,580000,1155295.02651696,945002.064547617,1353071.91450783,519340.79368953,311828.951445675,739208.414780742
10556,439.833333333333,"B","equilibrium",2080000,1750000,330000,1681209.12180377,1427133.61118906,1916450.83773051,390321.778214065,144271.034980004,676880.461810917
10556,439.833333333333,"C","equilibrium",880000,660000,220000,670211.724361564,559093.530330461,789729.746428689,223805.64653949,45524.2331596157,461305.617005926
10556,439.833333333333,"D","equilibrium",960000,730000,230000,748127.34385221,647776.194478661,858640.494206433,219755.770154967,45763.8499646608,456860.372348614
10604,441.833333333333,"A","equilibrium",1530000,1220000,310000,1190399.33797255,1006046.87661664,1395199.82524831,338523.072967306,130987.467473368,529648.074464115
10604,441.833333333333,"B","equilibrium",1860000,1950000,-90000,1709222.42060076,1486139.40840989,1915445.50573428,211705.791864066,57984.2579235661,429120.099406826
10604,441.833333333333,"C","equilibrium",940000,780000,160000,775485.068461078,656291.80711802,891078.84275006,201166.737486032,38232.7519237297,435417.961817552
10604,441.833333333333,"D","equilibrium",1170000,1010000,160000,997633.983062362,885976.957929526,1100179.34124588,201424.518660535,38876.207171533,429844.482069368
10652,443.833333333333,"A","equilibrium",1680000,1410000,270000,1368610.68417144,1148911.88198863,1530561.43453388,309982.009694465,146778.512319494,537269.103821341
10652,443.833333333333,"B","equilibrium",1620000,1160000,460000,1183805.06830241,941734.554076999,1412399.30139697,419227.025384216,171422.194983179,699319.4649821
10652,443.833333333333,"C","equilibrium",850000,8e+05,50000,782594.588725868,660794.761996371,895837.904787568,161106.924747356,26198.0157069613,368102.392767766
10652,443.833333333333,"D","equilibrium",9e+05,1030000,-130000,989450.029935188,867558.124351233,1087909.4620668,113625.027370229,16872.1299482156,276840.805186842
10700,445.833333333333,"A","equilibrium",1800000,1180000,620000,1202506.33638227,992588.474290747,1429794.35178666,591913.542309902,355674.951862026,808182.587457176
10700,445.833333333333,"B","equilibrium",1950000,1860000,90000,1704772.81906012,1476269.33622842,1913350.12890677,271555.017947518,84150.8347415704,517049.635630078
10700,445.833333333333,"C","equilibrium",840000,910000,-70000,871846.20829265,742253.099012169,980076.324708378,130790.215774269,20022.5653545062,311400.071055995
10700,445.833333333333,"D","equilibrium",1150000,1200000,-50000,1158827.79422443,1035919.63336872,1256472.12275332,132897.500082017,21246.1273017992,317181.852417275
10748,447.833333333333,"A","equilibrium",1640000,1610000,30000,1429040.01247323,1260530.34894874,1589341.68800451,216065.915434687,65322.7167662699,390302.92794877
10748,447.833333333333,"B","equilibrium",2230000,1850000,380000,1789181.30277883,1531948.08816364,2029666.40850485,424625.16656371,168712.893477159,712737.045848175
10748,447.833333333333,"C","equilibrium",850000,860000,-10000,831729.867715975,707622.529645555,942146.481004471,144641.394583742,23893.7083319681,337255.057315443
10748,447.833333333333,"D","equilibrium",1250000,1e+06,250000,995557.600866844,886429.894552372,1103848.10274178,245028.500321001,55230.825485092,494733.430960805
10796,449.833333333333,"A","equilibrium",1430000,1590000,-160000,1299641.73515748,1137935.32869125,1427689.01454066,143356.49137499,35497.6007558196,299135.087266625
10796,449.833333333333,"B","equilibrium",1820000,1990000,-170000,1708955.90488022,1497415.6450428,1917206.88676939,188316.285032341,51630.6139812796,387132.955452486
10796,449.833333333333,"C","equilibrium",750000,870000,-120000,827507.785067279,699468.166458187,937470.562339326,120420.784688905,18020.4653552866,296700.352100678
10796,449.833333333333,"D","equilibrium",1200000,830000,370000,843272.086332917,738801.295860573,955674.306453836,312376.133676377,88043.9199211222,578975.913597303
10844,451.833333333333,"A","equilibrium",1660000,1060000,6e+05,1143325.16590002,912452.182912095,1345184.36866636,511523.062075336,306329.223307958,752730.135352741
10844,451.833333333333,"B","equilibrium",1820000,1260000,560000,1289643.31189956,1046043.9242861,1532516.9437589,504001.667063843,232718.59650088,795892.13504299
10844,451.833333333333,"C","equilibrium",640000,450000,190000,486819.652899843,385971.428680354,605889.801875237,195985.774762206,37487.8591166978,427024.093499004
10844,451.833333333333,"D","equilibrium",970000,880000,90000,873062.708354158,766826.107941638,977497.848813433,167998.172303968,29276.9973770948,375619.934435774
10892,453.833333333333,"A","equilibrium",1350000,1350000,0,1181072.44518296,1019355.20556795,1314956.49863214,176778.680841102,50264.38889249,337734.023093801
10892,453.833333333333,"B","equilibrium",1580000,1670000,-90000,1443718.42047711,1228259.18031479,1646563.47816874,202194.517019932,55901.9441895309,415728.646620481
10892,453.833333333333,"C","equilibrium",890000,960000,-70000,918815.801781425,786834.280315803,1028598.40967362,132122.180639714,20364.8839999721,319519.287389191
10892,453.833333333333,"D","equilibrium",910000,890000,20000,875724.983146385,766962.938772423,977133.205917662,145675.069256942,23863.6514630742,338022.259746775
10940,455.833333333333,"A","equilibrium",1660000,1390000,270000,1340184.70119505,1115567.16644975,1525465.83716793,318640.157808432,131203.745149565,545288.124214607
10940,455.833333333333,"B","equilibrium",1940000,1940000,0,1747106.68444782,1527143.62655171,1950476.6767228,235917.714474803,69137.9478345315,460932.08132477
10940,455.833333333333,"C","equilibrium",840000,770000,70000,757073.071378807,637861.819162314,870020.370446704,166441.89445022,27022.6525600425,375957.304971878
10940,455.833333333333,"D","equilibrium",1160000,1160000,0,1125812.74318829,1003919.78513963,1224777.00044422,147049.502449686,25013.6396804581,339496.213154635
10988,457.833333333333,"A","equilibrium",1510000,1250000,260000,1202662.63618832,945070.729791241,1388135.01786635,306847.338419846,119261.716096514,566565.00711587
10988,457.833333333333,"B","equilibrium",1810000,1460000,350000,1422276.65527216,1175696.82153199,1650588.74959901,379323.268902288,141272.99268195,657583.13749939
10988,457.833333333333,"C","equilibrium",1190000,570000,620000,608367.92242241,494627.555278771,743912.332184697,497072.944392296,216908.057406096,793939.785278942
10988,457.833333333333,"D","equilibrium",1310000,810000,5e+05,831051.798906543,728354.447929793,949162.734258985,403210.833567144,146259.637839651,681828.571181464
11036,459.833333333333,"A","equilibrium",1540000,1550000,-10000,1352870.40013257,1186328.17453203,1501063.02319505,194010.624530296,57384.073909835,360535.084118651
11036,459.833333333333,"B","equilibrium",1930000,1840000,90000,1683455.84254987,1450565.7212946,1889438.35135018,273063.845118138,87810.1834441261,517031.997867251
11036,459.833333333333,"C","equilibrium",1120000,1020000,1e+05,994504.529559973,865830.152182024,1106929.81395381,185197.273977194,32267.4595925288,405927.482634744
11036,459.833333333333,"D","equilibrium",1220000,1240000,-20000,1199972.0689435,1074700.87266135,1300907.74684984,141522.109102423,22960.1352351267,329885.621957769
11084,461.833333333333,"A","equilibrium",1890000,1650000,240000,1529778.18581492,1348241.77060655,1734035.78893494,358809.466716264,150376.438979062,544910.012097899
11084,461.833333333333,"B","equilibrium",2150000,1720000,430000,1679790.84258393,1430419.64696957,1919989.46172853,451018.188136571,187083.009237188,740916.113546802
11084,461.833333333333,"C","equilibrium",1200000,1040000,160000,1020766.80144775,894041.044142121,1136137.74853526,207340.281623449,40343.811445613,440706.813688479
11084,461.833333333333,"D","equilibrium",1120000,1010000,110000,994566.751028339,882332.23371748,1097061.29837237,180737.107166698,31963.2870947112,398181.538694311
11132,463.833333333333,"A","equilibrium",1870000,1660000,210000,1522309.02277039,1340555.04703243,1732012.17503156,346960.829388259,132945.590395139,531710.395440725
11132,463.833333333333,"B","equilibrium",2450000,2050000,4e+05,1981337.36203176,1729083.34936268,2220099.44987393,448784.286083316,184735.530054657,740088.210798777
11132,463.833333333333,"C","equilibrium",1050000,890000,160000,877583.598896806,755051.977409916,993171.243605411,206880.879983168,39412.7767517178,441757.3666827
11132,463.833333333333,"D","equilibrium",1120000,1020000,1e+05,1002680.8631705,890902.938305381,1104287.97732803,176346.548312113,31248.2419038979,387302.842642346
11180,465.833333333333,"A","equilibrium",1790000,1310000,480000,1300009.49688328,1099684.9935989,1529550.93693019,485269.0571342,250069.802703906,696039.003828927
11180,465.833333333333,"B","equilibrium",2060000,1610000,450000,1582850.34042197,1330854.03023514,1819854.19463168,456594.993588937,196873.621288427,745834.334152918
11180,465.833333333333,"C","equilibrium",970000,760000,210000,762213.04277628,646411.354583866,879669.526183996,222446.735854289,44630.9777692064,463846.04393875
11180,465.833333333333,"D","equilibrium",1290000,1010000,280000,1007049.36055755,899208.677414482,1114477.12398978,262462.40632785,61594.9207772965,515037.997672431
11228,467.833333333333,"A","equilibrium",1530000,1330000,2e+05,1240136.09309732,1048887.27623544,1426953.51408469,290837.887460101,105121.419496153,486718.266705654
11228,467.833333333333,"B","equilibrium",1910000,1750000,160000,1626969.16792947,1388364.00305893,1837549.43254458,298196.889077939,97567.6425593318,556769.61407501
11228,467.833333333333,"C","equilibrium",1080000,1020000,60000,989256.292510588,859711.894725356,1100196.62004481,171066.514404383,29406.9121024187,382336.629501916
11228,467.833333333333,"D","equilibrium",1110000,990000,120000,977282.43833216,868971.769892823,1078911.83968893,181520.771765437,34079.2378952454,397081.289592963
11276,469.833333333333,"A","equilibrium",1380000,1020000,360000,1048919.89455685,854598.717416986,1233965.4303579,329659.044300711,141231.459131013,530946.486045587
11276,469.833333333333,"B","equilibrium",1720000,1470000,250000,1401252.88424324,1166943.0580786,1612517.17532891,325020.181388187,113537.077818152,581961.862438129
11276,469.833333333333,"C","equilibrium",920000,730000,190000,732364.560252401,615221.933019489,852151.112677527,212214.872617603,43181.16780684,453009.515395898
11276,469.833333333333,"D","equilibrium",1150000,980000,170000,971127.161334941,859599.964938356,1078464.70362127,205978.683286679,40184.0782450745,434211.505374266
11324,471.833333333333,"A","equilibrium",1780000,1070000,710000,1129541.86574848,927408.880522996,1330437.70123504,644689.739992242,428957.305865662,854615.189244817
11324,471.833333333333,"B","equilibrium",2320000,1360000,960000,1420817.61236566,1154047.69625671,1690417.00714706,850229.684573092,534367.761519384,1171449.02426919
11324,471.833333333333,"C","equilibrium",1210000,580000,630000,618446.410086897,508184.77327267,751448.047461737,504889.011553876,220369.539770997,801520.958635142
11324,471.833333333333,"D","equilibrium",990000,880000,110000,874577.50739715,768384.863577333,979352.272021,176252.596184848,32041.8830182578,389213.911656679
11372,473.833333333333,"A","equilibrium",1720000,1180000,540000,1205218.31927612,995047.437156726,1427761.91166648,509919.524881382,283048.976448409,726694.022027519
11372,473.833333333333,"B","equilibrium",2080000,1530000,550000,1525992.84689601,1264520.23563487,1773741.56834561,524129.430940482,241322.351526833,826406.559824488
11372,473.833333333333,"C","equilibrium",1110000,990000,120000,966816.769214962,840212.238553826,1080832.52215042,192325.88823006,36157.5292781191,417791.19247176
11372,473.833333333333,"D","equilibrium",1330000,1100000,230000,1088339.18474756,973856.478434191,1197573.95947918,237583.646186011,51861.4675063123,486435.118771486
11420,475.833333333333,"A","equilibrium",1750000,1380000,370000,1335119.88498668,1130762.05211517,1544373.05671537,411630.231849396,194078.325092155,621379.485893906
11420,475.833333333333,"B","equilibrium",1860000,1870000,-10000,1673966.84494104,1449228.19459433,1876817.00509101,230779.986902809,66823.9420356295,453016.853146988
11420,475.833333333333,"C","equilibrium",990000,780000,210000,778888.609234354,661544.242050323,896380.080000373,225679.448230629,46990.6429679434,468227.912874349
11420,475.833333333333,"D","equilibrium",940000,1180000,-240000,1119362.2624263,983124.103349761,1221839.74304513,96843.4943569729,14009.1651976619,244528.630763936
11468,477.833333333333,"A","equilibrium",1570000,1420000,150000,1324911.91228768,1138502.4759242,1487603.22912372,247037.743733581,85960.6783887316,438935.66706315
11468,477.833333333333,"B","equilibrium",2280000,1690000,590000,1677248.19754391,1414113.70290733,1937596.72924855,570080.362698423,278820.681051757,878182.305647344
11468,477.833333333333,"C","equilibrium",1060000,820000,240000,819079.281954954,699805.830416323,938921.347365458,239976.491188055,51063.1191249999,484481.647327501
11468,477.833333333333,"D","equilibrium",1120000,980000,140000,969066.218762821,858287.157327841,1072341.60599514,191584.322941056,34722.8864563229,413534.617392858
11516,479.833333333333,"A","equilibrium",1780000,1450000,330000,1363740.80308976,1082599.32718639,1632671.08005174,413752.827199252,141906.580972605,697905.128727066
11516,479.833333333333,"B","equilibrium",1810000,1990000,-180000,1703529.76073918,1488563.5737527,1911532.2633579,186084.776408323,49958.4681643158,389885.220031929
11516,479.833333333333,"C","equilibrium",1070000,780000,290000,785317.465276119,667482.065039035,908626.387968014,267428.132777044,63364.3742955172,520831.432668294
11516,479.833333333333,"D","equilibrium",1e+06,1030000,-30000,1000654.15537734,884151.10659415,1101947.01602754,137744.12712723,22214.0422077965,326236.485885175
11564,481.833333333333,"A","equilibrium",1090000,920000,170000,903429.716361873,739753.636802951,1034097.33414113,191692.591887345,70115.6598936124,358941.734395133
11564,481.833333333333,"B","equilibrium",1310000,870000,440000,941871.974244426,723705.480368935,1154378.57535159,362120.465552168,136664.039076235,619481.105420998
11564,481.833333333333,"C","equilibrium",1020000,1220000,-2e+05,1149923.67018879,1001510.35979729,1266390.49545712,108595.444562339,15909.0990389831,271336.490089721
11564,481.833333333333,"D","equilibrium",1360000,940000,420000,947991.317647839,839380.89236042,1061467.56794943,353158.729361088,111714.230423074,621732.428118473
11612,483.833333333333,"A","equilibrium",1120000,1030000,90000,956096.158574721,793130.835945164,1087405.92423321,171240.200454464,47878.3536838031,338361.375013614
11612,483.833333333333,"B","equilibrium",1550000,1060000,490000,1102532.12365453,867921.148865828,1330695.76498539,430277.806250408,178911.526140225,707080.431591114
11612,483.833333333333,"C","equilibrium",1250000,1300000,-50000,1246247.53895898,1103395.76507517,1358031.69107294,140381.19121601,21860.1823519537,328993.006897165
11612,483.833333333333,"D","equilibrium",1460000,1330000,130000,1300218.17468523,1175639.67092024,1403178.74573718,195142.595662501,35859.5617342485,420316.086166079
11660,485.833333333333,"A","equilibrium",1610000,790000,820000,924337.871913382,741159.761482321,1134230.27964277,679497.274128548,457500.695989591,873704.379948974
11660,485.833333333333,"B","equilibrium",1270000,1050000,220000,1021006.53587578,810458.075665668,1215203.33265151,271311.945742034,85315.6860952025,509484.696454506
11660,485.833333333333,"C","equilibrium",1420000,1170000,250000,1150572.80795329,1020810.67596927,1266516.99811107,258281.319048563,60501.7343933434,508297.117442561
11660,485.833333333333,"D","equilibrium",1370000,1080000,290000,1072444.8688666,959421.753423343,1179757.85356226,270599.105017328,65704.9072374948,524653.049580414
11708,487.833333333333,"A","equilibrium",1520000,880000,640000,967323.921277422,790536.826142378,1168237.67032841,547554.727575539,334642.582294001,732183.081882945
11708,487.833333333333,"B","equilibrium",1580000,1080000,5e+05,1124107.30393292,892284.244152575,1352404.39145217,436554.580617649,185962.468897017,714504.821403945
11708,487.833333333333,"C","equilibrium",1470000,1170000,3e+05,1153110.5245539,1020460.07789249,1273178.02352764,289977.796327289,71771.2120814776,555663.611761644
11708,487.833333333333,"D","equilibrium",1530000,980000,550000,988247.795774501,879584.376858905,1101334.02903329,455946.100089558,182791.711922196,735696.564143847
11756,489.833333333333,"A","equilibrium",1510000,1210000,3e+05,1169394.57376036,983686.587199623,1358267.18914404,339171.102426803,145101.501941726,533132.670029081
11756,489.833333333333,"B","equilibrium",1680000,9e+05,780000,1014225.57325949,775196.150146415,1259580.38905549,627515.483410533,342866.09444055,923793.238796948
11756,489.833333333333,"C","equilibrium",1180000,1020000,160000,999973.27807895,873663.952574734,1115855.93287322,211617.745452775,39033.043716577,451442.569714322
11756,489.833333333333,"D","equilibrium",1720000,870000,850000,889900.496504736,782207.682715487,1010444.13056482,720835.341079862,423074.911293667,1018635.89719998
11804,491.833333333333,"A","equilibrium",1810000,990000,820000,1064924.45813602,866282.541533443,1283016.53754725,738740.040426763,507373.901539909,946533.66109914
11804,491.833333333333,"B","equilibrium",1690000,1220000,470000,1235980.9924393,994656.298469261,1468177.68357081,435871.121821984,180695.055130848,718460.552638461
11804,491.833333333333,"C","equilibrium",1550000,830000,720000,845302.474347909,725567.740766859,978135.376506381,608177.213453424,308379.303583917,902875.065339731
11804,491.833333333333,"D","equilibrium",1900000,1230000,670000,1224575.42266488,1106252.6436703,1336337.43742116,576026.126775902,290627.924250252,864799.66985365
11852,493.833333333333,"A","equilibrium",1670000,1230000,440000,1214793.06784841,978110.576107584,1419499.97663848,451440.998935126,236170.772675452,694043.302079065
11852,493.833333333333,"B","equilibrium",1550000,970000,580000,1048501.06573593,812195.92854296,1280675.86435576,476170.089916903,215083.983556117,761263.776512539
11852,493.833333333333,"C","equilibrium",1420000,1010000,410000,1006220.082937,881170.758018836,1129819.74062692,355935.036234265,107859.632211427,628911.517769802
11852,493.833333333333,"D","equilibrium",1540000,1170000,370000,1160875.77797583,1045610.02035392,1270017.05988059,325373.053855805,96461.6506069657,589031.247700549
11900,495.833333333333,"A","equilibrium",1590000,1170000,420000,1194409.50284407,981639.103922443,1392888.19404022,392183.504419144,192095.265268543,613938.628895083
11900,495.833333333333,"B","equilibrium",1360000,1030000,330000,1039959.37552139,828356.578344278,1241469.16280947,324241.970886642,114938.795238168,574748.970043222
11900,495.833333333333,"C","equilibrium",1260000,1040000,220000,1023372.66468697,895127.754423669,1138915.10394014,239763.658759097,50690.9701313941,487720.725762542
11900,495.833333333333,"D","equilibrium",1530000,1020000,510000,1023670.18477828,912122.170178948,1138813.00276551,426993.145037381,159436.428336148,713991.628917112
11948,497.833333333333,"A","equilibrium",1490000,1170000,320000,1164312.65914232,972196.385767278,1337152.38111162,324335.93324811,147749.620445013,528107.68187136
11948,497.833333333333,"B","equilibrium",1320000,1130000,190000,1077496.7291892,867864.948372601,1277701.52379066,267809.048066763,83489.6821215659,497042.63841606
11948,497.833333333333,"C","equilibrium",1390000,1140000,250000,1120745.44072861,990654.614571772,1238221.29711858,259128.579444987,57849.878516137,515649.224409649
11948,497.833333333333,"D","equilibrium",1350000,890000,460000,902228.393411334,795886.339441864,1017298.69046523,381307.732578549,129947.791306811,655925.491607602
11996,499.833333333333,"A","equilibrium",1400000,1100000,3e+05,1107105.74367386,892272.600543066,1327790.52843221,292166.082492559,72156.197769378,512295.123335467
11996,499.833333333333,"B","equilibrium",1580000,1e+06,580000,1067818.65839429,826491.260061786,1303453.58531954,487217.864316744,218686.875219032,774307.34044427
11996,499.833333333333,"C","equilibrium",1370000,990000,380000,986176.482187586,861336.076852759,1106967.45000734,334917.926878504,95153.762524145,612133.357493525
11996,499.833333333333,"D","equilibrium",1490000,1110000,380000,1105577.44607813,992983.005316237,1214743.37046771,329702.160423671,94825.676212086,601653.806992209
12044,501.833333333333,"A","equilibrium",1470000,990000,480000,1030231.64806676,849225.20864893,1244344.65867007,436063.152935341,213082.938481066,625328.828661734
12044,501.833333333333,"B","equilibrium",1380000,890000,490000,963650.546663233,733638.668587227,1184453.08601371,403410.461464834,169301.208170765,672312.782444603
12044,501.833333333333,"C","equilibrium",1400000,1170000,230000,1149645.57330649,1020692.72602261,1267159.22124923,245380.556177838,52649.7179313968,495239.015871765
12044,501.833333333333,"D","equilibrium",1520000,1090000,430000,1087765.75380969,973128.814305524,1198951.92157536,368224.429769612,121678.946008439,644700.818212055
12092,503.833333333333,"A","equilibrium",1430000,910000,520000,970268.695591024,787062.332250992,1197626.13807242,456283.898330986,225455.021409011,646877.900501967
12092,503.833333333333,"B","equilibrium",1460000,960000,5e+05,1024112.72239471,795646.579999997,1250306.50079863,418811.123796153,173396.062837844,690452.106421079
12092,503.833333333333,"C","equilibrium",1330000,960000,370000,956477.72910435,831904.339496591,1079372.55643817,327962.036434017,90602.6735384529,599828.114262913
12092,503.833333333333,"D","equilibrium",1270000,1090000,180000,1075178.54204701,961001.302543831,1182402.53311755,212470.345938496,42525.6545653206,446266.540250117
12140,505.833333333333,"A","equilibrium",1420000,830000,590000,929050.078323614,753764.433813399,1140039.43329016,486310.156594952,264898.428726301,669320.996045735
12140,505.833333333333,"B","equilibrium",1760000,750000,1010000,919690.637626347,681421.186794757,1174931.70424347,793744.741622131,489047.907935141,1089651.25214041
12140,505.833333333333,"C","equilibrium",1550000,910000,640000,919183.915496212,799080.396677663,1050563.99462234,540406.12530165,252027.774900374,836317.585661064
12140,505.833333333333,"D","equilibrium",1450000,1180000,270000,1165988.23937211,1051244.11412635,1276148.36881462,264245.260805608,62743.9627220527,520624.698189301
12188,507.833333333333,"A","equilibrium",1520000,860000,660000,995146.118401163,788807.26850225,1168111.80281344,519407.205436102,334864.186278232,735197.216188051
12188,507.833333333333,"B","equilibrium",1620000,1190000,430000,1201648.69403267,968940.388420063,1422195.20923584,406018.39905352,164296.152429244,680852.302571471
12188,507.833333333333,"C","equilibrium",1400000,1070000,330000,1058693.44343862,930850.527404646,1179520.70963936,305190.270389873,80449.3515353324,571320.824051196
12188,507.833333333333,"D","equilibrium",1410000,1260000,150000,1235160.89762901,1117149.36451741,1337868.34011369,202543.407677571,40111.2453908977,432131.646692652
12236,509.833333333333,"A","equilibrium",1470000,1010000,460000,1044175.61733103,841415.539316218,1243345.22137533,422623.404277736,215028.954962099,632372.850627475
12236,509.833333333333,"B","equilibrium",1320000,860000,460000,932326.805142268,716321.106159982,1147710.78918961,379093.976654399,148992.112793011,635966.54489115
12236,509.833333333333,"C","equilibrium",1440000,1020000,420000,1015973.22108611,891202.183015853,1138910.23861777,366412.393447008,116741.290661116,645367.285061664
12236,509.833333333333,"D","equilibrium",1230000,990000,240000,985842.900644837,874127.233378132,1092461.72982036,236704.705273352,51121.9945854829,482948.45327639
12284,511.833333333333,"A","equilibrium",1500000,760000,740000,910918.071009857,708393.522434482,1143091.15425777,583313.751055284,347559.165686625,795136.256502402
12284,511.833333333333,"B","equilibrium",1310000,860000,450000,930044.650771763,712144.909703854,1146835.46999926,372475.832536214,145724.857939765,630585.524866135
12284,511.833333333333,"C","equilibrium",1650000,1040000,610000,1040417.7723839,915521.070990961,1166619.69883728,520947.02007157,240188.004137123,819888.081636641
12284,511.833333333333,"D","equilibrium",1420000,980000,440000,986367.399098445,877611.282188109,1099716.40753987,366139.542803768,118429.854117057,644409.145071809
12332,513.833333333333,"A","equilibrium",1270000,910000,360000,964603.229133402,775111.593584273,1131446.20549589,304430.851131962,132978.113196627,502433.605735401
12332,513.833333333333,"B","equilibrium",1280000,810000,470000,894152.618649655,676154.840904152,1109875.817417,377345.02791613,143015.755162301,639533.000534198
12332,513.833333333333,"C","equilibrium",1230000,1080000,150000,1056027.91703218,925591.019370521,1170797.01936961,206893.247888496,39448.4157701914,439431.73434381
12332,513.833333333333,"D","equilibrium",1490000,860000,630000,879173.129782157,774509.753074283,996749.943920538,519478.70278141,239938.596938309,811802.959099903
12380,515.833333333333,"A","equilibrium",1270000,910000,360000,958250.099581225,788965.86895646,1141980.07124371,310906.792666342,124230.288401073,490007.499872588
12380,515.833333333333,"B","equilibrium",1280000,810000,470000,895866.875120507,675747.83651976,1113681.23063178,376721.696086882,147880.625887008,643061.450518087
12380,515.833333333333,"C","equilibrium",1230000,1080000,150000,1057473.3926409,931309.727102456,1171989.17859669,205281.551390496,40254.2918241065,435768.026990696
12380,515.833333333333,"D","equilibrium",1490000,860000,630000,878776.772190804,772076.481527037,998343.595376708,520033.202423034,243091.123661222,807168.811209742
12428,517.833333333333,"A","equilibrium",1390000,1030000,360000,1068738.92796513,871366.604013823,1235349.78825128,319826.581980684,148463.418526322,524877.545770909
12428,517.833333333333,"B","equilibrium",1200000,770000,430000,857400.443975481,639462.777355665,1063894.82110183,341436.057854709,124362.898575768,591744.75651349
12428,517.833333333333,"C","equilibrium",1470000,780000,690000,798900.177418095,678886.390427914,932563.474085193,576828.793663959,279000.272143777,883922.497565815
12428,517.833333333333,"D","equilibrium",1280000,980000,3e+05,979017.793167509,869893.847441157,1087588.68428465,271741.568693461,67689.1884687003,524583.308549848
12476,519.833333333333,"A","equilibrium",1290000,970000,320000,974783.489814671,784434.340890431,1170370.99897993,315162.453535957,118302.100257715,514289.164797009
12476,519.833333333333,"B","equilibrium",1360000,860000,5e+05,944597.752223003,716583.969125558,1167047.78205218,401525.694819753,161237.262062903,672977.93396447
12476,519.833333333333,"C","equilibrium",1190000,860000,330000,862274.397484523,736236.145587732,986912.188227725,294408.887740309,73518.0803879019,563464.060748519
12476,519.833333333333,"D","equilibrium",1040000,890000,150000,887404.262769382,778954.835248653,991405.809824621,192813.328780382,36559.4026752277,416808.437553901
12524,521.833333333333,"A","equilibrium",1340000,830000,510000,915499.969946359,704298.351877898,1120672.94235126,421200.236298781,208372.640994787,638877.779991463
12524,521.833333333333,"B","equilibrium",1180000,1010000,170000,965808.914627716,764575.190505771,1156571.74714279,248049.157200799,76699.8774126294,477910.429880299
12524,521.833333333333,"C","equilibrium",1350000,1060000,290000,1047101.27229416,918700.098646146,1166092.97454505,280978.760691277,70301.9448550217,543589.855074239
12524,521.833333333333,"D","equilibrium",1400000,1050000,350000,1047663.68364722,937139.2866792,1155731.25216424,307924.63294709,82754.8659199073,571429.039396886
12572,523.833333333333,"A","equilibrium",1190000,1290000,-1e+05,1064635.85943323,929813.790706003,1188407.63579379,138585.37192294,31975.4715003151,275762.887150945
12572,523.833333333333,"B","equilibrium",1410000,1530000,-120000,1301978.9917925,1097293.43523357,1496395.51985147,185555.865142733,50124.2978627047,376967.312607528
12572,523.833333333333,"C","equilibrium",1500000,1290000,210000,1262874.22320299,1131844.52546305,1377816.7989881,240373.672242351,52394.5309241651,489319.139274393
12572,523.833333333333,"D","equilibrium",1330000,1410000,-80000,1357273.07607106,1224465.44149961,1459943.19706235,129806.421343502,19425.262706146,311529.283328239
12620,525.833333333333,"A","equilibrium",1550000,1030000,520000,1095545.18440921,890581.878260559,1300630.68657853,450134.444350871,241089.283728868,661965.533224072
12620,525.833333333333,"B","equilibrium",1430000,920000,510000,991188.190343114,766043.002401849,1211673.25015114,422917.36930781,177799.438521543,689831.783933638
12620,525.833333333333,"C","equilibrium",1360000,910000,450000,912549.388804694,790662.867209389,1036487.80372256,385582.324957081,128807.965304306,667759.96000098
12620,525.833333333333,"D","equilibrium",1750000,960000,790000,973843.665297959,864307.493601959,1095756.07682747,669657.202771632,374204.603971974,962810.270488416
12668,527.833333333333,"A","equilibrium",1150000,1250000,-1e+05,1035464.69273172,896231.462497982,1150647.72327972,128455.286222836,37337.8919233861,270172.124618242
12668,527.833333333333,"B","equilibrium",1330000,1220000,110000,1123349.74359391,912884.157374883,1318282.20823526,243982.169636027,73532.5267076506,466933.129502614
12668,527.833333333333,"C","equilibrium",1360000,1080000,280000,1065253.43767482,932936.94993329,1186205.54853732,274711.640446981,63916.9005600777,536922.233342425
12668,527.833333333333,"D","equilibrium",1350000,930000,420000,938498.827967554,830886.632411256,1055269.50297749,350203.570368664,108566.263638185,622252.838223737
12716,529.833333333333,"A","equilibrium",1390000,1240000,150000,1167670.46722879,977391.134336913,1312660.69274161,225157.402664979,82714.9382953638,423592.723247133
12716,529.833333333333,"B","equilibrium",1730000,880000,850000,1007341.35383631,760230.300173544,1258716.39969469,681291.205817879,385811.538927915,976485.380508493
12716,529.833333333333,"C","equilibrium",1410000,1320000,90000,1281987.78955793,1149657.44316954,1395413.32831784,184945.182362614,33731.572383554,401394.869292191
12716,529.833333333333,"D","equilibrium",1560000,960000,6e+05,970780.721466987,860368.942200799,1087919.86122238,498645.233230969,216424.485173477,784344.382579943
12764,531.833333333333,"A","equilibrium",1280000,1270000,10000,1119348.01690406,958978.73439576,1246205.44996571,169139.072016301,50969.4549365687,335100.247434688
12764,531.833333333333,"B","equilibrium",1230000,1150000,80000,1052206.08342545,848796.644860994,1241670.99226966,223428.179377453,67284.2906628679,437452.733204049
12764,531.833333333333,"C","equilibrium",1790000,1300000,490000,1286577.51026489,1153533.93629296,1410093.17994782,428921.236526412,157535.806998931,723040.842783727
12764,531.833333333333,"D","equilibrium",1580000,1320000,260000,1298796.94050276,1179696.69179106,1404435.8168274,262439.361444406,61432.8429020354,516384.426354539
12812,533.833333333333,"A","equilibrium",1270000,1210000,60000,1090837.31957137,924967.534806259,1227285.40210517,185837.000730683,55569.2249898459,353614.242619929
12812,533.833333333333,"B","equilibrium",910000,1140000,-230000,891354.333893038,703361.206941663,1086853.59660551,143220.242379298,36262.7406629293,305105.327569666
12812,533.833333333333,"C","equilibrium",1680000,1520000,160000,1482094.50344331,1344183.93487099,1598249.68055647,219786.882262991,42676.2366693133,458459.95247369
12812,533.833333333333,"D","equilibrium",1390000,1310000,80000,1276757.60574831,1154085.91094092,1377194.30169647,175892.717197795,31314.7729954066,387915.843848776
12860,535.833333333333,"A","equilibrium",1410000,1220000,190000,1167785.3441779,974748.940843903,1330007.72418287,243986.366678342,82367.6055716368,442547.029889234
12860,535.833333333333,"B","equilibrium",1130000,1150000,-20000,1005602.0154974,812634.842946166,1196349.91385724,193134.538353062,53919.8476589557,385916.612134625
12860,535.833333333333,"C","equilibrium",1500000,1220000,280000,1199675.57017767,1070390.0886502,1317057.37003921,278724.99836969,64891.8226639382,541341.854282295
12860,535.833333333333,"D","equilibrium",1240000,1070000,170000,1056262.95102949,943844.489054304,1159131.27326472,208051.777386497,40803.4772377052,439186.113507038
12908,537.833333333333,"A","equilibrium",1210000,1120000,90000,1036952.48142178,869692.616907863,1163085.38478479,179600.842674294,58598.3410093441,352763.467132717
12908,537.833333333333,"B","equilibrium",1550000,770000,780000,914289.558545516,684563.412910953,1159512.77574783,599898.578732408,321150.635006599,882225.759800327
12908,537.833333333333,"C","equilibrium",1530000,980000,550000,982452.681791203,858171.999104592,1111038.67873383,468227.044504782,189179.980560116,759905.541488637
12908,537.833333333333,"D","equilibrium",1360000,1240000,120000,1213774.33467092,1095298.40611874,1316187.95031537,189293.948200835,36391.9483060844,408057.631779544
12956,539.833333333333,"A","equilibrium",1230000,1030000,2e+05,978599.678884545,818310.641932946,1150192.31768815,254210.213224032,85303.6246840906,417870.129029924
12956,539.833333333333,"B","equilibrium",1390000,1100000,290000,1086190.46433882,872982.146192113,1289563.50910083,312400.54887965,108086.927218207,559008.149648515
12956,539.833333333333,"C","equilibrium",1530000,1240000,290000,1220564.62932517,1088363.14268973,1340094.31447591,284091.679773356,72866.268976545,547970.261698597
12956,539.833333333333,"D","equilibrium",1590000,1420000,170000,1390011.95891707,1270403.685163,1493004.99797609,214797.434956747,44658.4689303101,446737.99475924
13004,541.833333333333,"A","equilibrium",1160000,1140000,20000,988291.933891511,824448.402783188,1131696.49499699,181142.640676057,51019.2960260164,344484.703009625
13004,541.833333333333,"B","equilibrium",1180000,1170000,10000,1035963.71770323,835443.467998423,1224561.33709079,205384.306963654,58845.9879032676,410300.940578047
13004,541.833333333333,"C","equilibrium",1210000,1180000,30000,1140610.67594066,1007074.81931621,1252892.37576239,162897.325573307,27278.1544954544,370851.096507282
13004,541.833333333333,"D","equilibrium",1440000,1260000,180000,1236815.70712137,1117618.72070571,1341600.46985627,216881.078685005,43723.6453139921,449045.762869988
13052,543.833333333333,"A","equilibrium",1240000,860000,380000,936331.825017511,743551.721359231,1106592.39646663,302398.306331215,129515.318685143,501248.021072205
13052,543.833333333333,"B","equilibrium",1290000,890000,4e+05,944666.206485298,729343.721278219,1155470.58708583,343341.356174536,123662.556212496,600047.055797773
13052,543.833333333333,"C","equilibrium",1620000,1450000,170000,1414646.39210115,1279408.9952797,1530072.23264197,222497.282387344,45661.0839683603,464546.496544458
13052,543.833333333333,"D","equilibrium",1570000,1190000,380000,1180095.45372525,1061436.08528563,1289412.38568461,336293.485214971,95895.2107836813,609332.13803827
13100,545.833333333333,"A","equilibrium",1280000,850000,430000,940725.756614269,739402.734056708,1129876.94340897,337365.309063267,144904.514250167,547653.677518652
13100,545.833333333333,"B","equilibrium",1400000,970000,430000,1014672.3179693,789621.947614166,1230840.29969943,378028.828596656,144469.385442787,645926.005116285
13100,545.833333333333,"C","equilibrium",1210000,1060000,150000,1036540.94931716,910797.998003919,1150557.38475072,205719.277991641,39609.852137067,438418.277486693
13100,545.833333333333,"D","equilibrium",1360000,1250000,110000,1221330.82454041,1101069.05956812,1325536.69014703,186227.764343246,33920.0993177901,409128.707745278
13148,547.833333333333,"A","equilibrium",1320000,1040000,280000,1021916.53113996,840308.580548472,1201768.12634869,298298.900099362,119762.714741324,481869.559471759
13148,547.833333333333,"B","equilibrium",1700000,1020000,680000,1104488.83909329,861696.274975588,1356138.60337041,562321.976398341,277928.444332734,857296.995672132
13148,547.833333333333,"C","equilibrium",1430000,1190000,240000,1168960.06510848,1039886.06183098,1286368.23635409,252378.748888131,55640.8162657615,511944.117041574
13148,547.833333333333,"D","equilibrium",1690000,1010000,680000,1018244.81801867,904649.251686865,1135212.61981804,573729.045990921,285924.542150441,864021.63830846
13196,549.833333333333,"A","equilibrium",1300000,1100000,2e+05,1058423.10121285,828276.322222525,1217857.283233,243868.432340827,85333.230401361,474109.557571426
13196,549.833333333333,"B","equilibrium",1900000,1e+06,9e+05,1107936.43985126,859477.766652049,1365262.94806525,747581.80899397,443417.596003988,1052284.43526403
13196,549.833333333333,"C","equilibrium",1900000,9e+05,1e+06,912222.979540525,789929.316553343,1042129.92885851,876180.362609835,570719.775664681,1178143.29753351
13196,549.833333333333,"D","equilibrium",1500000,9e+05,6e+05,914842.627123966,806128.001156965,1033181.44668863,494695.695257818,211463.178089625,784925.059005145
13244,551.833333333333,"A","equilibrium",1530000,970000,560000,1032325.42475138,831676.943622396,1244031.29684605,492856.69855999,267401.988183485,704089.865650656
13244,551.833333333333,"B","equilibrium",1690000,1080000,610000,1146094.58469479,906388.009012301,1391781.60367472,515412.661107147,241657.58932077,804686.217186057
13244,551.833333333333,"C","equilibrium",1410000,980000,430000,978204.567059429,852684.86861009,1105405.99292528,371456.396099634,122990.00780335,652802.142847395
13244,551.833333333333,"D","equilibrium",1190000,960000,230000,956542.430348514,848894.655641636,1063181.77082272,232933.63478887,51425.8074973524,474483.552739129
13292,553.833333333333,"A","equilibrium",1280000,920000,360000,970310.26230632,761532.310699089,1133312.78478293,309053.13752122,141907.664148485,521252.478987017
13292,553.833333333333,"B","equilibrium",1250000,920000,330000,948563.291078174,738060.024044888,1149144.5525286,308954.651316597,106422.863267884,557143.829764079
13292,553.833333333333,"C","equilibrium",1070000,680000,390000,698862.301781441,582167.414507875,823851.398382203,327215.344303546,91152.4381973925,604904.124411105
13292,553.833333333333,"D","equilibrium",1330000,1010000,320000,1007716.82636678,895545.131543774,1118855.09865712,288216.223358155,71496.8412872501,548182.902304768
14108,587.833333333333,"A","equilibrium",1290000,440000,850000,728726.776335742,534157.60831499,954139.983236483,555535.759709321,324694.585596071,760171.890921659
14108,587.833333333333,"B","equilibrium",1500000,550000,950000,777099.671905956,555245.37635565,1022375.89793435,679879.627322934,397268.008959431,961598.503298762
14108,587.833333333333,"C","equilibrium",1410000,570000,840000,612443.240395644,498653.9969927,748945.080225651,695328.0214019,394684.708561687,998407.273116146
14108,587.833333333333,"D","equilibrium",1260000,610000,650000,657179.259803521,558528.22609278,783664.602896362,511703.594357282,233515.159480449,797692.159672515
14156,589.833333333333,"A","equilibrium",1230000,610000,620000,774077.149159279,575499.041788321,970697.507231636,452093.947543832,244115.963845766,659076.132682679
14156,589.833333333333,"B","equilibrium",1190000,690000,5e+05,813029.647909987,600810.016518742,1028921.66708291,369719.367651735,142514.074303037,625391.50800283
14156,589.833333333333,"C","equilibrium",1270000,8e+05,470000,811291.972926188,689639.07257173,937968.01405658,393453.874674438,133376.391525704,681227.134558369
14156,589.833333333333,"D","equilibrium",1210000,670000,540000,707341.05750917,608107.062090807,831334.534352971,423859.586073944,158689.902701334,706167.871575234
14204,591.833333333333,"A","equilibrium",1250000,740000,510000,866855.371469784,651497.140363364,1105844.65870759,380208.59456196,141531.549275105,602158.22073867
14204,591.833333333333,"B","equilibrium",820000,720000,1e+05,701086.592783367,523089.81693364,875790.756223877,188595.329687961,53101.053954438,379461.350649258
14204,591.833333333333,"C","equilibrium",1380000,820000,560000,832814.894100085,711996.969393755,962454.808394552,465902.125302,188748.967480902,761116.261023379
14204,591.833333333333,"D","equilibrium",1290000,840000,450000,857572.894600832,750972.696319992,973289.504973472,366168.79906138,116342.080452216,639469.347196839
14252,593.833333333333,"A","equilibrium",1400000,1020000,380000,1054659.35044197,855479.353697071,1238549.38005184,343271.205747997,153894.182800234,549289.766027832
14252,593.833333333333,"B","equilibrium",1260000,1050000,210000,1017872.26251311,809477.142076819,1214416.7216832,267564.967684829,83413.5315749713,497088.454688261
14252,593.833333333333,"C","equilibrium",1420000,1070000,350000,1060769.05194637,932105.776635043,1183491.39622798,315920.285211674,86840.851476075,583142.960252286
14252,593.833333333333,"D","equilibrium",1300000,1090000,210000,1077450.83476601,963586.345762661,1182396.68580027,224972.064457909,47833.9179659656,464683.162043937
14300,595.833333333333,"A","equilibrium",1460000,1120000,340000,1140215.68534606,929450.580910477,1346054.05253414,318365.576846271,111689.727441234,537243.986975029
14300,595.833333333333,"B","equilibrium",1400000,1240000,160000,1165572.98904669,953331.092250492,1361071.10116076,260708.965074285,83476.4955071615,487862.313649323
14300,595.833333333333,"C","equilibrium",1320000,1310000,10000,1262646.17625044,1122740.81084014,1374114.08910644,158819.614616705,27088.731277986,364995.72216941
14300,595.833333333333,"D","equilibrium",1660000,1510000,150000,1474896.7283178,1350282.87250251,1577658.43460697,208097.480370146,40681.1807870707,438216.933808495
14348,597.833333333333,"A","equilibrium",1440000,1110000,330000,1110250.8880394,925773.72520154,1304066.99583378,328763.59323247,131200.991306457,519814.212654283
14348,597.833333333333,"B","equilibrium",1200000,9e+05,3e+05,921109.649679126,706710.324599072,1120765.28635667,292797.561695701,98684.7889407228,536136.209978266
14348,597.833333333333,"C","equilibrium",960000,1200000,-240000,1125455.46570327,976229.062820121,1240459.49617837,101921.98664799,15055.2602374821,254096.964139552
14348,597.833333333333,"D","equilibrium",1060000,940000,120000,931256.269101641,821854.54799882,1036073.83100183,180984.64836109,33152.9983073063,399230.112023329
14396,599.833333333333,"A","equilibrium",1410000,1250000,160000,1169233.87150645,989913.463854071,1324018.11065115,243111.361477369,88541.1208952183,426533.469793954
14396,599.833333333333,"B","equilibrium",1200000,1040000,160000,987511.637939031,782764.537265585,1179610.18085669,247184.62237767,75930.2272579276,472332.986103153
14396,599.833333333333,"C","equilibrium",1550000,1070000,480000,1066654.89861055,941438.06852441,1193444.54561649,413605.44541509,148397.131524031,702883.064291725
14396,599.833333333333,"D","equilibrium",1180000,1160000,20000,1128387.64805542,1008912.12555643,1228716.94882055,153373.905722966,26131.559329959,351820.715524162
14444,601.833333333333,"A","equilibrium",1450000,1150000,3e+05,1159446.49975,937812.481070154,1335773.65493964,289428.367871015,113243.78396196,519507.770249268
14444,601.833333333333,"B","equilibrium",1430000,1030000,4e+05,1056824.62044596,829996.289333986,1270548.01542579,367560.198092782,142406.364618507,630905.358345445
14444,601.833333333333,"C","equilibrium",1570000,1100000,470000,1094824.57439875,966417.067145488,1215212.92816941,406544.970731946,143882.871166094,693431.055925722
14444,601.833333333333,"D","equilibrium",1450000,1250000,2e+05,1228281.98775156,1108846.5490758,1334113.75176474,226065.588869522,46782.2169469247,466096.179194472
14492,603.833333333333,"A","equilibrium",1240000,1010000,230000,989850.596654315,811750.375811878,1155533.27505094,252051.687599502,86461.192433859,435824.340226756
14492,603.833333333333,"B","equilibrium",1420000,1100000,320000,1097918.88698206,874814.959540874,1306010.86672978,325309.613469216,113891.908901858,583841.097749512
14492,603.833333333333,"C","equilibrium",1310000,1e+06,310000,992019.56784086,866017.558821291,1111608.94843916,288952.915422169,72739.0842973821,552281.036153558
14492,603.833333333333,"D","equilibrium",1220000,820000,4e+05,836385.391715892,731274.596146676,950881.111736471,331205.225312789,96891.195021886,599187.67486749
14540,605.833333333333,"A","equilibrium",1240000,880000,360000,931201.839368021,747112.378775371,1098264.6368645,308028.787351272,135042.427483602,498541.55048826
14540,605.833333333333,"B","equilibrium",1640000,1040000,6e+05,1112903.55832759,873042.391312949,1353465.09573305,498755.169045432,227315.940564269,787675.160825315
14540,605.833333333333,"C","equilibrium",1370000,1200000,170000,1173635.58738383,1040596.22141984,1287864.54599878,217374.21806527,43193.9018888921,460523.978162017
14540,605.833333333333,"D","equilibrium",1470000,1020000,450000,1022656.48350166,912310.98483818,1134593.33649117,379445.6716418,126506.019260661,660607.253628361
14588,607.833333333333,"A","equilibrium",1350000,1140000,210000,1068126.6541207,893449.653067188,1248795.61365292,283537.794297893,103757.465061409,462483.444713468
14588,607.833333333333,"B","equilibrium",1370000,1170000,2e+05,1118670.19155256,899051.351336716,1316812.86665952,273230.688891524,86321.799008918,515327.740675318
14588,607.833333333333,"C","equilibrium",1350000,1200000,150000,1170513.39565065,1040493.65038693,1286384.67324135,209850.981258891,40622.5925235326,446434.686767758
14588,607.833333333333,"D","equilibrium",1440000,1300000,140000,1271577.65879975,1149330.13009262,1373772.67181181,199510.17556052,39085.1260695904,426857.0915081
14636,609.833333333333,"A","equilibrium",1300000,860000,440000,963055.284729231,751306.586613492,1131726.32193423,334389.770698824,161937.358988219,555042.398865632
14636,609.833333333333,"B","equilibrium",1290000,1040000,250000,1022265.02107885,808941.63086658,1221677.24114162,284675.314706158,92178.4809871871,523107.266484604
14636,609.833333333333,"C","equilibrium",1280000,8e+05,480000,812655.763763189,692864.172050144,940881.025375091,399265.051205523,138603.473073547,680336.138788653
14636,609.833333333333,"D","equilibrium",1190000,770000,420000,793470.767138825,690466.54437727,909540.107237737,337529.986118963,97380.1609968984,610328.693242986
14684,611.833333333333,"A","equilibrium",1460000,930000,530000,1017317.31691255,807951.389705702,1207433.02806109,438867.073912962,240092.90768036,655741.17639373
14684,611.833333333333,"B","equilibrium",1460000,1130000,330000,1125810.74618668,906510.906230682,1340032.75942349,336199.701817456,119200.871656552,591455.919559471
14684,611.833333333333,"C","equilibrium",1400000,1070000,330000,1060156.65418347,935936.63344772,1179265.3172455,304736.725909635,82023.5585086819,569577.143476757
14684,611.833333333333,"D","equilibrium",1830000,1390000,440000,1372692.93325905,1251048.16203845,1481840.21301475,388665.515675435,130846.553938141,667355.317219504
14732,613.833333333333,"A","equilibrium",1390000,1180000,210000,1117028.34510175,927900.400910094,1291888.58224862,274382.001797066,101067.612439319,467205.314106612
14732,613.833333333333,"B","equilibrium",1470000,1110000,360000,1113885.74861517,893578.98326307,1331590.88090947,352587.314267612,128106.567930105,611489.141135715
14732,613.833333333333,"C","equilibrium",1520000,1040000,480000,1038067.06871344,913352.277305519,1161909.55980007,411574.895444403,143447.217567675,703149.107685735
14732,613.833333333333,"D","equilibrium",1380000,990000,390000,993339.925041886,884393.479147954,1106011.57433467,333506.295817404,96487.1283516811,596839.165936367
14780,615.833333333333,"A","equilibrium",1280000,910000,370000,931204.871895899,747235.365330569,1126818.77233515,347707.593152349,146583.130696443,535518.058062305
14780,615.833333333333,"B","equilibrium",1040000,980000,60000,896324.744377824,704677.629159688,1082463.7337059,202838.481125888,56671.8819605366,409909.135262193
14780,615.833333333333,"C","equilibrium",1360000,740000,620000,759160.73386033,641831.543907669,890277.62054767,514867.824034144,232994.545820031,807506.382526409
14780,615.833333333333,"D","equilibrium",1300000,1110000,190000,1094945.96505698,982774.103694261,1199817.97068161,218156.252158724,43887.8400544623,452937.799061205
14828,617.833333333333,"A","equilibrium",1290000,920000,370000,964317.490796366,790628.3084166,1146434.79846496,324499.45801924,139927.119230121,509649.553181122
14828,617.833333333333,"B","equilibrium",1350000,1140000,210000,1095442.18337054,881885.805772325,1292284.99749582,274867.926324869,90421.5175054242,509662.368095163
14828,617.833333333333,"C","equilibrium",1580000,1540000,40000,1489724.26976838,1346187.52896408,1602565.77281231,172054.925057988,30094.6735174691,390365.167804575
14828,617.833333333333,"D","equilibrium",1010000,9e+05,110000,892733.091449262,784657.633498878,997119.366199287,177417.90300055,29937.1768124028,391094.08511005
14876,619.833333333333,"A","equilibrium",1340000,1e+06,340000,1010963.54824003,817469.315754771,1194316.7688828,327904.183665252,141050.20406959,527616.974501389
14876,619.833333333333,"B","equilibrium",1300000,1250000,50000,1125241.51426628,918889.832411305,1317272.06209112,223329.666531062,65446.9039454561,441973.211187651
14876,619.833333333333,"C","equilibrium",1260000,9e+05,360000,900766.033412271,783364.527926567,1023910.09865934,317689.567260639,86583.8394073837,586697.82347591
14876,619.833333333333,"D","equilibrium",1280000,980000,3e+05,979843.059531273,868883.882383612,1091661.39490206,273686.134795877,65549.7719997087,526869.544103063
14924,621.833333333333,"A","equilibrium",1280000,1330000,-50000,1126100.72971207,967631.356779376,1264632.94302137,164494.161103272,43978.5467811034,322770.072183337
14924,621.833333333333,"B","equilibrium",1110000,970000,140000,920120.463047364,719833.608117143,1108359.69219322,232336.739179632,70331.8307512722,448861.710292342
14924,621.833333333333,"C","equilibrium",1170000,1050000,120000,1024723.79053803,896861.535377083,1141536.30136279,193083.535651963,35901.742284889,419226.770792791
14924,621.833333333333,"D","equilibrium",1320000,1060000,260000,1052874.91986904,943779.831666279,1160273.60483833,252323.643930041,58967.9460587874,496762.146837709
14972,623.833333333333,"A","equilibrium",1020000,810000,210000,829974.501374544,671992.049657743,963708.311124991,195223.084367391,65221.1041562453,361756.970159616
14972,623.833333333333,"B","equilibrium",1240000,770000,470000,868914.380292042,653755.191736404,1077182.33511758,362906.046833967,139739.233365675,622527.192187837
14972,623.833333333333,"C","equilibrium",1350000,910000,440000,913536.911983888,789297.710078002,1038093.86476547,373834.646191823,122154.956244861,658105.463100421
14972,623.833333333333,"D","equilibrium",1370000,890000,480000,904424.060201311,795995.314864681,1019764.50504588,391771.318224929,134610.495915993,668308.125757032
15020,625.833333333333,"A","equilibrium",1280000,1230000,50000,1099683.19227671,941625.557263254,1240527.92354497,187405.262073633,55720.2917640662,347072.242789262
15020,625.833333333333,"B","equilibrium",1250000,890000,360000,933342.217099315,718467.482613029,1135280.68683736,321479.094572864,114367.147318764,569567.247033021
15020,625.833333333333,"C","equilibrium",1270000,1010000,260000,998191.817193977,871950.513472256,1115416.39318597,258830.842978952,59779.1662803321,508943.012870136
15020,625.833333333333,"D","equilibrium",1130000,1110000,20000,1080411.09196777,964541.551991472,1179411.64373,152957.166416575,25307.5141164882,347358.334178167
15068,627.833333333333,"A","equilibrium",1300000,1030000,270000,1036373.85522574,851159.94442423,1190591.39520255,264493.799363394,109606.249058162,462128.75363637
15068,627.833333333333,"B","equilibrium",1330000,910000,420000,963215.480260373,744030.657450557,1173464.7982201,362382.008915986,139563.111698315,621859.119364115
15068,627.833333333333,"C","equilibrium",1230000,890000,340000,890071.497286588,767401.82305741,1012393.91931628,302891.345022303,79901.7064920809,570445.71156934
15068,627.833333333333,"D","equilibrium",970000,860000,110000,855440.707763432,748993.702714205,958274.986656604,175887.89422867,31009.0362162669,389691.217625689
15116,629.833333333333,"A","equilibrium",1320000,1240000,80000,1118148.34226978,955150.378905781,1267030.07431287,207261.641856847,69591.4429597566,374458.291813212
15116,629.833333333333,"B","equilibrium",1110000,1080000,30000,967410.344277634,769931.1905301,1152350.26283688,203564.031210774,57026.5942603954,405392.336608117
15116,629.833333333333,"C","equilibrium",1230000,820000,410000,827726.214320193,708587.89367931,951806.87890738,347812.369483155,104853.749136863,626750.469516313
15116,629.833333333333,"D","equilibrium",1370000,880000,490000,894467.682340261,788779.273368594,1010188.96193785,401890.223581958,144671.909107726,678678.510786752
15164,631.833333333333,"A","equilibrium",1520000,880000,640000,970827.187387721,754494.329363782,1197951.82354192,543817.189563174,306281.543182046,770098.786525777
15164,631.833333333333,"B","equilibrium",1590000,1170000,420000,1179274.41369406,947478.041160178,1401318.39395207,400255.076374071,158414.474410746,668620.170641953
15164,631.833333333333,"C","equilibrium",1690000,1040000,650000,1041523.9882853,914937.647168076,1166802.13374993,555581.482150436,257315.919783725,861132.384516441
15164,631.833333333333,"D","equilibrium",1510000,1090000,420000,1087544.80897619,973296.172520305,1197611.85808192,358826.197188009,113163.206296983,632643.461221763
15212,633.833333333333,"A","equilibrium",1310000,990000,320000,1007854.64894022,814108.947463312,1188798.74770129,301761.811078245,118243.137846178,504259.727947363
15212,633.833333333333,"B","equilibrium",1420000,1120000,3e+05,1105562.67726106,890045.137415115,1312181.95911463,321149.284777526,113444.31957694,574383.344684826
15212,633.833333333333,"C","equilibrium",1460000,9e+05,560000,908026.799290858,784686.324666853,1036879.92806036,469586.865204439,190641.856141883,756518.594242592
15212,633.833333333333,"D","equilibrium",1160000,950000,210000,946515.337520274,837230.734955583,1052768.86080748,222208.815190396,45434.3436173381,460796.06524443
15260,635.833333333333,"A","equilibrium",1360000,980000,380000,1010483.1548465,791511.619311722,1194538.6801645,347652.981517096,156568.704294224,572181.824528049
15260,635.833333333333,"B","equilibrium",1390000,920000,470000,984564.150886248,763501.792991588,1207268.01599898,393376.087467243,155906.047362955,659970.447949206
15260,635.833333333333,"C","equilibrium",1200000,760000,440000,773312.78079162,656072.175212786,900222.379381846,366082.9524531,119310.500450111,643043.303094749
15260,635.833333333333,"D","equilibrium",940000,850000,90000,846045.463574054,740891.386194537,948411.510027171,167553.687096077,29095.3447503259,377690.178215932
15308,637.833333333333,"A","equilibrium",1350000,1010000,340000,1031709.17847291,855500.989217396,1211729.71931217,317248.006881661,134566.597031074,499569.739745575
15308,637.833333333333,"B","equilibrium",1200000,910000,290000,924583.041815384,716697.362599245,1122697.28819366,290797.066213507,96874.0240019941,530965.775786372
15308,637.833333333333,"C","equilibrium",1680000,1100000,580000,1096290.692417,970960.77244854,1220821.4194965,498928.718861552,217288.889194188,791224.14996055
15308,637.833333333333,"D","equilibrium",1350000,930000,420000,937740.88743466,830688.212443009,1052749.41120337,351540.490999643,111766.073635188,624035.097150263
15356,639.833333333333,"A","equilibrium",1400000,870000,530000,973300.312799501,772708.139830704,1178193.17522571,422759.728512904,210912.110133604,631910.633000168
15356,639.833333333333,"B","equilibrium",1010000,830000,180000,822466.777749588,624787.437717394,1005695.91361949,229412.012540058,67129.5154497107,445308.502871057
15356,639.833333333333,"C","equilibrium",1260000,990000,270000,979718.570690499,854705.558026829,1100552.05316951,264911.327131796,62695.20854424,521913.385566706
15356,639.833333333333,"D","equilibrium",1060000,980000,80000,964621.0666467,850908.586811615,1068952.87787591,168131.141476265,28084.6167742515,379146.456541861
15404,641.833333333333,"A","equilibrium",1470000,1030000,440000,1059902.56134256,820828.969784587,1267859.80528993,407119.047905229,194265.269327819,653286.296078226
15404,641.833333333333,"B","equilibrium",1530000,980000,550000,1050512.41023574,812353.754099892,1284023.2095209,457616.110735661,194668.696091673,738417.325204844
15404,641.833333333333,"C","equilibrium",1610000,1070000,540000,1066121.57124173,938906.376894437,1191166.422677,463851.311276917,187417.81076796,751801.062490462
15404,641.833333333333,"D","equilibrium",1340000,930000,410000,938363.474939964,830578.85010421,1054298.28258551,344004.372765509,103069.655175923,612683.697483698
15452,643.833333333333,"A","equilibrium",1510000,910000,6e+05,1004120.42285811,795996.615106258,1205721.44535312,500785.150233493,290711.221577589,717492.256014015
15452,643.833333333333,"B","equilibrium",1450000,1140000,310000,1131215.75411063,909134.242281946,1343159.61372166,323052.890468535,112786.330760909,572721.858935343
15452,643.833333333333,"C","equilibrium",1340000,1e+06,340000,993900.200676992,866705.209786818,1114441.90058747,309268.100703709,82044.1537514006,580572.124817951
15452,643.833333333333,"D","equilibrium",1430000,940000,490000,948970.609686148,839890.195672231,1062870.26066517,405951.05410704,147054.753818831,683396.395940026
15500,645.833333333333,"A","equilibrium",1210000,1010000,2e+05,978023.822747771,811295.56002932,1133008.81360304,235199.207602282,83764.9798728228,410826.968853194
15500,645.833333333333,"B","equilibrium",1160000,990000,170000,948120.639818326,743027.193846851,1137228.17903272,245685.030995486,76445.4909055717,470204.218487296
15500,645.833333333333,"C","equilibrium",1230000,1240000,-10000,1194267.30822387,1055447.4326622,1304769.05494144,150082.938244589,24375.3940841007,352676.034814099
15500,645.833333333333,"D","equilibrium",1250000,1010000,240000,1004158.9723907,893226.421918732,1110782.28018806,241186.534199722,52338.7707428863,483146.115698983
15548,647.833333333333,"A","equilibrium",1270000,1120000,150000,1068781.12262419,897140.193573874,1208477.02595776,204930.706448658,66803.9956515332,380010.167494135
15548,647.833333333333,"B","equilibrium",1320000,1270000,50000,1142680.27158982,932061.008143771,1338816.53627111,225817.898498403,65637.9248181239,441780.930517032
15548,647.833333333333,"C","equilibrium",1290000,1170000,120000,1139004.43859614,1009055.54925369,1252319.06142303,196439.616772237,37974.4465197255,424696.531829493
15548,647.833333333333,"D","equilibrium",1250000,1240000,10000,1203847.84415998,1080349.90072285,1306244.70130622,150125.41001182,25040.3094242579,344204.711798969
15596,649.833333333333,"A","equilibrium",1230000,1390000,-160000,1117842.29960051,974950.675286493,1239868.68153219,127445.323197491,33835.4293076223,268239.884496789
15596,649.833333333333,"B","equilibrium",1250000,1030000,220000,1003166.39480999,792047.379763716,1197720.68853442,269665.525541623,86257.9895674585,505324.694360945
15596,649.833333333333,"C","equilibrium",1250000,1200000,50000,1161499.46269734,1024907.19521241,1272256.40811904,169859.71661595,28959.6757287803,380804.291890828
15596,649.833333333333,"D","equilibrium",1240000,1590000,-350000,1500251.79440198,1343390.92346205,1611431.36479981,84193.6457632188,11934.8166199546,218034.796590823
15644,651.833333333333,"A","equilibrium",1380000,1230000,150000,1163150.64620102,979188.711595277,1317546.90649373,219816.357823393,69897.1087208343,409149.202269787
15644,651.833333333333,"B","equilibrium",1100000,1200000,-1e+05,1010940.26518412,814845.80315724,1205508.88542886,175931.767790657,46910.8897082295,362153.242195019
15644,651.833333333333,"C","equilibrium",1030000,990000,40000,958945.989354985,828802.132138009,1072727.45186479,162653.819262659,28092.4256736387,368402.605343494
15644,651.833333333333,"D","equilibrium",1270000,1350000,-80000,1299321.00861193,1167226.56551898,1402341.43612072,128769.501134878,19530.9926792509,305863.505586309
15692,653.833333333333,"A","equilibrium",1220000,780000,440000,882592.11925488,699722.594619361,1061397.30939568,335688.283035856,151841.354830742,527888.760269007
15692,653.833333333333,"B","equilibrium",1250000,880000,370000,925067.784019628,717259.326806282,1126955.4348862,326610.842494006,121122.363323883,567902.909848756
15692,653.833333333333,"C","equilibrium",1610000,1120000,490000,1115025.677514,991015.946107161,1237886.17175921,421641.429419939,149894.937352134,706491.168268786
15692,653.833333333333,"D","equilibrium",1170000,1040000,130000,1023799.5699158,909676.379405613,1126454.38924909,188884.995934824,35257.368051075,408802.100241188
15740,655.833333333333,"A","equilibrium",1270000,9e+05,370000,960845.236833046,771433.089979783,1130574.86789576,308330.921034144,135389.600093304,506929.588519838
15740,655.833333333333,"B","equilibrium",1310000,1010000,3e+05,1014180.92072734,800549.940610567,1219309.86879107,305589.339047948,103471.156674073,551586.233471899
15740,655.833333333333,"C","equilibrium",1480000,1170000,310000,1153945.03095487,1023852.05895766,1274772.62696402,294678.823244648,76336.7884964446,560575.405580964
15740,655.833333333333,"D","equilibrium",1110000,990000,120000,976500.635965322,861879.087518192,1082986.17159848,182813.144666249,32793.1061914992,397652.448042428
15788,657.833333333333,"A","equilibrium",1280000,910000,370000,947266.82165804,765241.256933295,1141902.81062606,331568.747315578,134472.806659866,520894.354848468
15788,657.833333333333,"B","equilibrium",1440000,820000,620000,934950.202923991,706345.387143389,1164904.83355782,479567.786155142,216953.66176797,758594.008644503
15788,657.833333333333,"C","equilibrium",1310000,9e+05,410000,903760.481958929,780166.861674461,1027694.79335518,351108.555068723,112239.181476145,627244.434297979
15788,657.833333333333,"D","equilibrium",1020000,9e+05,120000,894479.264539652,784651.554922373,1001364.66908182,180141.427799641,32473.1178939062,396608.547524399
15836,659.833333333333,"A","equilibrium",1500000,820000,680000,931988.880132991,741658.149923456,1132112.25010479,563142.695248135,350937.689838241,762035.342567055
15836,659.833333333333,"B","equilibrium",1100000,970000,130000,917347.757355386,721009.391220893,1102318.03479448,226991.097875303,67982.0806738371,437226.113217563
15836,659.833333333333,"C","equilibrium",1240000,830000,410000,837327.636643742,717098.255910455,962464.609120496,350346.209843789,103409.318900719,621716.4493713
15836,659.833333333333,"D","equilibrium",1370000,1080000,290000,1073772.23123882,964531.86517419,1179649.69420622,268064.922351885,62756.5645419097,522003.11257601
15884,661.833333333333,"A","equilibrium",1350000,750000,6e+05,893630.067241968,704730.355248827,1103901.64365952,452152.205687761,236250.847757095,650773.997452004
15884,661.833333333333,"B","equilibrium",1370000,890000,480000,960646.601326919,735496.098151469,1179057.61076061,397228.352323333,155139.529233508,662876.158856696
15884,661.833333333333,"C","equilibrium",1590000,910000,680000,919195.597614379,794497.440176226,1051022.12147569,577791.015679726,281005.927130461,872544.137217557
15884,661.833333333333,"D","equilibrium",1400000,870000,530000,886366.94243613,781241.653991657,1002547.65649109,432655.493423976,168258.751337848,709000.867191101
15932,663.833333333333,"A","equilibrium",1600000,960000,640000,1064639.61529366,846475.794548479,1270325.29588879,530321.887679907,316144.027206026,758978.371419683
15932,663.833333333333,"B","equilibrium",1610000,940000,670000,1036186.34782944,794854.852482761,1283748.41577664,541958.231293919,261412.820098026,831340.057551875
15932,663.833333333333,"C","equilibrium",1920000,1100000,820000,1099719.55206371,971958.939586305,1224500.29522528,716071.333795867,412678.408550474,1022279.38999806
15932,663.833333333333,"D","equilibrium",1400000,1130000,270000,1118618.62269331,1002528.86601087,1227510.87697306,261451.407581369,61425.8278246102,518599.317180644
15980,665.833333333333,"A","equilibrium",1340000,750000,590000,885646.88011245,690221.863949532,1095063.48306273,450314.496645393,233309.919378091,655623.851792716
15980,665.833333333333,"B","equilibrium",1520000,9e+05,620000,1002588.37842417,773978.048133581,1232901.66842628,489809.176699067,227583.475111594,768835.437489857
15980,665.833333333333,"C","equilibrium",1530000,740000,790000,762689.226181489,645165.56478712,893523.755358946,668181.59853742,363905.086019942,969999.248933076
15980,665.833333333333,"D","equilibrium",1390000,980000,410000,985148.495215202,875710.32647932,1100154.00190355,345617.014060286,106336.156002206,619245.052657798
16028,667.833333333333,"A","equilibrium",1300000,960000,340000,992862.662882066,806768.610936771,1197145.41617387,306277.502558594,101297.380074573,500723.143871405
16028,667.833333333333,"B","equilibrium",1020000,1180000,-160000,962737.872193643,769360.316991416,1158092.62639503,161004.988443099,42957.3334324156,334638.729878739
16028,667.833333333333,"C","equilibrium",1130000,1070000,60000,1038470.0891178,911459.025448499,1150571.065784,170155.78458429,29261.8465076069,379122.519647575
16028,667.833333333333,"D","equilibrium",1300000,990000,310000,989603.216175763,880128.197341722,1097755.28360726,278537.613655177,69094.9601540626,527800.01109685
16076,669.833333333333,"A","equilibrium",1150000,1e+06,150000,927192.276151159,746092.464760866,1093881.52517002,227889.05752145,67285.7931007105,409421.294520385
16076,669.833333333333,"B","equilibrium",1060000,730000,330000,792948.540624594,592993.05734533,986358.63906573,284592.312904848,93513.4719466734,521472.022672172
16076,669.833333333333,"C","equilibrium",1060000,1080000,-20000,1037393.19206682,905187.595215402,1147312.39750118,147536.863087007,23915.5559145337,341932.665446351
16076,669.833333333333,"D","equilibrium",1080000,990000,90000,975716.012003207,865877.083079352,1080065.7312448,170683.568045027,30550.2158821696,378794.334874952
16124,671.833333333333,"A","equilibrium",1230000,1020000,210000,998547.242833613,828500.815836116,1152519.84317598,234186.07968976,84863.0982068641,407918.196880872
16124,671.833333333333,"B","equilibrium",1310000,970000,340000,991446.84928533,772207.420454374,1200636.8669033,323292.594052858,116060.275484574,573893.922619106
16124,671.833333333333,"C","equilibrium",1770000,750000,1020000,774343.363847647,658852.852870463,908027.244786415,883710.759767024,572374.507303704,1189073.39694279
16124,671.833333333333,"D","equilibrium",1560000,1290000,270000,1270253.42995324,1152884.29784499,1376429.62367813,266723.641737634,64916.6770365939,519132.695363939
16172,673.833333333333,"A","equilibrium",1380000,970000,410000,1024090.42100195,821700.49616018,1198088.00658601,353504.766361985,172599.676161124,561083.283014356
16172,673.833333333333,"B","equilibrium",1300000,1030000,270000,1019191.17369337,806323.43022852,1222593.46499916,295342.168426764,97877.4933988145,538460.588047389
16172,673.833333333333,"C","equilibrium",1820000,1050000,770000,1050981.38781174,924024.700496942,1181262.82681964,669990.167372424,363574.14437163,978803.169483421
16172,673.833333333333,"D","equilibrium",1240000,1180000,60000,1150730.83969956,1032898.82557827,1253794.75967543,165532.494901794,28157.5148890259,373809.664901945
16220,675.833333333333,"A","equilibrium",1230000,1100000,130000,1022080.86228135,860331.569664473,1172732.23030045,212878.260362058,66964.5644376389,380120.756959106
16220,675.833333333333,"B","equilibrium",1790000,1480000,310000,1428324.37736683,1193318.09847042,1648279.00187458,358659.05401277,131865.255924646,628034.700987432
16220,675.833333333333,"C","equilibrium",1620000,1080000,540000,1077193.2925476,947297.086458472,1203450.15177073,463195.51928552,182060.943864821,760263.639576694
16220,675.833333333333,"D","equilibrium",1060000,1050000,10000,1022835.96056178,907187.513849074,1121966.95470254,149364.597750905,25125.2906458693,345097.313308193
16268,677.833333333333,"A","equilibrium",1410000,1060000,350000,1085189.16801823,875011.989508692,1250325.05590082,323659.894090092,154135.74451515,547002.421742742
16268,677.833333333333,"B","equilibrium",1340000,990000,350000,1007079.29140382,783618.014175639,1216871.0838024,335609.903533332,120208.823357309,592012.598136439
16268,677.833333333333,"C","equilibrium",1320000,1020000,3e+05,1011273.417544,885195.733882883,1133907.46121609,284290.472379588,69552.2257509191,549363.716341381
16268,677.833333333333,"D","equilibrium",1500000,1010000,490000,1014356.84397155,904300.913435967,1129153.91607142,410990.817716425,148214.188133133,689153.793483624
16316,679.833333333333,"A","equilibrium",1230000,870000,360000,922687.238472777,731668.370843523,1098342.65835424,307171.676839193,127338.270955347,504450.245110245
16316,679.833333333333,"B","equilibrium",1090000,830000,260000,850729.28292476,650834.618652896,1040697.73022424,264470.190670727,83427.0625036109,491426.382633705
16316,679.833333333333,"C","equilibrium",1210000,960000,250000,951005.442963848,829609.716602318,1068143.4540627,251923.395158563,57082.9765554153,499620.270752407
16316,679.833333333333,"D","equilibrium",1430000,9e+05,530000,914129.093975508,807573.921593076,1028355.29428564,434070.677806581,163144.329067027,718233.425568818
16364,681.833333333333,"A","equilibrium",1320000,810000,510000,920175.869001814,731599.304911485,1118356.31660269,396225.195204868,192626.221734226,595170.143604164
16364,681.833333333333,"B","equilibrium",1100000,860000,240000,868526.354104305,671011.064702855,1055409.05030475,259231.354506599,82526.6623627923,493226.502358931
16364,681.833333333333,"C","equilibrium",1670000,810000,860000,829075.400257841,709561.848965547,963918.491630344,736823.022353231,429377.171684098,1037598.66453161
16364,681.833333333333,"D","equilibrium",1440000,820000,620000,841846.747609655,736822.11862301,959187.496917347,506684.782320545,223360.013136794,796841.349624183
16412,683.833333333333,"A","equilibrium",1650000,830000,820000,973333.795493295,751992.872425325,1175095.76539134,670078.795385757,461617.774866519,903348.062906529
16412,683.833333333333,"B","equilibrium",1410000,720000,690000,868053.069770359,641589.932347021,1105272.62657152,513569.444724722,245361.621478186,793710.584321267
16412,683.833333333333,"C","equilibrium",1440000,820000,620000,834536.108919858,715657.012104734,964634.335642271,518154.177718014,230124.223777942,815765.694685602
16412,683.833333333333,"D","equilibrium",1370000,930000,440000,939348.189466474,834032.417488269,1052606.31908367,366460.383499406,115895.848455607,640801.745191006
16460,685.833333333333,"A","equilibrium",1340000,870000,470000,955137.293270866,758861.880098386,1157940.10061875,382115.72206674,176741.36239925,589556.947583498
16460,685.833333333333,"B","equilibrium",1400000,960000,440000,1011798.14569569,784124.628698156,1232329.68504028,379150.281159852,148557.097987274,642773.377444663
16460,685.833333333333,"C","equilibrium",1440000,710000,730000,734765.101149507,618104.588528393,866331.387943627,607707.726264168,315122.855107537,905187.594373909
16460,685.833333333333,"D","equilibrium",1300000,980000,320000,980567.291824587,870831.141196293,1090346.42348216,284706.914281758,71194.1833028121,540142.236931783
16508,687.833333333333,"A","equilibrium",1350000,950000,4e+05,977749.065791127,760556.900524573,1178079.63015226,370199.023160093,165310.286388291,592527.548924023
16508,687.833333333333,"B","equilibrium",1530000,990000,540000,1060159.33169853,823102.843409751,1294476.56610816,448506.799684324,189308.117218214,728379.018716529
16508,687.833333333333,"C","equilibrium",1490000,890000,6e+05,898478.7305501,777771.192413481,1023792.78228084,506409.644125578,219482.955071877,801959.985491497
16508,687.833333333333,"D","equilibrium",1420000,950000,470000,958215.168146117,851749.611013941,1073081.08093589,391225.951998549,134647.467776391,670053.560033172
16556,689.833333333333,"A","equilibrium",1240000,970000,270000,977595.814410308,790075.868650306,1138187.09613766,263517.095253537,102307.862812877,457931.327683976
16556,689.833333333333,"B","equilibrium",1280000,860000,420000,921193.04993496,704361.769721236,1134375.93389405,355891.205722743,133407.277207137,608801.826129939
16556,689.833333333333,"C","equilibrium",1190000,960000,230000,947506.936395537,823306.043791673,1065967.54122261,242745.326493749,52859.4756544305,493757.041889039
16556,689.833333333333,"D","equilibrium",1260000,9e+05,360000,907901.081337464,800686.20472104,1020748.29026088,305650.507233438,84796.1488955784,564709.757288141
16604,691.833333333333,"A","equilibrium",1380000,940000,440000,1003128.82639202,808942.041685314,1200131.7056824,374663.244818807,174990.149254401,576669.780220475
16604,691.833333333333,"B","equilibrium",1440000,840000,6e+05,946334.879461544,719474.995291865,1181895.59530291,469480.78082353,205403.084884436,741185.956568413
16604,691.833333333333,"C","equilibrium",1740000,1110000,630000,1108498.31583999,980337.954549496,1237233.76362778,539858.203812174,250909.726499998,837754.584206041
16604,691.833333333333,"D","equilibrium",1360000,950000,410000,956607.491336734,847800.673947905,1069690.87401684,343543.655898809,105119.184867276,611543.218394033
16652,693.833333333333,"A","equilibrium",1340000,750000,590000,878231.91965695,704252.950584173,1074029.33592387,457390.523799272,252083.232973334,639466.125220013
16652,693.833333333333,"B","equilibrium",1160000,840000,320000,877018.468251016,671397.35461861,1074183.74505221,296644.518683923,100512.446034114,538256.620795635
16652,693.833333333333,"C","equilibrium",1630000,650000,980000,683988.22042343,569156.96493458,819659.909596112,836671.637063847,533247.075310343,1142206.6208304
16652,693.833333333333,"D","equilibrium",1020000,820000,2e+05,826735.582397441,724682.2108074,934596.827139264,210853.637744075,42625.177878849,442511.905394445
16700,695.833333333333,"A","equilibrium",1260000,1010000,250000,1005310.3698418,826660.556830107,1171680.92846416,256047.696907127,89153.2429066821,442896.138788109
16700,695.833333333333,"B","equilibrium",1370000,1030000,340000,1038429.34048444,816020.521928974,1243871.59832517,334468.871138982,120297.725937646,588907.936762019
16700,695.833333333333,"C","equilibrium",1470000,1050000,420000,1046407.19758935,921331.334809833,1171037.68661928,364116.245998468,108326.1761836,643633.507487739
16700,695.833333333333,"D","equilibrium",1330000,1050000,280000,1043710.17384499,929839.645085133,1153141.9081547,264734.017573551,59503.809949,521838.743861356
16748,697.833333333333,"A","equilibrium",1450000,940000,510000,989365.287309531,794292.608720277,1202043.22889422,456829.681164989,237043.68638273,657125.644791926
16748,697.833333333333,"B","equilibrium",1330000,980000,350000,1003712.75279298,785518.201835936,1210238.95400988,328842.085454542,116131.793585297,581549.500111768
16748,697.833333333333,"C","equilibrium",1840000,930000,910000,940053.939953005,815145.303176704,1068320.76691309,791492.942654124,486958.384112815,1096504.99697461
16748,697.833333333333,"D","equilibrium",1550000,1080000,470000,1078899.27926597,967438.295247272,1191418.60636304,397097.982564275,139761.180578383,677197.042718902
16796,699.833333333333,"A","equilibrium",1320000,950000,370000,989822.096636234,805089.215771236,1172047.63073297,328948.044156174,144124.333911223,520101.973191553
16796,699.833333333333,"B","equilibrium",1360000,9e+05,460000,970148.217762521,746975.153618852,1185613.33062937,379968.386810342,148329.082919226,639499.387833002
16796,699.833333333333,"C","equilibrium",1820000,1100000,720000,1098799.12456573,966527.106814315,1224370.90995852,624143.83705655,321774.064302342,927746.651681878
16796,699.833333333333,"D","equilibrium",1420000,980000,440000,984759.788468582,874808.208470003,1096666.77769204,369266.018011582,119980.782489568,639728.346691883
16844,701.833333333333,"A","equilibrium",1380000,870000,510000,968459.412786124,769140.878686561,1165578.41449316,408216.777493882,208130.265978304,613636.315038943
16844,701.833333333333,"B","equilibrium",1650000,1050000,6e+05,1118970.5901899,876386.485429351,1359308.81342194,503091.871449192,232781.052580087,787964.068643252
16844,701.833333333333,"C","equilibrium",1540000,1180000,360000,1167561.58854378,1036723.79995772,1290522.552759,326952.062627665,93053.6342389011,597362.475144693
16844,701.833333333333,"D","equilibrium",1480000,890000,590000,905744.46888208,800767.975042342,1022283.13027314,484274.351595877,208360.479268646,775503.097609626
16892,703.833333333333,"A","equilibrium",1890000,1050000,840000,1137333.67011761,919572.641673233,1317457.58946639,746095.613493478,546923.613278716,973600.757784549
16892,703.833333333333,"B","equilibrium",1350000,960000,390000,998045.585107301,774041.569986336,1210368.29298706,349680.431035053,126774.798725801,605045.062384506
16892,703.833333333333,"C","equilibrium",1390000,980000,410000,977827.331889567,852102.032420866,1101422.82700872,354940.155843364,112288.246180967,631655.446316745
16892,703.833333333333,"D","equilibrium",1210000,880000,330000,887895.913502948,781991.561951315,998106.170640534,285756.907450441,72591.6197156027,541669.844882412
16940,705.833333333333,"A","equilibrium",1280000,920000,360000,963179.797997195,752436.912450852,1137708.34369107,315623.124678633,137905.714171795,530400.987298451
16940,705.833333333333,"B","equilibrium",990000,750000,240000,778698.549717782,583625.826996032,964071.262161006,245413.557217506,75760.0392324668,466622.571138721
16940,705.833333333333,"C","equilibrium",1410000,1120000,290000,1104344.34481995,973368.329805786,1223329.25238139,280639.333605628,68042.9547178429,547849.024141304
16940,705.833333333333,"D","equilibrium",1010000,660000,350000,692742.846511012,594429.863481625,812387.579913684,283552.618347788,71677.6621021373,543068.309141478
16988,707.833333333333,"A","equilibrium",1370000,1080000,290000,1072471.16316422,876082.17892603,1245228.11848069,297405.874063204,123263.301922313,501802.210954788
16988,707.833333333333,"B","equilibrium",1370000,1260000,110000,1161758.48843721,953452.929922899,1358552.91641309,244267.898438744,72737.7067992663,466245.820724193
16988,707.833333333333,"C","equilibrium",1910000,1400000,510000,1384002.31699861,1249917.04247009,1506351.59694501,451284.419619971,175947.316398729,748280.844639491
16988,707.833333333333,"D","equilibrium",1700000,1460000,240000,1432758.87511261,1309637.50770445,1537080.80095649,252946.917374549,57427.3370184032,502802.171490867
17036,709.833333333333,"A","equilibrium",1480000,1040000,440000,1083647.90979996,889859.775109411,1265927.48951723,393176.140467948,203304.478335988,596209.259121989
17036,709.833333333333,"B","equilibrium",1510000,1180000,330000,1166814.76680227,941166.467154307,1380750.63625821,343544.686172404,124570.042534051,603581.19532979
17036,709.833333333333,"C","equilibrium",1630000,1310000,320000,1290006.89652133,1157891.27603692,1410815.57229833,304316.900782718,80292.8037649287,581067.221833358
17036,709.833333333333,"D","equilibrium",1430000,910000,520000,922914.464724046,815648.294338772,1039854.48795955,426689.470239069,163481.706177415,704431.037512602
17084,711.833333333333,"A","equilibrium",1350000,980000,370000,1018401.90822802,837691.979945012,1189639.44494331,329886.599003153,154038.826735812,519638.255807691
17084,711.833333333333,"B","equilibrium",1460000,1350000,110000,1241866.54628376,1022898.45556372,1443025.96411746,250856.068255779,74980.7418115563,483598.737045112
17084,711.833333333333,"C","equilibrium",2300000,8e+05,1500000,821547.700836681,703091.331347204,956035.979264233,1359042.33867726,1045042.54541144,1664024.02562805
17084,711.833333333333,"D","equilibrium",1740000,780000,960000,809621.698768616,705735.834176766,930352.577696083,817921.317415016,518447.865949516,1110981.97442862
17132,713.833333333333,"A","equilibrium",1440000,1090000,350000,1056418.20667089,883525.737720462,1273273.59732476,382321.271562766,156800.641469192,561603.044240886
17132,713.833333333333,"B","equilibrium",1580000,1240000,340000,1226930.72330762,1000898.27328033,1447743.07603395,350513.566758421,125043.623940297,610512.962021874
17132,713.833333333333,"C","equilibrium",1370000,1080000,290000,1066777.34700515,941280.603083786,1186102.63838837,278706.764802281,66654.7386313104,540751.607585721
17132,713.833333333333,"D","equilibrium",1750000,1180000,570000,1176265.19176848,1057918.44342438,1293039.74970854,485462.909156416,208617.231470536,770557.329005061
17180,715.833333333333,"A","equilibrium",1430000,1170000,260000,1145911.39427024,954137.881350581,1305125.46818935,284267.125920107,120573.582930744,484368.580245908
17180,715.833333333333,"B","equilibrium",1320000,880000,440000,945241.861303554,723666.852533361,1162206.18127056,368450.532015596,140524.829700301,630628.6111502
17180,715.833333333333,"C","equilibrium",1680000,1100000,580000,1097001.45455528,966608.28267729,1219854.63383869,496232.103028699,211245.60150687,795135.062709941
17180,715.833333333333,"D","equilibrium",1230000,1220000,10000,1183562.9151662,1063517.04157437,1283027.80951116,149816.601811173,24239.7708998946,347341.790531652
17228,717.833333333333,"A","equilibrium",1470000,860000,610000,977813.438910099,764190.261525192,1239572.48236237,487331.611377323,228827.402427317,709612.889813129
17228,717.833333333333,"B","equilibrium",1450000,1360000,90000,1241402.54452302,1028114.06879555,1438381.09877559,245653.27468293,74726.8464942126,472085.916699195
17228,717.833333333333,"C","equilibrium",1480000,1090000,390000,1081224.58892099,953460.591682011,1204009.95389362,347344.804756153,104231.516990715,629958.710952465
17228,717.833333333333,"D","equilibrium",1280000,1140000,140000,1119609.89907779,1003925.89857208,1224096.4856739,195903.275555821,37978.9827959751,421644.972803606
17276,719.833333333333,"A","equilibrium",1350000,820000,530000,922214.443243748,725877.26533802,1120132.8033259,423861.120353106,219307.102313501,629720.39948718
17276,719.833333333333,"B","equilibrium",1480000,770000,710000,908840.310930788,678223.662630054,1147766.74986127,538794.205677591,264469.823127533,818707.822180722
17276,719.833333333333,"C","equilibrium",1340000,890000,450000,895288.301638831,774210.773608805,1022463.01049386,382934.639633978,125514.201765876,667287.198586584
17276,719.833333333333,"D","equilibrium",1690000,750000,940000,782128.756263239,677543.598642998,901893.734329037,794922.334833137,500694.694683508,1085337.39564997
17324,721.833333333333,"A","equilibrium",1610000,640000,970000,869059.962797442,659173.732348225,1107763.48325058,734368.877368301,498270.580179615,954281.458246266
17324,721.833333333333,"B","equilibrium",1150000,620000,530000,763674.924243581,555363.576397349,970546.161816434,376465.461841706,150964.924457583,632329.062348476
17324,721.833333333333,"C","equilibrium",1660000,8e+05,860000,817600.787874547,695676.115878165,950485.411424197,737711.558704596,432273.462370324,1040752.49430636
17324,721.833333333333,"D","equilibrium",1240000,690000,550000,727367.989640343,626563.381425734,853442.312616651,431165.493053552,163975.730031202,709328.90609587
17372,723.833333333333,"A","equilibrium",1430000,1100000,330000,1111655.39558267,905234.75487042,1284400.8338414,316775.361609286,141514.976334208,529178.219690733
17372,723.833333333333,"B","equilibrium",1420000,970000,450000,1017832.17716366,790312.760979132,1237530.76869226,391271.418195788,156701.247730733,658403.311075568
17372,723.833333333333,"C","equilibrium",1890000,990000,9e+05,997575.738701951,871239.778336145,1128527.34505566,784470.542636379,476869.647027499,1090407.14151812
17372,723.833333333333,"D","equilibrium",1380000,1050000,330000,1046607.4150407,936004.970480108,1154875.56216588,294773.092181832,75832.9188007163,559835.292823226
17420,725.833333333333,"A","equilibrium",1520000,4e+05,1120000,731759.198332714,522765.78463027,926462.632076031,781059.647613207,581312.033243465,999877.988433416
17420,725.833333333333,"B","equilibrium",1430000,630000,8e+05,813358.060273958,583740.13006191,1048829.72376224,581350.954986484,308188.791446605,866291.510628894
17420,725.833333333333,"C","equilibrium",1270000,450000,820000,510347.643040642,402114.707662069,648356.979619986,658119.679961383,361421.006232658,962105.826474381
17420,725.833333333333,"D","equilibrium",1680000,660000,1020000,704041.905368777,602477.566469426,830989.20519962,861447.684127369,564543.63051668,1159414.72095835
17468,727.833333333333,"A","equilibrium",1510000,820000,690000,937611.019996835,750139.213826376,1135554.47911365,567173.846360815,357977.337193548,762431.660345814
17468,727.833333333333,"B","equilibrium",1690000,1080000,610000,1143994.52989498,904129.179962424,1383163.91782762,516750.839509952,240947.491628846,804150.578171746
17468,727.833333333333,"C","equilibrium",1580000,990000,590000,993063.321341074,868058.926633413,1120310.01225161,501189.686399776,213186.530777169,794963.323478606
17468,727.833333333333,"D","equilibrium",1440000,870000,570000,887258.313678889,780019.260486014,1009194.4708103,467889.767523854,198448.209856404,753863.635840058
17516,729.833333333333,"A","equilibrium",1410000,1070000,340000,1061081.45389398,843996.030436141,1262731.47970707,347774.375484864,141127.668449135,569364.644572808
17516,729.833333333333,"B","equilibrium",1690000,1040000,650000,1114228.02806712,869384.824997568,1371363.6824725,545215.116670327,259495.218188987,840935.819916373
17516,729.833333333333,"C","equilibrium",1560000,930000,630000,937717.704252519,814859.47809473,1069237.23899077,532672.361354548,240492.921091416,833895.697029855
17516,729.833333333333,"D","equilibrium",1580000,990000,590000,997770.699828893,887366.455777818,1113635.94405016,492542.826543973,218147.777396637,777621.219130417
17564,731.833333333333,"A","equilibrium",1630000,1200000,430000,1209911.9099788,1013952.32807365,1419326.619297,416433.08319198,202156.328032873,620975.623773809
17564,731.833333333333,"B","equilibrium",1590000,810000,780000,951514.704396478,715232.535213714,1204201.83604155,600855.953434966,311816.126745814,887060.371953214
17564,731.833333333333,"C","equilibrium",1470000,930000,540000,934601.121928637,809848.380901335,1063273.7680429,457548.529027487,180430.063114852,750012.195943466
17564,731.833333333333,"D","equilibrium",1650000,950000,7e+05,962637.83334593,855804.924565753,1078016.21725761,586684.98931932,295789.855612161,883140.100291408
17612,733.833333333333,"A","equilibrium",1060000,590000,470000,735071.368414233,567816.147166428,914094.760650593,323897.036461654,141205.14718614,496256.825680511
17612,733.833333333333,"B","equilibrium",1150000,640000,510000,776579.887185469,566902.576940695,988505.723445026,366341.744953178,144487.228862146,619769.192274838
17612,733.833333333333,"C","equilibrium",1350000,760000,590000,778388.526880008,659519.874048062,908988.757382411,488897.990626727,204666.639277921,780849.130539483
17612,733.833333333333,"D","equilibrium",1540000,820000,720000,844145.885805168,738743.56786105,967523.798245464,596905.251816425,304109.525111573,895162.493106529
17660,735.833333333333,"A","equilibrium",1380000,630000,750000,830184.12351649,625217.836289653,1024643.44011593,544527.259173747,338064.808768436,761214.33827021
17660,735.833333333333,"B","equilibrium",1580000,1260000,320000,1234182.6410222,1010521.78250296,1445555.2257833,345304.928288043,126217.254762406,601209.088140532
17660,735.833333333333,"C","equilibrium",1730000,1210000,520000,1201822.82057505,1075545.38628605,1322866.75733909,449608.287542535,176870.768729271,734344.522111241
17660,735.833333333333,"D","equilibrium",1810000,1220000,590000,1214089.18217334,1099340.97564299,1325153.31974211,505861.567753816,230119.170546229,796345.711154245
17708,737.833333333333,"A","equilibrium",1200000,610000,590000,789910.711006567,616112.047830251,993664.959953394,407053.916466216,195633.38177625,592438.60819343
17708,737.833333333333,"B","equilibrium",1410000,1160000,250000,1126786.58919953,901895.934590724,1327898.14221721,296446.289116185,98712.7644025348,551016.478475285
17708,737.833333333333,"C","equilibrium",1620000,1140000,480000,1133173.61834887,1001772.1170449,1259869.47196403,417229.476841018,148483.890793028,717305.727613233
17708,737.833333333333,"D","equilibrium",1510000,1220000,290000,1205438.58719855,1087104.13404569,1314586.40360523,275336.649531055,67052.4795822835,529676.882392379
17756,739.833333333333,"A","equilibrium",1260000,910000,350000,941218.128913002,774790.773385191,1117704.99481347,318619.766587568,138106.174214654,491875.212523537
17756,739.833333333333,"B","equilibrium",1560000,1100000,460000,1134711.24558091,906019.672313276,1364317.34097053,409155.684917502,162864.70993842,677463.66267271
17756,739.833333333333,"C","equilibrium",1660000,1060000,6e+05,1057890.39951137,930759.321429351,1185645.99257551,514574.346313771,226742.971881546,806004.568567445
17756,739.833333333333,"D","equilibrium",1630000,1160000,470000,1155360.88717143,1039989.77952499,1268213.96188272,401206.488951479,144557.606903959,675428.928050479
17804,741.833333333333,"A","equilibrium",1650000,830000,820000,949369.481269154,751984.989453,1146033.42378988,694935.625647629,482777.409251606,899882.167223785
17804,741.833333333333,"B","equilibrium",1240000,990000,250000,981835.031166797,773491.730985008,1179608.61296399,277201.721575625,90145.7536293004,510791.785951322
17804,741.833333333333,"C","equilibrium",1450000,720000,730000,744542.94889128,628823.682102685,879204.540909489,607464.682746607,309801.517755488,909240.902747384
17804,741.833333333333,"D","equilibrium",1330000,980000,350000,983745.248757919,873654.481558977,1094018.61463399,302005.402367391,81398.0670789783,560592.304214442
17852,743.833333333333,"A","equilibrium",1220000,1110000,110000,1007126.84618448,820826.562457315,1166302.68738267,218569.264307322,65553.2489910712,405490.181430038
17852,743.833333333333,"B","equilibrium",1610000,870000,740000,991731.718534992,750941.099509283,1233580.09391402,584400.411455901,302920.861292392,875537.908091758
17852,743.833333333333,"C","equilibrium",1510000,1270000,240000,1245820.6455442,1115150.02276974,1363836.1813113,256745.493027409,54655.3184278947,512354.86823879
17852,743.833333333333,"D","equilibrium",1830000,1450000,380000,1430154.73861307,1309340.3357375,1538975.97648268,341934.836326297,99806.8819006081,613461.090614414
17900,745.833333333333,"A","equilibrium",1170000,610000,560000,776847.121887418,605373.885648749,971017.409451822,389966.819612448,186554.4112965,566653.83265981
17900,745.833333333333,"B","equilibrium",1360000,1e+06,360000,1023478.31191126,802204.343532768,1232381.89905702,337875.884660124,121835.544428812,594538.693927684
17900,745.833333333333,"C","equilibrium",1600000,940000,660000,946574.727886281,821886.646576953,1075216.18769549,560759.811838115,270735.368147767,858020.008017769
17900,745.833333333333,"D","equilibrium",1270000,1380000,-110000,1324978.65149789,1194126.54898988,1426551.93365217,121314.527987287,18619.5884702395,293246.588238932
17948,747.833333333333,"A","equilibrium",920000,510000,410000,676233.546742765,504822.049163708,836949.881758948,245866.29733593,84835.0183652694,420213.882186169
17948,747.833333333333,"B","equilibrium",1410000,970000,440000,1021680.30808844,795344.251010556,1239986.75589896,379366.531955374,144883.699714466,645848.276675374
17948,747.833333333333,"C","equilibrium",1820000,1200000,620000,1193390.73166274,1064533.14551914,1317337.71957999,536785.23583418,243727.481541148,836165.285797177
17948,747.833333333333,"D","equilibrium",1780000,990000,790000,1000405.37690219,891655.472761533,1114469.48029674,674712.937187512,380993.445016673,968514.585214276
17996,749.833333333333,"A","equilibrium",1400000,710000,690000,866722.872558112,678622.626518728,1060338.37359441,527911.191830156,321281.751905274,723793.494714835
17996,749.833333333333,"B","equilibrium",2070000,950000,1120000,1082306.09289235,825125.571228383,1341062.54795116,937090.659425381,624470.068982726,1251098.73486259
17996,749.833333333333,"C","equilibrium",1600000,880000,720000,892455.411503399,769581.582356232,1023085.48855703,609312.880813177,310953.524516878,912017.580177903
17996,749.833333333333,"D","equilibrium",1850000,780000,1070000,809508.497342409,704434.386335147,935363.604111608,923680.887167481,622192.883800809,1218507.11796283
18044,751.833333333333,"A","equilibrium",1220000,1060000,160000,1017871.26456976,832517.77113481,1171987.93845521,206553.184092718,51125.0028302395,393724.117129151
18044,751.833333333333,"B","equilibrium",1580000,1030000,550000,1093062.21652363,857323.910831401,1327463.33480716,463579.063368146,201202.950575449,744407.692484847
18044,751.833333333333,"C","equilibrium",1780000,830000,950000,847161.960466608,727408.543380733,979126.479601442,825374.188583093,517677.865056079,1128592.74185257
18044,751.833333333333,"D","equilibrium",1530000,1170000,360000,1160950.46690207,1047276.17088391,1269410.49922713,319704.138099896,92194.9394344487,581888.920592227
18092,753.833333333333,"A","equilibrium",1330000,1170000,160000,1111190.05806597,922510.734477266,1255383.21414251,222041.490228837,78825.0565303412,418610.264777544
18092,753.833333333333,"B","equilibrium",1830000,1120000,710000,1193728.54705503,950231.328765753,1444472.06128451,599508.263174384,312971.21899891,894358.772563827
18092,753.833333333333,"C","equilibrium",1560000,760000,8e+05,782131.573586582,665027.054940337,916371.762656041,677179.79618935,374534.395625737,977042.540257177
18092,753.833333333333,"D","equilibrium",1710000,720000,990000,756161.402448463,653029.657630962,880424.731456993,839508.648360419,542493.608557956,1137610.55615211
18140,755.833333333333,"A","equilibrium",1340000,1090000,250000,1080174.42039674,904422.576331721,1235386.28295448,260497.541544018,105444.845819244,443431.691946894
18140,755.833333333333,"B","equilibrium",1900000,1170000,730000,1236686.13226521,977663.096601376,1499592.5740818,626313.551764667,326162.887876196,935857.329931263
18140,755.833333333333,"C","equilibrium",1140000,830000,310000,831947.41410256,711398.966878072,952503.953883711,280465.891174234,68227.9670292148,544659.066632164
18140,755.833333333333,"D","equilibrium",1380000,790000,590000,814931.212120443,708793.635708506,933508.579013494,477121.516732189,200109.61810035,762340.261943568
18188,757.833333333333,"A","equilibrium",1420000,920000,5e+05,977665.135416072,770483.788247102,1188281.20682229,438861.271750699,221878.659252916,652194.691285208
18188,757.833333333333,"B","equilibrium",1640000,1060000,580000,1121456.82590121,878201.791083338,1362505.14339395,491966.897172187,221715.404949503,779224.581997976
18188,757.833333333333,"C","equilibrium",1440000,660000,780000,690017.755186201,576868.716721551,822934.301756078,650488.349803877,349763.916871456,951641.91279378
18188,757.833333333333,"D","equilibrium",1380000,1140000,240000,1126167.63476342,1011931.44330439,1231706.72491632,243948.291445825,55247.6902112222,492496.951432512
18236,759.833333333333,"A","equilibrium",1080000,690000,390000,772416.615811177,578006.368302655,959734.317068461,307835.826868594,117495.968305648,504045.701794105
18236,759.833333333333,"B","equilibrium",1610000,1310000,3e+05,1274866.44105501,1045224.75416586,1489045.36884228,337129.059546122,121380.84138098,603192.951338112
18236,759.833333333333,"C","equilibrium",1190000,1140000,50000,1103754.70933812,971905.097989434,1216847.6384916,169426.568073162,29068.7670321231,382237.272322439
18236,759.833333333333,"D","equilibrium",1620000,1070000,550000,1072212.78719117,959193.964074935,1185582.6869962,462725.524999668,188440.343534409,750564.039870854
18284,761.833333333333,"A","equilibrium",780000,7e+05,80000,670853.338901255,549195.455189152,779978.247297839,123608.821256836,32371.7470984221,252812.381334236
18284,761.833333333333,"B","equilibrium",1320000,1060000,260000,1043216.87165162,828981.317810252,1248833.67677578,290952.525149582,96257.9605475555,534642.610878622
18284,761.833333333333,"C","equilibrium",1280000,930000,350000,928008.131742188,805949.309204944,1049362.04936984,312677.449647075,84578.1455216881,585588.523592213
18284,761.833333333333,"D","equilibrium",1540000,1160000,380000,1152208.22022252,1038162.94188359,1264333.10779985,331745.563873293,93708.3490935627,599514.285860826
18332,763.833333333333,"A","equilibrium",1320000,1160000,160000,1083492.21226522,910081.787688799,1246035.72274211,239655.175743864,80645.2355977642,420176.460637274
18332,763.833333333333,"B","equilibrium",1040000,1040000,0,921209.457664448,728261.989189341,1102316.42762638,190037.917024124,52371.0673076725,389483.261689369
18332,763.833333333333,"C","equilibrium",2020000,980000,1040000,987067.867407362,862058.005396325,1118118.89761538,920989.058669174,612851.405913239,1224007.34846617
18332,763.833333333333,"D","equilibrium",1950000,1050000,9e+05,1056786.2488451,944514.372253067,1174049.11932568,784293.105220206,480999.576210266,1081742.88559077
18380,765.833333333333,"A","equilibrium",1370000,1140000,230000,1106988.79402636,931682.933307867,1272170.83751728,263817.422895001,97951.9280053692,444540.631981987
18380,765.833333333333,"B","equilibrium",1870000,1080000,790000,1168233.76503323,916386.83776418,1429988.14053917,660419.426385599,355947.704578153,964759.602178975
18380,765.833333333333,"C","equilibrium",1650000,1390000,260000,1365191.12417545,1230671.04180748,1480547.22305004,266977.764623817,63265.2878038776,524391.351415161
18380,765.833333333333,"D","equilibrium",1720000,1100000,620000,1101811.669277,990163.509765648,1214934.95630472,524784.551383914,240949.968556153,815459.457189726
18428,767.833333333333,"A","equilibrium",1230000,1140000,90000,1057316.72084185,884272.543339968,1183931.43156729,178832.861015363,56375.4757592999,355683.537670229
18428,767.833333333333,"B","equilibrium",1370000,1130000,240000,1095960.58293414,882416.320006632,1294183.40611855,289841.66815945,98654.6666875237,531406.643470177
18428,767.833333333333,"C","equilibrium",1540000,1210000,330000,1193296.20513821,1060355.99352443,1312919.36240955,309354.264328615,79491.9625027386,578784.272314019
18428,767.833333333333,"D","equilibrium",1850000,1060000,790000,1065749.8392185,953257.965815488,1182007.96189821,679063.821834465,385087.838044372,971586.939448015
18476,769.833333333333,"A","equilibrium",1070000,660000,410000,796411.562785945,618460.099672661,962907.686776067,274239.721528965,106496.918349787,461263.585574814
18476,769.833333333333,"B","equilibrium",1790000,1290000,5e+05,1306769.96459395,1061638.99435176,1541817.72364861,460755.91478992,203534.059487784,746502.033486153
18476,769.833333333333,"C","equilibrium",1790000,1280000,510000,1267540.53914536,1136257.59098575,1391568.08914107,444393.741773531,168655.798203282,734967.33241899
18476,769.833333333333,"D","equilibrium",1710000,1010000,7e+05,1017699.39035998,908296.50288165,1132477.55717508,592455.785287948,301758.603065142,880662.180253011
18524,771.833333333333,"A","equilibrium",1520000,9e+05,620000,985174.155279358,798307.294054872,1193552.91443215,529656.169268271,306966.226664097,724431.258084594
18524,771.833333333333,"B","equilibrium",1530000,890000,640000,986404.700837858,749897.269488234,1221858.15361076,516121.051393624,243502.561715977,802112.857111495
18524,771.833333333333,"C","equilibrium",1650000,910000,740000,919424.98428318,795863.010485429,1048905.2515619,632411.864069282,335162.528141794,936974.129138916
18524,771.833333333333,"D","equilibrium",1930000,1020000,910000,1030132.82421088,920470.730122668,1150449.49207212,790554.874608474,491199.094285844,1091079.24339213
18572,773.833333333333,"A","equilibrium",1520000,1e+06,520000,1077139.35055414,858412.176441303,1268430.22960217,438647.656760954,240313.957056297,666055.379042041
18572,773.833333333333,"B","equilibrium",1410000,1160000,250000,1126917.15711689,908119.362803717,1327813.19108452,296253.280215856,99290.6847138957,544147.57485566
18572,773.833333333333,"C","equilibrium",1840000,940000,9e+05,948361.330137228,822366.855102016,1078330.21215668,784695.161897522,478810.781756984,1090761.61322472
18572,773.833333333333,"D","equilibrium",2020000,1150000,870000,1151950.96821308,1038706.42006539,1267099.55225963,758744.759500292,465711.46924353,1050922.42434711
18620,775.833333333333,"A","equilibrium",1330000,860000,470000,949555.906146655,753587.902282865,1125777.39949656,377952.360734631,195861.94740829,581375.422984694
18620,775.833333333333,"B","equilibrium",1790000,930000,860000,1049388.71720261,800806.588392794,1304262.7832539,698800.492969219,398920.079322186,1005663.00617075
18620,775.833333333333,"C","equilibrium",1620000,1300000,320000,1280145.91202536,1149367.87713644,1398510.82151126,303210.243303203,80438.3456052692,572390.437204579
18620,775.833333333333,"D","equilibrium",1440000,770000,670000,798659.969748787,694969.961579943,919843.318230643,545062.974593835,262657.295404138,830898.4389538
18668,777.833333333333,"A","equilibrium",860000,740000,120000,723106.020853806,590764.641422866,841164.70107341,148360.287926637,43397.3151936576,286753.493371691
18668,777.833333333333,"B","equilibrium",1260000,980000,280000,983526.578030476,770241.593410061,1184563.18407035,290582.111373634,97388.8374986426,533679.455335198
18668,777.833333333333,"C","equilibrium",1300000,1050000,250000,1035413.58100884,908385.690000527,1152727.56649029,255296.11293202,57319.9717556003,509660.423489078
18668,777.833333333333,"D","equilibrium",1290000,1200000,90000,1172564.47458667,1054939.86885706,1275974.1386348,179145.157103858,32170.8696292824,396358.419207278
18716,779.833333333333,"A","equilibrium",1570000,1360000,210000,1291763.52651599,1077443.43901694,1460978.63736651,278519.151269031,107727.327603234,502527.350648479
18716,779.833333333333,"B","equilibrium",2050000,1410000,640000,1434373.40980615,1179308.04799658,1692247.27083236,581144.670882239,290033.562667375,879348.80055966
18716,779.833333333333,"C","equilibrium",2410000,1730000,680000,1710193.8110564,1573379.47911406,1833418.16014249,603261.473017581,307586.595240225,903565.860933847
18716,779.833333333333,"D","equilibrium",2010000,1450000,560000,1434322.89807729,1309539.8059862,1548662.24858191,487343.750076315,207071.641418223,776943.334221557
18764,781.833333333333,"A","equilibrium",1670000,1100000,570000,1124697.1905779,863535.871431085,1361350.03894124,540312.731025565,299455.755163096,807838.322967365
18764,781.833333333333,"B","equilibrium",1130000,750000,380000,827556.033602322,625996.272029537,1030273.5507731,309922.220734352,104514.332472753,553740.604886195
18764,781.833333333333,"C","equilibrium",1870000,1370000,5e+05,1356187.69276414,1224548.68505865,1477943.70161657,437115.982869184,163660.562905125,726016.173582048
18764,781.833333333333,"D","equilibrium",1660000,1320000,340000,1303511.13623683,1184907.92383846,1410851.4493631,310196.951558204,84660.4555631173,574023.205349172
18812,783.833333333333,"A","equilibrium",1370000,940000,430000,1010613.19362064,798804.630902068,1193932.78600071,357053.578812705,172426.038017565,577697.826069788
18812,783.833333333333,"B","equilibrium",1690000,1110000,580000,1167904.09333174,927007.710385561,1411030.87887204,495485.595591439,226687.281416879,783836.566508531
18812,783.833333333333,"C","equilibrium",2190000,1230000,960000,1226005.38987333,1094218.18703207,1352336.21715047,855454.976244354,539902.75742924,1161282.24168464
18812,783.833333333333,"D","equilibrium",1670000,1060000,610000,1063300.93506139,952100.145436349,1178685.22499298,513241.903326047,226840.903878192,803634.221601622
18860,785.833333333333,"A","equilibrium",1640000,660000,980000,873641.789869541,673896.865235865,1078007.94995936,759683.485826168,551312.416378947,970967.267610934
18860,785.833333333333,"B","equilibrium",1670000,970000,7e+05,1066018.74212425,827608.561943131,1308100.77396832,569461.797347284,287355.715379264,856610.700933914
18860,785.833333333333,"C","equilibrium",2290000,1680000,610000,1657597.37340697,1518021.11982598,1781095.41906348,543082.81104137,246936.682391146,839758.290552028
18860,785.833333333333,"D","equilibrium",1470000,1280000,190000,1256484.01652614,1136181.45137612,1360015.17713603,223348.472257016,46227.1551488469,461570.518554516
18908,787.833333333333,"A","equilibrium",1160000,740000,420000,862494.606361814,674877.979559484,1061622.48739353,296701.154833435,95449.3287076559,493540.078408077
18908,787.833333333333,"B","equilibrium",1290000,710000,580000,847087.461243332,629315.394545757,1064139.26946297,424011.813454469,180649.910800763,689959.571507734
18908,787.833333333333,"C","equilibrium",2430000,1390000,1040000,1380672.19423297,1249898.14340037,1507017.59964686,935251.398965039,620266.46875068,1243211.76719233
18908,787.833333333333,"D","equilibrium",1740000,1150000,590000,1148154.52285027,1033040.43970265,1262014.86994253,503337.638431518,223924.741849101,790513.170151159
18956,789.833333333333,"A","equilibrium",1630000,1140000,490000,1166128.07577389,953397.564057939,1361063.09480978,459960.513167852,257563.283352862,678750.459811593
18956,789.833333333333,"B","equilibrium",1470000,1490000,-20000,1313131.16648234,1105817.15364768,1507084.18208955,213504.010060413,61340.7775787728,422131.279625461
18956,789.833333333333,"C","equilibrium",1710000,1370000,340000,1349107.32115586,1216897.95722471,1470887.59127387,318588.71093085,84968.3421394025,591963.127879428
18956,789.833333333333,"D","equilibrium",2490000,1810000,680000,1785758.50577493,1661569.33807842,1896141.61908691,601717.306775304,309129.859726764,896294.556405425
19004,791.833333333333,"A","equilibrium",1450000,980000,470000,1014011.72914051,789882.417612377,1227936.61266704,432914.60311532,212992.103810158,661855.48985396
19004,791.833333333333,"B","equilibrium",1310000,1110000,2e+05,1063563.9456994,849938.791280486,1263693.95111091,270658.834979177,83527.3416095607,513708.08952415
19004,791.833333333333,"C","equilibrium",2090000,1390000,7e+05,1378479.37632937,1248203.44570594,1502797.15590005,614730.46046237,310155.813272193,921105.862020335
19004,791.833333333333,"D","equilibrium",2640000,1580000,1060000,1564448.2231255,1440089.42871086,1675912.94043954,960433.248968508,660457.050073735,1262860.56096344
19052,793.833333333333,"A","equilibrium",1200000,1130000,70000,1030053.25966038,860751.243757772,1162919.62986474,176833.121090512,48986.5337314849,350697.048868046
19052,793.833333333333,"B","equilibrium",990000,1180000,-190000,947245.199044219,753692.162214654,1143792.11209972,154795.401476637,40718.9849027098,324863.100363994
19052,793.833333333333,"C","equilibrium",1950000,1120000,830000,1120651.05145667,994474.811995909,1247155.09511098,726481.542312777,425662.933423544,1028950.03939191
19052,793.833333333333,"D","equilibrium",2200000,1770000,430000,1741614.94799264,1611555.04979001,1850571.93402054,389091.312101637,129715.310471259,669363.188418656
19100,795.833333333333,"A","equilibrium",1650000,1190000,460000,1215586.62997219,1006023.46035722,1403390.76289181,430923.412328423,237111.909930915,650708.841266258
19100,795.833333333333,"B","equilibrium",1510000,1280000,230000,1220895.71254462,996170.068135479,1423686.84956627,301657.611661522,100259.030011276,550694.858074864
19100,795.833333333333,"C","equilibrium",1220000,1370000,-150000,1301400.58939311,1153697.77644353,1412432.02286268,119160.172765778,17740.7913597604,291868.51086509
19100,795.833333333333,"D","equilibrium",2750000,1770000,980000,1748446.78062955,1625137.46269383,1860512.4013705,885507.13785966,577565.263162075,1186400.91091181
19148,797.833333333333,"A","equilibrium",1460000,1310000,150000,1223281.44582101,1025928.15087753,1385499.64198244,239353.727521887,77304.7095035829,441259.268501546
19148,797.833333333333,"B","equilibrium",1780000,1460000,320000,1413099.38516446,1170273.31579558,1635549.95515698,362956.957091525,132503.390436667,638170.460907889
19148,797.833333333333,"C","equilibrium",1700000,1360000,340000,1339517.06025019,1205522.9474133,1458715.12113849,318727.35393679,82337.1535955279,598301.511957917
19148,797.833333333333,"D","equilibrium",2980000,2150000,830000,2119859.42340194,1989157.40526347,2228690.66419839,752460.704291054,446238.764987475,1056802.40553961
19196,799.833333333333,"A","equilibrium",1160000,1030000,130000,947940.542589877,789714.60016021,1105761.4362011,217695.915753187,66215.7601079781,375782.927551128
19196,799.833333333333,"B","equilibrium",1480000,1310000,170000,1227114.83104494,1012965.38438932,1427422.92767398,274941.802727848,88166.6516770138,512942.886997453
19196,799.833333333333,"C","equilibrium",1360000,1090000,270000,1075303.74345371,946324.518718724,1194476.54779597,268941.089965108,62146.1974222834,525736.337014709
19196,799.833333333333,"D","equilibrium",1010000,970000,40000,951187.035838172,838966.831458011,1052477.72601709,153883.08727834,26511.7004174897,351253.389499394
19244,801.833333333333,"A","equilibrium",1430000,1030000,4e+05,1072738.78785247,870350.755083892,1263526.29374488,355105.958834086,159495.401978235,565976.949298698
19244,801.833333333333,"B","equilibrium",1660000,1340000,320000,1307190.98316872,1076144.27204054,1528947.47764663,350874.838172071,125929.876201018,615418.718276162
19244,801.833333333333,"C","equilibrium",910000,920000,-10000,889144.267982546,762534.036592814,999665.618760108,145746.186038218,23758.3210447351,338513.594267622
19244,801.833333333333,"D","equilibrium",1230000,1010000,220000,1002545.33473539,893739.069684176,1110693.47001456,229751.909321928,48607.5917665361,478172.910180975
19292,803.833333333333,"A","equilibrium",1580000,860000,720000,983640.6970527,772289.467302025,1173064.09249392,590738.7695138,388235.479052012,812441.782500763
19292,803.833333333333,"B","equilibrium",1320000,790000,530000,893660.584312736,677364.898510971,1116393.09751139,410612.355672921,168772.748191121,676196.321992154
19292,803.833333333333,"C","equilibrium",1040000,710000,330000,723322.44073095,609354.241792925,845636.313342526,286826.798087974,72544.3936331612,547920.175254661
19292,803.833333333333,"D","equilibrium",1130000,810000,320000,824684.947587307,720505.137310763,936430.258323729,276334.061120831,68265.0767225372,536690.68825431
19340,805.833333333333,"A","equilibrium",1110000,880000,230000,880055.104322804,721513.221874708,1038039.90143683,233302.677876823,77205.2784522443,396125.658442536
19340,805.833333333333,"B","equilibrium",890000,870000,20000,785832.739212639,604293.278475654,964279.828560128,182222.014480131,49562.7622360975,371646.419054289
19340,805.833333333333,"C","equilibrium",760000,730000,30000,716812.660164683,598152.132499159,830059.148262773,152577.559209194,25185.6998223872,356941.732710574
19340,805.833333333333,"D","equilibrium",1220000,8e+05,420000,819452.646893739,715810.890998849,934146.628290634,342650.143640954,105554.548384548,616011.287258388
19388,807.833333333333,"A","equilibrium",1210000,910000,3e+05,947596.528313329,754417.772101297,1117999.91994389,263326.108592866,91966.7370099429,463454.004240609
19388,807.833333333333,"B","equilibrium",830000,910000,-80000,771180.280031653,589924.720672177,956595.218703158,159920.924961967,43721.3339727594,332068.404261029
19388,807.833333333333,"C","equilibrium",810000,830000,-20000,803463.175225863,678528.614981176,912122.51018677,142946.474534234,22653.8633987284,333460.514026825
19388,807.833333333333,"D","equilibrium",1190000,790000,4e+05,809893.922507069,705339.84667249,927979.189296952,327644.068122333,95650.4635524503,594226.523011316
19436,809.833333333333,"A","equilibrium",1210000,860000,350000,902972.400332731,729198.478757007,1086521.11591014,307440.257106046,120465.436176533,485747.659998323
19436,809.833333333333,"B","equilibrium",950000,840000,110000,803182.608130644,619716.022468696,980862.414062326,203692.252041078,58967.306083526,405156.922458478
19436,809.833333333333,"C","equilibrium",870000,820000,50000,801904.367171178,682512.490939058,913735.022803433,162085.206228865,27522.6782942169,368183.530153139
19436,809.833333333333,"D","equilibrium",1460000,1140000,320000,1129885.40120011,1013284.69992665,1238288.9806033,291838.322444706,75796.5734745114,548538.066955397
19484,811.833333333333,"A","equilibrium",1630000,910000,720000,1030336.79008139,822448.515583472,1230065.4065662,593635.700196818,385874.625589614,810926.184030487
19484,811.833333333333,"B","equilibrium",1490000,9e+05,590000,991148.226149404,759957.228238541,1224616.40544634,474963.870417785,215728.537637598,756376.971363574
19484,811.833333333333,"C","equilibrium",990000,920000,70000,896562.978647987,769426.00756912,1007464.13337233,172520.612507674,30001.1691601371,387392.955540188
19484,811.833333333333,"D","equilibrium",1040000,880000,160000,878509.124886517,772715.316281233,985730.262119738,197602.482224477,37885.601551239,424735.539629008
19532,813.833333333333,"A","equilibrium",1670000,970000,7e+05,1068379.41013225,868596.374567299,1292604.40249256,595570.870071383,365054.450142184,805050.212865617
19532,813.833333333333,"B","equilibrium",1270000,9e+05,370000,942079.049784851,720931.504934971,1150377.22865964,330223.633095956,117299.279563816,582642.409309759
19532,813.833333333333,"C","equilibrium",1170000,770000,4e+05,781089.315488184,663885.759756658,904038.990846603,337920.246842711,100371.535015585,608882.688153469
19532,813.833333333333,"D","equilibrium",1360000,1110000,250000,1098256.70452266,983117.039797184,1207734.48725319,248667.97396303,58054.1336798231,495100.51165065
19580,815.833333333333,"A","equilibrium",1590000,1060000,530000,1122376.65174969,903534.777430546,1364903.57809129,463188.975385426,222503.815203936,694874.841437459
19580,815.833333333333,"B","equilibrium",1030000,650000,380000,747433.205807933,554468.916136069,941274.661996267,295718.395302763,98633.7097363348,529294.276522478
19580,815.833333333333,"C","equilibrium",960000,490000,470000,536323.524676676,426826.879959123,669279.885690692,363239.612904317,112275.137841622,641055.981126353
19580,815.833333333333,"D","equilibrium",1090000,1100000,-10000,1068500.18791306,950010.547015247,1168277.20005145,142771.863947478,22965.7114863477,337340.335333336
19628,817.833333333333,"A","equilibrium",1200000,490000,710000,745113.282641419,564380.190311004,911877.437192343,450364.44243333,274861.474354812,642193.677358288
19628,817.833333333333,"B","equilibrium",940000,410000,530000,619949.56826218,430966.625930893,813252.262761343,322139.035714888,116955.730312427,557864.005219453
19628,817.833333333333,"C","equilibrium",1190000,590000,6e+05,625599.598944298,513410.545029148,760066.493678273,482747.579075321,201682.484431115,768729.751117425
19628,817.833333333333,"D","equilibrium",1420000,1120000,3e+05,1112238.65089516,1000937.69052726,1220583.79045467,278542.629169593,68959.5377289649,534890.567303242
19676,819.833333333333,"A","equilibrium",810000,760000,50000,701377.168271899,575222.874303244,811861.028685821,123421.392208594,32388.4839841532,254195.170611156
19676,819.833333333333,"B","equilibrium",1070000,780000,290000,821903.120987172,626292.469792391,1013016.26099965,269777.221971213,85401.5994680069,500409.563849609
19676,819.833333333333,"C","equilibrium",990000,690000,3e+05,703014.639488388,587342.923835765,823668.494236998,267207.099835508,60203.4763024538,526805.833490687
19676,819.833333333333,"D","equilibrium",1130000,9e+05,230000,901755.437300032,794045.805090693,1009202.58122207,228726.567297488,49419.0601613981,472834.481792105
19724,821.833333333333,"A","equilibrium",1010000,860000,150000,832761.254227665,692042.773073417,965469.695962695,184330.921473353,60399.3153189565,330734.635608246
19724,821.833333333333,"B","equilibrium",1e+06,920000,80000,853355.660677368,666621.681512048,1039096.00777216,204848.801613703,58211.1144132992,406935.749297124
19724,821.833333333333,"C","equilibrium",9e+05,660000,240000,672068.948155687,558605.45771735,788552.752234873,233330.448856043,50506.1842723942,480564.864273034
19724,821.833333333333,"D","equilibrium",1020000,1010000,10000,985784.491295812,867920.669632742,1087589.83532699,147045.851359835,23872.8828153168,343679.175943892
19772,823.833333333333,"A","equilibrium",1670000,720000,950000,891307.139591034,702347.813217675,1104031.38220006,772103.494815602,552068.827055793,971856.183235176
19772,823.833333333333,"B","equilibrium",880000,740000,140000,734849.388222464,552280.691502734,910696.339138223,202680.680736496,58821.421340338,399348.638061795
19772,823.833333333333,"C","equilibrium",710000,610000,1e+05,615263.039714858,505224.366593963,730899.835695429,172073.182047192,28973.2979705975,389376.387583538
19772,823.833333333333,"D","equilibrium",1520000,810000,710000,834236.309351749,729202.650530203,953614.255214386,586584.372913284,296326.111428484,876817.504057186
19820,825.833333333333,"A","equilibrium",1150000,950000,2e+05,931721.696894707,772797.4515037,1078749.6709381,221984.51729715,77450.915864448,386569.992518266
19820,825.833333333333,"B","equilibrium",1130000,990000,140000,938089.782866972,737388.353658483,1126174.19917651,232823.185080727,68659.028642142,451685.674373506
19820,825.833333333333,"C","equilibrium",790000,960000,-170000,906260.707648104,768304.79059505,1015184.65702308,110246.930814855,16185.7887482378,273412.591313715
19820,825.833333333333,"D","equilibrium",910000,930000,-20000,908296.921108916,798746.324216183,1007930.81774284,135425.165692623,21791.742889967,318275.31815013
19868,827.833333333333,"A","equilibrium",1260000,890000,370000,945305.78894188,759357.77144395,1116468.86087362,313743.397344706,138809.659817441,505670.6040425
19868,827.833333333333,"B","equilibrium",1040000,830000,210000,832223.011504339,643252.559355505,1016934.83766173,242227.397635032,75208.8980641578,454537.911487979
19868,827.833333333333,"C","equilibrium",990000,730000,260000,737120.01828176,621273.154524467,857609.40144547,248291.334878977,53626.5158194325,501431.115437
19868,827.833333333333,"D","equilibrium",1120000,880000,240000,884492.152241557,778854.564857359,993889.051448495,234300.090837502,49298.3074049439,478456.134524564
19916,829.833333333333,"A","equilibrium",1510000,1040000,470000,1097018.89763844,889948.746497609,1293697.38609821,409497.225704178,207151.61855791,625067.25270413
19916,829.833333333333,"B","equilibrium",1100000,990000,110000,925276.157309569,727999.543566103,1110580.96162744,222628.472974451,65869.4630631654,435560.999518316
19916,829.833333333333,"C","equilibrium",1210000,710000,5e+05,730859.850382185,615448.493799885,862428.763073331,408585.940755259,144741.666331423,691647.478873038
19916,829.833333333333,"D","equilibrium",1140000,990000,150000,978970.769007246,866898.279349328,1085542.03389155,194952.690126777,36593.2478653278,421973.00923032
19964,831.833333333333,"A","equilibrium",1030000,820000,210000,815799.530594108,654075.09608752,973448.114071996,219717.953342493,68470.085673568,384057.46110621
19964,831.833333333333,"B","equilibrium",1270000,750000,520000,861809.862978574,641835.019650289,1077240.9325545,396196.597036705,162220.040304613,661313.018213744
19964,831.833333333333,"C","equilibrium",9e+05,690000,210000,696949.284679094,582550.318091186,814894.244601354,221946.655837081,45583.8839324154,463441.127287454
19964,831.833333333333,"D","equilibrium",1590000,880000,710000,897418.92624305,790702.537586207,1014639.0115768,593109.9196319,305003.49496265,879759.215512153
20012,833.833333333333,"A","equilibrium",1330000,740000,590000,879619.738646923,691382.519251081,1074420.49108977,446106.23565028,244331.316321254,643729.242152702
20012,833.833333333333,"B","equilibrium",1110000,580000,530000,738141.164038409,534301.065051629,942883.417118595,364093.528870804,145969.013996449,612936.949481934
20012,833.833333333333,"C","equilibrium",1230000,510000,720000,559911.596185853,448166.420161844,698534.865443109,574403.074478235,281999.687585294,876382.206174984
20012,833.833333333333,"D","equilibrium",1520000,7e+05,820000,737671.674345897,635603.554902003,864300.545564511,676264.220757826,374790.693957837,970330.80441117
20060,835.833333333333,"A","equilibrium",940000,9e+05,40000,804272.747357034,652490.938168391,925467.746586256,147814.228839186,42870.0723808534,297898.282274078
20060,835.833333333333,"B","equilibrium",830000,720000,110000,704782.291321919,527472.632201518,882849.904568789,192106.931297888,55577.3849945696,385989.865139795
20060,835.833333333333,"C","equilibrium",1190000,810000,380000,818168.78969495,699821.798449559,944217.309746825,325371.946750923,89659.0254244199,598347.544455724
20060,835.833333333333,"D","equilibrium",710000,880000,-170000,846802.801682654,730463.158195607,944095.330303092,104142.984568697,15269.1350563279,262241.432658339
20108,837.833333333333,"A","equilibrium",1180000,750000,430000,843491.477628834,664620.648631635,1033154.49437311,335333.231086534,143481.682938534,519607.307186049
20108,837.833333333333,"B","equilibrium",1400000,970000,430000,1018502.8452619,793605.942343109,1235630.71575797,373795.920203694,143793.129275121,637003.284536823
20108,837.833333333333,"C","equilibrium",840000,750000,90000,742102.552676483,626155.612754212,855427.825267973,172923.375011373,30224.313253253,386154.997725313
20108,837.833333333333,"D","equilibrium",1120000,9e+05,220000,901083.770664253,794155.131853572,1007576.15115371,224100.500684015,46447.9670164085,460140.615653198
20156,839.833333333333,"A","equilibrium",1140000,840000,3e+05,890255.52642401,713568.858678912,1049573.88438044,251386.91698956,91087.4121047114,434009.771631146
20156,839.833333333333,"B","equilibrium",1030000,630000,4e+05,741056.247647558,548660.712854489,934455.160335116,299376.812143506,103621.705092301,532674.607644418
20156,839.833333333333,"C","equilibrium",980000,730000,250000,736946.565467301,623369.834390282,853841.041702929,242508.112819484,53183.7814120268,491620.536284405
20156,839.833333333333,"D","equilibrium",1360000,710000,650000,744672.583420832,642759.469200909,868188.438006079,523631.407763424,242191.177280112,813036.886461245
20204,841.833333333333,"A","equilibrium",850000,990000,-140000,766841.12305723,649119.293582005,884136.741422177,104481.717317301,25729.0341126149,219898.48633162
20204,841.833333333333,"B","equilibrium",1210000,810000,4e+05,879135.482579383,671814.193654482,1084024.70853994,332731.122502736,121968.833873074,576677.400345123
20204,841.833333333333,"C","equilibrium",1e+06,720000,280000,729417.831708499,615356.458245608,850058.418246725,258310.099048157,57809.6332667971,509742.992744232
20204,841.833333333333,"D","equilibrium",1370000,610000,760000,659268.030732747,559203.091774714,783831.642479123,610581.222370896,322723.50233378,900379.998437327
20252,843.833333333333,"A","equilibrium",1090000,870000,220000,884123.756897384,713618.312170827,1032630.60888245,209673.71598076,62190.8727457771,383634.026559211
20252,843.833333333333,"B","equilibrium",870000,930000,-60000,797319.097914933,618003.946752505,980469.189621222,165814.938742547,45143.5296230723,343332.488830936
20252,843.833333333333,"C","equilibrium",1270000,690000,580000,714926.970893032,598425.334182271,850697.291107226,472143.629729058,191579.178890567,765295.358462545
20252,843.833333333333,"D","equilibrium",1370000,720000,650000,753853.237413561,651771.867105445,875562.082355584,524187.645176,235863.632861374,810678.359621339
20300,845.833333333333,"A","equilibrium",910000,930000,-20000,797556.574005281,667689.002047998,912894.866246267,127460.432039228,31007.8064039036,261518.71535616
20300,845.833333333333,"B","equilibrium",760000,840000,-80000,714969.397714233,539265.906311605,896537.76343246,153457.447717482,40427.9378339315,324897.354584327
20300,845.833333333333,"C","equilibrium",1160000,670000,490000,693561.792134578,574494.630667696,822998.483687655,398011.921918627,136534.441768974,683105.907833466
20300,845.833333333333,"D","equilibrium",1370000,1200000,170000,1177861.98395536,1060664.69731072,1281570.4764232,211352.075763715,40940.8744951499,449566.567540971
20348,847.833333333333,"A","equilibrium",950000,830000,120000,789903.302885276,619904.404504898,919984.58439592,169199.9901885,50953.0650274373,336805.920972646
20348,847.833333333333,"B","equilibrium",1290000,1010000,280000,1005831.08910515,789258.027705238,1206013.78959811,296659.861817159,100572.150943081,545212.862961646
20348,847.833333333333,"C","equilibrium",1260000,910000,350000,908442.700219839,785098.800959805,1029218.92390376,312210.134329176,85593.8484902223,583680.739184103
20348,847.833333333333,"D","equilibrium",1e+06,1130000,-130000,1084109.92140246,960519.875824226,1185509.44454991,114792.453575098,16907.2550343542,279402.503040085
20396,849.833333333333,"A","equilibrium",1210000,850000,360000,918180.284822286,734266.792825593,1082193.81619646,291552.021978473,123178.988715038,483092.587825374
20396,849.833333333333,"B","equilibrium",1370000,660000,710000,826301.996584272,601933.986126995,1058076.50995456,515215.095280101,250286.069798735,791702.548124712
20396,849.833333333333,"C","equilibrium",1180000,790000,390000,798698.905215665,679597.682874362,924636.258797923,333654.764972243,98010.5463276218,611894.025010192
20396,849.833333333333,"D","equilibrium",1380000,920000,460000,929819.130963971,822912.508187106,1041443.17984519,380688.366193816,131155.696685315,655065.497184017
20444,851.833333333333,"A","equilibrium",1330000,970000,360000,1017883.8132416,825247.523483576,1196513.68727241,310822.188647357,131227.77044146,512404.253284971
20444,851.833333333333,"B","equilibrium",1010000,7e+05,310000,766590.581180622,572658.000406807,954780.500102517,266620.136151104,88175.6622315539,495999.660412936
20444,851.833333333333,"C","equilibrium",1e+06,760000,240000,763496.353857917,647279.108271439,881818.844316913,237941.532231383,51546.7252154363,487547.155696944
20444,851.833333333333,"D","equilibrium",1500000,920000,580000,934232.016450591,826805.67977631,1049120.28982556,477681.547858176,206193.082833334,760729.011109496
20492,853.833333333333,"A","equilibrium",1330000,850000,480000,936892.99463888,759315.801829024,1119909.17740297,390398.055927871,193890.595394174,577778.285747777
20492,853.833333333333,"B","equilibrium",1170000,6e+05,570000,760273.510628562,550658.298701334,974187.292378628,395389.183972114,162060.77551966,650285.934950223
20492,853.833333333333,"C","equilibrium",1120000,7e+05,420000,718073.680898493,603038.349550754,841974.791705497,348310.900557952,103477.501307382,629825.140579795
20492,853.833333333333,"D","equilibrium",1250000,740000,510000,767664.757752273,666169.776623759,886108.48532863,406717.295070115,143441.030106066,690871.684173046
20540,855.833333333333,"A","equilibrium",1250000,1170000,80000,1055456.74388992,901365.858837674,1207058.2103347,201175.481431348,54710.875455642,358208.882515734
20540,855.833333333333,"B","equilibrium",920000,1220000,-3e+05,922827.493816424,731434.718698662,1127819.56916695,134935.499937379,34834.0344991275,287095.358396592
20540,855.833333333333,"C","equilibrium",1050000,1120000,-70000,1071205.50096865,936686.25406812,1183487.78538687,133749.928079602,21579.2065050094,320525.863532433
20540,855.833333333333,"D","equilibrium",1240000,1100000,140000,1082447.49241159,967943.397744119,1186522.86546326,195259.989498351,35756.192641975,421163.48659197
20588,857.833333333333,"A","equilibrium",1260000,1070000,190000,1012822.80380637,820732.89507154,1179820.7813752,250063.901077002,85685.7688346747,444341.160638725
20588,857.833333333333,"B","equilibrium",1210000,1020000,190000,983885.736903719,780844.105617297,1172095.45998722,254315.077596773,81169.5403189671,478160.822203949
20588,857.833333333333,"C","equilibrium",1120000,690000,430000,709802.728270041,597534.903963636,836222.12910761,355197.245040947,107802.34450443,630319.706367608
20588,857.833333333333,"D","equilibrium",1310000,810000,5e+05,830253.849789444,727203.761165616,947926.602083211,405932.579629029,148365.017516385,686689.489376659
20636,859.833333333333,"A","equilibrium",1340000,1e+06,340000,1003105.05052593,818451.508776593,1190525.93952849,336220.194529123,144616.548006792,528361.458123291
20636,859.833333333333,"B","equilibrium",1520000,1050000,470000,1087841.16375533,858609.129595,1315142.50219423,418208.84503117,168550.854453331,691352.279753741
20636,859.833333333333,"C","equilibrium",950000,850000,1e+05,834153.953541885,711866.328737443,948629.873808151,181678.182407371,31813.8651891451,404057.381966873
20636,859.833333333333,"D","equilibrium",1260000,1130000,130000,1108852.91598915,993102.884030757,1211297.09347128,191931.409354787,35731.5205858986,416567.855210863
20684,861.833333333333,"A","equilibrium",940000,870000,70000,806101.005730515,665152.652890587,922439.83469838,144744.393381114,39673.2231448636,289930.117653742
20684,861.833333333333,"B","equilibrium",1220000,930000,290000,943844.615013749,731876.854202889,1142842.67989982,291328.437401871,94726.9810512645,538305.582318723
20684,861.833333333333,"C","equilibrium",1e+06,810000,190000,805809.194169223,687552.468098634,924766.519543341,215729.417403104,42282.7886387856,453370.803220855
20684,861.833333333333,"D","equilibrium",1380000,840000,540000,859230.0107635,755127.002471631,975191.099885534,438761.283672012,168651.607269807,721295.715646091
20732,863.833333333333,"A","equilibrium",1220000,870000,350000,911539.193289288,736011.488373281,1099799.56293144,308070.176845048,117115.241979078,493184.609330695
20732,863.833333333333,"B","equilibrium",1e+06,890000,110000,842558.273954581,650945.818893684,1025992.7959577,211248.912501089,60514.7547979421,415822.916165411
20732,863.833333333333,"C","equilibrium",940000,850000,90000,833481.235048912,706901.701998811,947515.526223653,177163.579818978,30218.6707894116,398768.056617037
20732,863.833333333333,"D","equilibrium",1490000,870000,620000,888254.343876188,783480.131943585,1004242.46996717,510457.494885453,235090.73381406,800199.056541411
20780,865.833333333333,"A","equilibrium",1270000,1100000,170000,1033406.84909137,826134.220924341,1193469.31816525,240100.389404136,83685.0123509548,451071.560639888
20780,865.833333333333,"B","equilibrium",1140000,690000,450000,802799.697096119,595174.908448995,1008108.23331918,335686.683018094,120570.6759443,585014.916093936
20780,865.833333333333,"C","equilibrium",880000,740000,140000,737106.372159465,620995.876440938,852214.95578663,192413.115899495,36047.1659297846,419879.8245328
20780,865.833333333333,"D","equilibrium",1180000,790000,390000,810081.167757391,708470.66676095,923218.711605477,319524.874956889,90838.1495767746,585573.454824621
20828,867.833333333333,"A","equilibrium",920000,810000,110000,786945.815305833,629191.597413279,900966.348379561,143435.438769171,32607.1824783987,303024.948458626
20828,867.833333333333,"B","equilibrium",1100000,1e+06,1e+05,929955.834723128,733238.343343512,1113106.70998745,218944.06679627,64386.8815474713,429544.321380623
20828,867.833333333333,"C","equilibrium",1070000,810000,260000,811160.352338706,692204.218006001,932104.745218647,251655.837596252,54076.7676883872,509282.297834804
20828,867.833333333333,"D","equilibrium",770000,1400000,-630000,1280968.41320968,1101122.82493109,1407519.1771347,59288.9616084417,7656.73360813862,158815.163262257
20876,869.833333333333,"A","equilibrium",1110000,890000,220000,901957.792055516,739066.763395995,1056388.91836055,211701.144357432,60136.2084858788,381228.429119584
20876,869.833333333333,"B","equilibrium",1100000,760000,340000,820038.696185903,615107.393937198,1015858.78671339,292839.738980433,99197.7853400943,534770.701577499
20876,869.833333333333,"C","equilibrium",1040000,730000,310000,739936.509655452,624933.892228069,863162.64610634,275740.141048828,65697.4969911072,534442.897213015
20876,869.833333333333,"D","equilibrium",1550000,1130000,420000,1125462.73827193,1012565.73665859,1235167.6317335,361921.028275288,118659.724338525,635657.38034186
20924,871.833333333333,"A","equilibrium",970000,880000,90000,829508.828771641,692268.038390952,949220.001232641,150464.339725346,43190.0504237257,293995.076884759
20924,871.833333333333,"B","equilibrium",920000,750000,170000,754623.161340235,572723.151260421,931120.582535762,215448.125147275,62641.7860462626,423569.234980446
20924,871.833333333333,"C","equilibrium",8e+05,540000,260000,568266.466401265,461207.919640456,692464.3726998,235203.915683015,49206.5674510555,482126.610393125
20924,871.833333333333,"D","equilibrium",1140000,840000,3e+05,851405.157279966,745791.7709148,963689.003245933,263816.652469234,63381.12634047,509380.892207939
20972,873.833333333333,"A","equilibrium",1180000,930000,250000,957273.354564797,774763.291887609,1099367.75542085,225023.300968027,84208.7804848245,416238.812424615
20972,873.833333333333,"B","equilibrium",1270000,860000,410000,922361.36867564,706920.185189214,1132310.32277066,345942.344509879,127886.528298555,596342.062397161
20972,873.833333333333,"C","equilibrium",930000,710000,220000,715228.254737897,598666.588689828,833103.118397468,228148.965725979,45367.5550322429,472777.820429713
20972,873.833333333333,"D","equilibrium",1310000,920000,390000,928255.611114743,822542.901334801,1037662.16726453,330047.949743069,100138.140998803,592162.887302659
21020,875.833333333333,"A","equilibrium",1210000,980000,230000,968019.925390098,790442.183623591,1127903.05224224,244822.150513827,87500.5592129982,427367.91233767
21020,875.833333333333,"B","equilibrium",1060000,840000,220000,845585.350762759,647860.264183628,1031050.49741412,246677.037852109,75901.140773871,470682.882045803
21020,875.833333333333,"C","equilibrium",780000,940000,-160000,888301.268161797,750550.756449349,998080.577856901,112616.193511647,16694.6672814829,277944.631928624
21020,875.833333333333,"D","equilibrium",1410000,1020000,390000,1020315.39978802,908369.242804489,1129477.77951255,335741.023701041,98948.1481657324,604502.051750349
21068,877.833333333333,"A","equilibrium",930000,9e+05,30000,809786.482303378,660961.390422876,924786.378818063,133029.674726032,33604.4517603912,283912.84363509
21068,877.833333333333,"B","equilibrium",1250000,630000,620000,792422.495573728,573953.084347605,1017408.73754217,436878.834210068,188017.227305949,711974.904007789
21068,877.833333333333,"C","equilibrium",1110000,550000,560000,591123.871717532,480651.243669055,725166.067618762,441463.725897332,172742.344935197,727874.755706447
21068,877.833333333333,"D","equilibrium",1170000,960000,210000,955613.841761399,847508.929716291,1061688.09916879,222124.824646233,46284.292150124,457036.245520223
21116,879.833333333333,"A","equilibrium",1010000,750000,260000,807848.740126493,634950.600981346,946464.843009685,206260.543589202,70416.5578700296,386644.799458591
21116,879.833333333333,"B","equilibrium",1290000,610000,680000,786097.401709757,566464.884370974,1013380.66289437,479091.405316634,223251.690780281,754266.460874152
21116,879.833333333333,"C","equilibrium",1050000,850000,2e+05,842792.036226744,721744.99696688,959553.677531719,223286.27728467,46928.1760909866,467289.78833828
21116,879.833333333333,"D","equilibrium",1360000,980000,380000,982965.314358169,871386.824895772,1096639.36418597,325303.29210306,96264.5425372172,593671.778172893
21164,881.833333333333,"A","equilibrium",1120000,780000,340000,838236.39282722,662465.382614882,1012469.19192686,282627.782966489,106819.389687202,464687.877196738
21164,881.833333333333,"B","equilibrium",920000,760000,160000,755759.299593278,576368.683621651,931301.947157425,214686.340518189,63954.4483807773,416368.17037655
21164,881.833333333333,"C","equilibrium",1250000,750000,5e+05,766947.173936905,648175.954871648,893935.755512791,412100.530434283,145793.386832184,695356.173791007
21164,881.833333333333,"D","equilibrium",1250000,850000,4e+05,864070.333676067,758108.639253167,976049.95828693,332162.037322601,97692.5947226766,599688.102057484
21212,883.833333333333,"A","equilibrium",1180000,880000,3e+05,916487.752405975,719881.037311524,1077369.1188958,264453.885456185,102208.406898217,465713.716325311
21212,883.833333333333,"B","equilibrium",1230000,9e+05,330000,930680.218691854,719040.212718229,1130692.04678382,307611.90045684,107680.128676903,552573.071645874
21212,883.833333333333,"C","equilibrium",980000,890000,90000,869598.513856871,744231.751454067,983153.21991471,178555.870610243,31501.0781385069,395532.691428738
21212,883.833333333333,"D","equilibrium",1420000,1160000,260000,1146458.35351131,1029851.92555319,1254000.71254175,256269.47584568,59708.6427514323,504669.404709403
21260,885.833333333333,"A","equilibrium",1060000,1030000,30000,916024.342138864,775574.675733921,1036643.13900826,154256.769332346,45072.7647830706,300340.823680109
21260,885.833333333333,"B","equilibrium",1220000,1050000,170000,1000341.97589799,792222.136955361,1189275.51564233,250976.233072624,75656.5070891673,479215.84293367
21260,885.833333333333,"C","equilibrium",1080000,1180000,-1e+05,1125044.89253922,985010.609690795,1235433.63281666,128530.936812125,19720.1765550107,311710.477304513
21260,885.833333333333,"D","equilibrium",1450000,1280000,170000,1254347.16704446,1133713.6859679,1357252.64445956,213621.284643776,42426.556963312,448023.793460269
21308,887.833333333333,"A","equilibrium",850000,880000,-30000,751872.280860632,621096.933966747,859772.22499404,115159.323915389,30753.3271186174,252067.566847219
21308,887.833333333333,"B","equilibrium",880000,880000,0,784769.448239463,602618.461512208,965464.395342654,176902.154807035,48195.1123537938,360393.821961383
21308,887.833333333333,"C","equilibrium",850000,870000,-20000,839737.520861062,712916.224297807,948925.597752862,143022.444325859,23596.8400662504,334481.423832772
21308,887.833333333333,"D","equilibrium",1010000,1140000,-130000,1094079.95129373,968181.880394986,1193317.97539587,114638.770055904,16977.2793971312,283206.254933093
21356,889.833333333333,"A","equilibrium",1050000,570000,480000,750184.313454366,575549.175100674,920314.447079096,298985.251864616,125824.423085888,483147.861597313
21356,889.833333333333,"B","equilibrium",1180000,6e+05,580000,760813.130906878,550010.650888843,977936.812064977,404439.836356972,167409.731850571,666703.460964138
21356,889.833333333333,"C","equilibrium",1130000,810000,320000,815317.27331181,693899.4892046,940776.50090018,287544.757759035,71698.7944171842,549885.158950357
21356,889.833333333333,"D","equilibrium",1390000,870000,520000,886261.814692107,778917.403914672,1003670.55453913,427296.980902196,161981.491109684,707453.664849256
21404,891.833333333333,"A","equilibrium",950000,630000,320000,727782.84903816,577140.217750465,879639.327515255,226007.705148742,78050.6467185275,381586.542685202
21404,891.833333333333,"B","equilibrium",1040000,670000,370000,760945.203114193,562795.503663507,952702.478316502,293250.304708901,98698.6185792067,526931.935821123
21404,891.833333333333,"C","equilibrium",1070000,830000,240000,827375.899562953,707388.282891203,945074.425459949,242622.618078553,52392.1845991641,488706.245229291
21404,891.833333333333,"D","equilibrium",1540000,890000,650000,906277.545479889,800115.352038337,1024713.39825713,539306.873487944,265394.634932767,822449.488898844
21452,893.833333333333,"A","equilibrium",1330000,1e+06,330000,1016541.48702481,838878.395019368,1199360.56200219,312842.162507665,130840.451544589,498908.689546132
21452,893.833333333333,"B","equilibrium",1120000,1020000,1e+05,947552.948021204,755512.310878867,1129603.47207263,220286.696822289,66490.4168807044,429083.002436282
21452,893.833333333333,"C","equilibrium",1140000,840000,3e+05,839804.008583731,715993.971111964,960929.664196947,278111.297109468,67474.3644260771,538345.060850126
21452,893.833333333333,"D","equilibrium",1600000,1230000,370000,1218412.94798779,1100407.29035754,1327239.77929961,329015.127659887,94142.1178009362,599520.726692115
21500,895.833333333333,"A","equilibrium",1060000,920000,140000,872792.765261648,728578.11565692,1015494.89475103,193878.018660191,60705.121832438,341539.067532752
21500,895.833333333333,"B","equilibrium",940000,1050000,-110000,875412.666794386,687510.707634962,1061911.23659249,162952.493166896,45485.2799685952,339239.993860872
21500,895.833333333333,"C","equilibrium",1120000,1e+06,120000,977829.455308861,851783.130460157,1090212.25356501,191568.492053932,35545.8468744357,416481.844190357
21500,895.833333333333,"D","equilibrium",1110000,1040000,70000,1019547.2874666,907855.544763028,1119926.54741069,166162.729408785,28735.5420505366,374469.262737664
21548,897.833333333333,"A","equilibrium",1060000,890000,170000,861347.169979708,716271.139503279,1009712.2728313,204299.023185398,61901.5248416307,354710.690064432
21548,897.833333333333,"B","equilibrium",1060000,620000,440000,745682.82737498,545681.501411779,938205.390914746,318400.062241039,118915.433722104,560497.228568899
21548,897.833333333333,"C","equilibrium",1e+06,490000,510000,537314.256628145,428962.177586192,671395.397662663,396607.922602088,134905.240482166,690881.925515306
21548,897.833333333333,"D","equilibrium",1130000,720000,410000,747731.740143915,647154.171074952,865207.403938364,328664.978454984,97577.9425216763,600197.457109372
