gene	locus_tag	start	end	length_bp
dnaA	BSU_00010	410	1750	1341
dnaN	BSU_00020	1939	3075	1137
rlbA	BSU_00030	3206	3421	216
recF	BSU_00040	3437	4549	1113
remB	BSU_00050	4567	4812	246
gyrB	BSU_00060	4867	6783	1917
gyrA	BSU_00070	6994	9459	2466
yaaC	BSU_00080	14847	15794	948
guaB	BSU_00090	15915	17381	1467
dacA	BSU_00100	17534	18865	1332
pdxS	BSU_00110	19062	19946	885
pdxT	BSU_00120	19968	20558	591
serS	BSU_00130	20880	22157	1278
dck	BSU_00140	22496	23149	654
dgk	BSU_00150	23146	23769	624
sleL	BSU_00160	23868	25151	1284
yaaI	BSU_00170	25221	25766	546
tadA	BSU_00180	25852	26337	486
dnaX	BSU_00190	26814	28505	1692
ebfC	BSU_00200	28529	28852	324
recR	BSU_00210	28867	29463	597
yaaL	BSU_00220	29481	29705	225
bofA	BSU_00230	29772	30035	264
csfB	BSU_00240	35531	35725	195
xpaC	BSU_00250	35845	36459	615
yaaN	BSU_00260	36478	37638	1161
yaaO	BSU_00270	37720	39162	1443
tmk	BSU_00280	39159	39797	639
darA	BSU_00290	39871	40200	330
yaaR	BSU_00300	40213	40653	441
holB	BSU_00310	40665	41654	990
ricT	BSU_00320	41657	42484	828
dnaH	BSU_00330	42499	42858	360
trmNF	BSU_00340	42917	43660	744
yazA	BSU_00350	43647	43946	300
rsmI	BSU_00360	43921	44799	879
abrB	BSU_00370	44848	45138	291
metS	BSU_00380	45633	47627	1995
dayD	BSU_00390	47706	48473	768
yabE	BSU_00400	48629	49942	1314
rnmV	BSU_00410	50087	50647	561
rsmA	BSU_00420	50640	51518	879
prtG	BSU_00430	51680	52552	873
veg	BSU_00440	52763	53023	261
sspF	BSU_00450	53183	53368	186
ispE	BSU_00460	53516	54385	870
purR	BSU_00470	54441	55298	858
ridA	BSU_00480	55295	55672	378
spoVG	BSU_00490	55866	56159	294
glmU	BSU_00500	56352	57722	1371
prs	BSU_00510	57745	58698	954
ctc	BSU_00520	58783	59397	615
pth	BSU_00530	59504	60070	567
fin	BSU_00540	60130	60360	231
mfd	BSU_00550	60430	63963	3534
spoVT	BSU_00560	64099	64635	537
yabM	BSU_00570	64817	66415	1599
yabN	BSU_00580	66405	67874	1470
hslR	BSU_00590	67877	68137	261
spcP	BSU_00600	68216	68518	303
spcQ	BSU_00610	68515	69150	636
divIC	BSU_00620	69168	69545	378
yabR	BSU_00630	69626	70012	387
spoIIE	BSU_00640	70538	73021	2484
yabS	BSU_00650	73106	73843	738
prkT	BSU_00660	73809	74825	1017
tilS	BSU_00670	74929	76347	1419
hprT	BSU_00680	76344	76886	543
ftsH	BSU_00690	76984	78897	1914
coaX	BSU_00700	79092	79868	777
hslO	BSU_00710	79880	80755	876
yacD	BSU_00720	80802	81695	894
cysK	BSU_00730	81771	82697	927
pabB	BSU_00740	82864	84276	1413
pabA	BSU_00750	84290	84874	585
pabC	BSU_00760	84874	85755	882
folP	BSU_00770	85737	86594	858
folB	BSU_00780	86587	86949	363
folK	BSU_00790	86946	87449	504
yazB	BSU_00800	87401	87610	210
dusB	BSU_00810	87634	88635	1002
lysS	BSU_00820	88727	90226	1500
ctsR	BSU_00830	101449	101913	465
mcsA	BSU_00840	101927	102484	558
mcsB	BSU_00850	102484	103575	1092
clpC	BSU_00860	103572	106004	2433
radA	BSU_00870	106096	107472	1377
disA	BSU_00880	107476	108558	1083
yacL	BSU_00890	108674	109774	1101
ispD	BSU_00900	109789	110487	699
ispF	BSU_00910	110480	110956	477
gltX	BSU_00920	111047	112498	1452
cysE	BSU_00930	112800	113453	654
cysS	BSU_00940	113450	114850	1401
mrnC	BSU_00950	114854	115285	432
rlmB	BSU_00960	115269	116018	750
raeA	BSU_00970	116025	116537	513
sigH	BSU_00980	116600	117256	657
rpmGB	BSU_00990	117349	117498	150
secE	BSU_01000	117532	117711	180
nusG	BSU_01010	117890	118423	534
rplK	BSU_01020	118591	119016	426
rplA	BSU_01030	119111	119809	699
rplJ	BSU_01040	120061	120561	501
rplL	BSU_01050	120607	120978	372
rlmG	BSU_01060	121068	121673	606
rpoB	BSU_01070	121919	125500	3582
rpoC	BSU_01080	125562	129161	3600
rulS	BSU_01090	129340	129588	249
rpsL	BSU_01100	129702	130118	417
rpsG	BSU_01110	130160	130630	471
fusA	BSU_01120	130684	132762	2079
tufA	BSU_01130	132882	134072	1191
ybaC	BSU_01140	134171	135127	957
rpsJ	BSU_01150	135364	135672	309
rplC	BSU_01160	135712	136341	630
rplD	BSU_01170	136369	136992	624
rplW	BSU_01180	136992	137279	288
rplB	BSU_01190	137311	138144	834
rpsS	BSU_01200	138202	138480	279
rplV	BSU_01210	138497	138838	342
rpsC	BSU_01220	138842	139498	657
rplP	BSU_01230	139500	139934	435
rpmC	BSU_01240	139924	140124	201
rpsQ	BSU_01250	140147	140410	264
rplNA	BSU_01260	140451	140819	369
rplX	BSU_01270	140857	141168	312
rplE	BSU_01280	141195	141734	540
rpsNA	BSU_01290	141757	141942	186
rpsH	BSU_01300	141974	142372	399
rplF	BSU_01310	142402	142941	540
rplR	BSU_01320	142974	143336	363
rpsE	BSU_01330	143361	143861	501
rpmD	BSU_01340	143875	144054	180
rplO	BSU_01350	144085	144525	441
secY	BSU_01360	144527	145822	1296
adk	BSU_01370	145877	146530	654
mapA	BSU_01380	146527	147273	747
ybzG	BSU_01389	147312	147536	225
infA	BSU_01390	147585	147803	219
rpmJ	BSU_01400	147837	147950	114
rpsM	BSU_01410	147973	148338	366
rpsK	BSU_01420	148359	148754	396
rpoA	BSU_01430	148931	149875	945
rplQ	BSU_01440	149953	150315	363
ecfA	BSU_01450	150443	151288	846
ecfAB	BSU_01460	151303	152133	831
ecfT	BSU_01470	152130	152927	798
truA	BSU_01480	152937	153680	744
rplM	BSU_01490	153842	154279	438
rpsI	BSU_01500	154300	154692	393
ybaJ	BSU_01510	155156	155923	768
ybaK	BSU_01520	156109	156552	444
cwlD	BSU_01530	156612	157325	714
salA	BSU_01540	157421	158479	1059
gerD	BSU_01550	158515	159072	558
kbaA	BSU_01560	159182	159778	597
pdaB	BSU_01570	159779	160543	765
ybaR	BSU_01580	177083	178519	1437
ybaS	BSU_01590	178665	179585	921
eesA	BSU_01600	179595	180347	753
feuC	BSU_01610	180344	181354	1011
feuB	BSU_01620	181347	182351	1005
feuA	BSU_01630	182370	183323	954
btr	BSU_01640	183414	185003	1590
ybbC	BSU_01650	185194	186438	1245
nagZ	BSU_01660	186452	188380	1929
amiE	BSU_01670	188408	189733	1326
murP	BSU_01680	189790	191157	1368
murR	BSU_01690	191183	192034	852
murQ	BSU_01700	192051	192965	915
ybbJ	BSU_01710	193075	193557	483
ybbK	BSU_01720	193570	194025	456
sigW	BSU_01730	194849	195412	564
rsiW	BSU_01740	195426	196052	627
cdaA	BSU_01750	196213	197034	822
cdaR	BSU_01760	197027	198478	1452
glmM	BSU_01770	198497	199843	1347
glmS	BSU_01780	200277	202079	1803
ybbU	BSU_01790	202126	202266	141
alkA	BSU_01800	202547	203458	912
adaA	BSU_01810	203729	204364	636
adaB	BSU_01820	204351	204890	540
ndhF	BSU_01830	205409	206926	1518
ybcC	BSU_01845	206941	209556	2616
ybcF	BSU_01860	209633	210160	528
ybcH	BSU_01870	210224	210514	291
ybcI	BSU_01880	210572	210946	375
ybzH	BSU_01889	211429	211731	303
ybcL	BSU_01890	211859	213031	1173
ybcM	BSU_01900	213155	213469	315
skfA	BSU_01910	213941	214108	168
skfB	BSU_01920	214175	215407	1233
skfC	BSU_01935	215404	216894	1491
skfE	BSU_01950	216913	217632	720
skfF	BSU_01960	217697	219040	1344
skfG	BSU_01970	219087	219602	516
skfH	BSU_01980	219607	220032	426
ybdG	BSU_01990	220279	221256	978
ybdJ	BSU_02000	221258	221929	672
ybdK	BSU_02010	221950	222912	963
ybzI	BSU_02019	222971	223234	264
ybdM	BSU_02030	223219	223989	771
ybdN	BSU_02040	224075	224932	858
ybdO	BSU_02050	225064	226248	1185
ybxG	BSU_02060	226566	227954	1389
csgA	BSU_02070	228066	228314	249
ybxH	BSU_02080	228331	228522	192
ybxI	BSU_02090	228549	229352	804
cypC	BSU_02100	229525	230778	1254
ybyB	BSU_02110	230819	231079	261
ybeC	BSU_02120	231348	232967	1620
glpQA	BSU_02130	233014	233895	882
glpT	BSU_02140	233994	235328	1335
ybeF	BSU_02150	235625	235873	249
ybfA	BSU_02160	235965	236882	918
ybfB	BSU_02170	236879	238129	1251
ybfF	BSU_02190	238644	239555	912
ybfG	BSU_02200	239644	241842	2199
ybfH	BSU_02210	241917	242837	921
ybfI	BSU_02220	242834	243661	828
purT	BSU_02230	243892	245046	1155
mpr	BSU_02240	245190	246131	942
ybfJ	BSU_02250	246094	246492	399
cesB	BSU_02260	246658	247548	891
pssA	BSU_02270	247744	248277	534
ybfM	BSU_02280	248268	248756	489
psd	BSU_02290	248749	249540	792
ybfN	BSU_02300	249595	249873	279
ybfO	BSU_02310	249979	251319	1341
ybfP	BSU_02320	251427	252314	888
ybfQ	BSU_02330	252514	253482	969
gltP	BSU_02340	253518	254762	1245
gamP	BSU_02350	254907	256802	1896
gamA	BSU_02360	256823	257572	750
gamR	BSU_02370	257791	258498	708
ybgB	BSU_02380	258532	258807	276
ilvE	BSU_02390	259016	260086	1071
ybgF	BSU_02400	260123	261535	1413
ybgG	BSU_02410	261656	262603	948
glnT	BSU_02420	262732	264168	1437
glsA	BSU_02430	264191	265174	984
glnJ	BSU_02440	265476	266708	1233
glnL	BSU_02450	266719	267663	945
kdgD	BSU_02460	267890	268816	927
gucD	BSU_02470	268846	270312	1467
gudP	BSU_02480	270396	271763	1368
gudD	BSU_02490	271800	273167	1368
garR	BSU_02500	273237	273938	702
garD	BSU_02510	274029	275561	1533
ycbJ	BSU_02520	275838	276758	921
rtpA	BSU_02530	277160	277321	162
ycbK	BSU_02540	277342	278280	939
ycbL	BSU_02550	278377	279057	681
ycbM	BSU_02560	279059	279994	936
ycbN	BSU_02570	280086	281009	924
ycbO	BSU_02580	281028	281714	687
ycbP	BSU_02590	281769	282155	387
cwlJ	BSU_02600	282469	282897	429
ycbR	BSU_02610	283003	283734	732
yczK	BSU_02619	283816	283992	177
phoD	BSU_02620	284011	285762	1752
tatAD	BSU_02630	285775	285987	213
tatCD	BSU_02640	286048	286776	729
pcp	BSU_02650	286773	287420	648
ycbU	BSU_02660	287499	288611	1113
lmrB	BSU_02670	288653	290092	1440
lmrA	BSU_02680	290132	290698	567
ansZ	BSU_02690	290915	292042	1128
estA	BSU_02700	292205	292843	639
yczC	BSU_02710	292881	293264	384
yccF	BSU_02720	293499	294575	1077
natK	BSU_02730	294615	295571	957
natR	BSU_02740	295584	296285	702
natA	BSU_02750	296429	297169	741
natB	BSU_02760	297170	298330	1161
yccK	BSU_02770	298466	299398	933
ycdA	BSU_02780	299438	300502	1065
ycdB	BSU_02790	300830	302248	1419
ycdC	BSU_02800	302435	303796	1362
cwlK	BSU_02810	303804	304307	504
rapJ	BSU_02820	304430	305551	1122
ycdF	BSU_02830	305658	306434	777
ycdG	BSU_02840	306459	308144	1686
znuA	BSU_02850	308332	309291	960
znuC	BSU_02860	309347	310042	696
znuB	BSU_02870	310000	310842	843
yceB	BSU_02880	310880	311875	996
yceC	BSU_02890	312159	312758	600
yceD	BSU_02900	312780	313361	582
yceE	BSU_02910	313396	313974	579
yceF	BSU_02920	314025	314798	774
yceG	BSU_02930	314883	316496	1614
yceH	BSU_02940	316512	317603	1092
niaP	BSU_02950	317725	318927	1203
yceJ	BSU_02960	319180	320352	1173
yceK	BSU_02970	320421	320723	303
opuAA	BSU_02980	321013	322269	1257
opuAB	BSU_02990	322271	323119	849
opuAC	BSU_03000	323119	324000	882
amhX	BSU_03010	324038	325189	1152
ycgA	BSU_03020	325339	326772	1434
ycgB	BSU_03030	326888	327469	582
amyE	BSU_03040	327618	329597	1980
lctE	BSU_03050	329774	330739	966
lctP	BSU_03060	330771	332396	1626
mdr	BSU_03070	332441	333979	1539
ycgE	BSU_03080	334092	334556	465
ycgF	BSU_03090	334630	335259	630
ycgG	BSU_03100	335329	336090	762
ycgH	BSU_03110	336092	337432	1341
ycgI	BSU_03120	337562	338158	597
nadE	BSU_03130	338288	339106	819
tmrB	BSU_03140	339156	339749	594
aroK	BSU_03150	340025	340585	561
ycgJ	BSU_03160	340613	341374	762
ycgK	BSU_03170	341492	342466	975
cah	BSU_03180	342538	343494	957
ycgL	BSU_03190	343578	344360	783
putB	BSU_03200	344551	345462	912
putC	BSU_03210	345479	347026	1548
putP	BSU_03220	347150	348571	1422
putR	BSU_03230	348724	349959	1236
ycgQ	BSU_03240	349996	350853	858
ycgR	BSU_03250	350858	351742	885
ycgS	BSU_03260	351842	352696	855
ffoR	BSU_03270	352858	353868	1011
nasF	BSU_03280	353900	355351	1452
nasE	BSU_03290	355412	355732	321
nasD	BSU_03300	355764	358181	2418
nasC	BSU_03310	358303	360435	2133
nasB	BSU_03320	360442	362757	2316
nasA	BSU_03330	362937	364142	1206
folEB	BSU_03340	364259	365173	915
yciB	BSU_03350	365170	365754	585
yczL	BSU_03359	365850	366035	186
zinU	BSU_03360	366063	367256	1194
yckA	BSU_03370	367305	367985	681
yckB	BSU_03380	367995	368858	864
yckC	BSU_03390	369236	369691	456
yckD	BSU_03400	369773	370105	333
bglC	BSU_03410	370259	371692	1434
nin	BSU_03420	371729	372127	399
nucA	BSU_03430	372154	372603	450
tlpC	BSU_03440	372771	374492	1722
hxlB	BSU_03450	374603	375160	558
hxlA	BSU_03460	375166	375798	633
hxlR	BSU_03470	376032	376394	363
srfAA	BSU_03480	376968	387731	10764
srfAB	BSU_03490	387744	398495	10752
comS	BSU_03500	390880	391020	141
srfAC	BSU_03510	398532	402359	3828
srfAD	BSU_03520	402388	403116	729
srfT	BSU_03530	403217	404443	1227
ycxB	BSU_03540	404458	405015	558
ycxC	BSU_03550	405069	406007	939
ycxD	BSU_03560	406131	407465	1335
yczE	BSU_03580	408240	408887	648
tcyC	BSU_03590	409208	409951	744
tcyB	BSU_03600	409965	410669	705
tcyA	BSU_03610	410656	411462	807
bsdA	BSU_03620	411578	412450	873
ubiX	BSU_03630	412540	413154	615
bsdC	BSU_03640	413157	414578	1422
bsdD	BSU_03651	414595	414822	228
yclD	BSU_03652	414819	415283	465
yclE	BSU_03660	415350	416195	846
dtpT	BSU_03670	416235	417713	1479
yclG	BSU_03680	417993	419747	1755
yczF	BSU_03690	419763	419984	222
gerKA	BSU_03700	420110	421744	1635
gerKC	BSU_03710	421734	422957	1224
gerKB	BSU_03720	422982	424103	1122
yclH	BSU_03730	424208	424888	681
yclI	BSU_03740	424904	426364	1461
yclJ	BSU_03750	426577	427260	684
yclK	BSU_03760	427247	428668	1422
rapC	BSU_03770	428831	429979	1149
phrC	BSU_03780	429963	430085	123
yczM	BSU_03788	430185	430274	90
yczN	BSU_03789	430356	430469	114
thrD	BSU_03790	430623	431987	1365
pbtN	BSU_03800	432372	433322	951
pbtO	BSU_03810	433315	434262	948
pbtP	BSU_03820	434256	435014	759
pbtQ	BSU_03830	435036	435989	954
ycnB	BSU_03840	436036	437454	1419
ycnC	BSU_03850	437474	438352	879
nfrAB	BSU_03860	438516	439265	750
ycnE	BSU_03870	439282	439569	288
yczG	BSU_03880	439709	440023	315
gabR	BSU_03890	440025	441464	1440
gabT	BSU_03900	441571	442881	1311
gabD	BSU_03910	442950	444338	1389
glcU	BSU_03920	444461	445324	864
gdh	BSU_03930	445344	446129	786
cutI	BSU_03940	446174	446788	615
cutJ	BSU_03950	446801	448426	1626
cutR	BSU_03960	448461	449033	573
ycnL	BSU_03970	449198	449551	354
mtlA	BSU_03981	449724	451160	1437
mtlF	BSU_03982	451185	451616	432
mtlD	BSU_03990	451618	452739	1122
ycsA	BSU_04000	452830	453894	1065
sipU	BSU_04010	454029	454592	564
yczH	BSU_04020	454652	455260	609
ycsD	BSU_04030	455346	455738	393
yczO	BSU_04039	455771	455935	165
ribZ	BSU_04040	456068	456817	750
pxpA	BSU_04050	457023	457796	774
pxpG	BSU_04060	457811	459025	1215
pxpI	BSU_04070	459049	459822	774
pxpB	BSU_04080	459867	460589	723
pxpC	BSU_04090	460592	461599	1008
pxpR	BSU_04100	461615	462367	753
lipC	BSU_04110	462431	463072	642
yczI	BSU_04120	463245	463490	246
yczJ	BSU_04130	463496	463783	288
pbpC	BSU_04140	463934	465940	2007
ycsN	BSU_04150	466042	466944	903
mtlR	BSU_04160	467130	469214	2085
ydaB	BSU_04170	469426	470937	1512
ydaC	BSU_04180	470957	471502	546
ydaD	BSU_04190	471709	472569	861
lyxE	BSU_04200	472585	473088	504
ydaF	BSU_04210	473174	473725	552
ydaG	BSU_04220	473803	474225	423
amj	BSU_04230	474731	475540	810
ydzA	BSU_04240	475584	475874	291
lrpC	BSU_04250	476059	476493	435
topB	BSU_04260	476558	478741	2184
epsJ	BSU_04270	478944	480032	1089
epsK	BSU_04280	480013	480864	852
ydaL	BSU_04290	480875	482584	1710
ydaM	BSU_04300	482577	483839	1263
ydaN	BSU_04310	483845	485956	2112
kimA	BSU_04320	486432	488255	1824
nudT	BSU_04330	488314	488763	450
poxB	BSU_04340	488830	490554	1725
ydzK	BSU_04359	490777	491043	267
mntH	BSU_04360	491147	492424	1278
ydaS	BSU_04370	492654	492911	258
ydaT	BSU_04380	492989	493441	453
ydbA	BSU_04390	493559	494377	819
gsiB	BSU_04400	494506	494877	372
ydbB	BSU_04410	495009	495350	342
ydbC	BSU_04420	495344	495703	360
ydbD	BSU_04430	495740	496561	822
dctB	BSU_04440	496646	497698	1053
dctS	BSU_04450	497768	499375	1608
dctR	BSU_04460	499365	500045	681
dctP	BSU_04470	500166	501431	1266
ydbI	BSU_04480	501579	502631	1053
ydbJ	BSU_04490	502908	503834	927
ydbK	BSU_04500	503854	504594	741
ydbL	BSU_04510	504689	505024	336
ydbM	BSU_04520	505152	506297	1146
fbpB	BSU_04530	506322	506501	180
fbpA	BSU_04536	506455	506619	165
ydbO	BSU_04540	506866	507738	873
ydbP	BSU_04550	507753	508073	321
ddlA	BSU_04560	508248	509312	1065
murF	BSU_04570	509384	510757	1374
cshA	BSU_04580	511157	512641	1485
ydbS	BSU_04590	512814	513293	480
ydbT	BSU_04600	513283	514764	1482
ydcA	BSU_04610	515016	515615	600
acpS	BSU_04620	515710	516075	366
ydcC	BSU_04630	516241	517257	1017
alrA	BSU_04640	517372	518541	1170
ndoAI	BSU_04650	518657	518938	282
ndoA	BSU_04660	518943	519293	351
rsbRA	BSU_04670	519408	520232	825
rsbS	BSU_04680	520237	520602	366
rsbT	BSU_04690	520606	521007	402
rsbU	BSU_04700	521019	522026	1008
rsbV	BSU_04710	522088	522417	330
rsbW	BSU_04720	522414	522896	483
sigB	BSU_04730	522862	523650	789
rsbX	BSU_04740	523650	524249	600
ydcF	BSU_04750	524492	524785	294
ydcG	BSU_04760	524782	525222	441
ydcH	BSU_04770	525206	525649	444
tex	BSU_04780	525743	527902	2160
cmpA	BSU_04785	527912	528025	114
ydcK	BSU_04790	528129	528581	453
ydcL	BSU_04800	529505	530611	1107
immA	BSU_04810	530624	531133	510
immR	BSU_04820	531130	531513	384
xis	BSU_04830	531787	531981	195
ydzL	BSU_04839	531978	532238	261
ydcO	BSU_04840	532292	532552	261
helP	BSU_04850	532922	533302	381
conQ	BSU_04860	533338	534780	1443
nicK	BSU_04870	534773	535831	1059
ydcS	BSU_04880	536096	536365	270
ydcT	BSU_04890	536404	536670	267
yddA	BSU_04900	536687	536995	309
conB	BSU_04910	536985	538049	1065
conC	BSU_04920	538061	538309	249
conD	BSU_04930	538322	538846	525
conE	BSU_04940	538734	541229	2496
yddF	BSU_04950	541248	541574	327
conG	BSU_04960	541578	544025	2448
cwlT	BSU_04970	544022	545011	990
yddI	BSU_04980	545026	545532	507
yddJ	BSU_04990	545595	545975	381
yddK	BSU_05000	546166	546966	801
rapI	BSU_05010	547306	548481	1176
phrI	BSU_05020	548438	548557	120
yddM	BSU_05030	548710	549651	942
yddN	BSU_05040	550240	551259	1020
lrpA	BSU_05050	551519	551929	411
lrpB	BSU_05060	552052	552501	450
yddQ	BSU_05070	552616	553158	543
yddR	BSU_05080	553711	554475	765
yddS	BSU_05090	554669	555979	1311
ydzM	BSU_05099	556562	556738	177
yddT	BSU_05100	556763	557449	687
ydzN	BSU_05109	557873	558058	186
sufLC	BSU_05110	558408	559001	594
cspC	BSU_05120	559264	559464	201
cdnL	BSU_05130	560151	560612	462
ydzE	BSU_05140	561180	561416	237
ydeC	BSU_05150	561514	562389	876
ydeD	BSU_05160	562502	563461	960
ydeE	BSU_05170	563614	564486	873
ydeF	BSU_05180	564713	566101	1389
ydeG	BSU_05190	566211	567503	1293
ydeH	BSU_05200	567662	568108	447
ydeI	BSU_05210	568345	568938	594
ydeJ	BSU_05220	569290	569949	660
ydeK	BSU_05230	570371	571234	864
ydeL	BSU_05240	571389	572780	1392
ydeM	BSU_05250	572974	573399	426
ydeN	BSU_05260	573452	574024	573
ydzF	BSU_05270	574106	574435	330
ydeO	BSU_05280	574690	575562	873
ydeP	BSU_05290	575712	576098	387
ydeQ	BSU_05300	576209	576802	594
ydeR	BSU_05310	576946	578133	1188
ydeS	BSU_05320	578337	578933	597
ydzO	BSU_05329	579047	579232	186
aseR	BSU_05330	579541	579876	336
arsF	BSU_05340	579889	581196	1308
ydfB	BSU_05350	581694	582479	786
ydfC	BSU_05360	582536	583456	921
ydfD	BSU_05370	583589	585037	1449
ydfE	BSU_05380	585155	585778	624
ydfF	BSU_05390	585868	586548	681
ydfG	BSU_05400	586628	587071	444
ydzP	BSU_05408	587157	587336	180
ydzQ	BSU_05409	587333	587476	144
ydfH	BSU_05410	587744	588967	1224
ydfI	BSU_05420	588960	589601	642
ydfJ	BSU_05430	589717	591891	2175
cesA	BSU_05440	592303	593205	903
ydfK	BSU_05450	593407	594096	690
ydfL	BSU_05460	594186	594998	813
mneP	BSU_05470	595109	596002	894
ydfN	BSU_05480	596478	597098	621
ydfO	BSU_05490	597114	598052	939
ydfP	BSU_05500	598154	598543	390
ydfQ	BSU_05510	598729	599067	339
ydzH	BSU_05520	599107	599343	237
ydzR	BSU_05529	599875	600105	231
ydfR	BSU_05530	600229	600906	678
ydfS	BSU_05540	601019	601726	708
cotP	BSU_05550	601741	602172	432
ydgA	BSU_05560	602185	602427	243
ydgB	BSU_05570	602441	602713	273
ydgC	BSU_05580	603012	603599	588
ydgD	BSU_05590	603596	603940	345
ydgE	BSU_05600	604103	604576	474
vmlR	BSU_05610	604736	606379	1644
ydgF	BSU_05620	606699	608075	1377
dinB	BSU_05630	608246	608764	519
ydgG	BSU_05640	608933	609391	459
ydgH	BSU_05650	609388	612045	2658
ydgI	BSU_05660	612191	612820	630
ydgJ	BSU_05670	612836	613330	495
ydgK	BSU_05680	613641	614849	1209
ydhB	BSU_05690	614885	615622	738
ydhC	BSU_05700	615871	616545	675
spoL	BSU_05710	616672	617934	1263
ydhE	BSU_05720	618095	619282	1188
ydhF	BSU_05730	619321	620031	711
phoB	BSU_05740	620097	621485	1389
fra	BSU_05750	621847	622218	372
ydhH	BSU_05760	622293	622790	498
ydhI	BSU_05770	622808	623290	483
ydhJ	BSU_05780	623373	624350	978
ydhK	BSU_05790	624492	625109	618
pbuE	BSU_05800	625125	626291	1167
gmuB	BSU_05810	626622	626933	312
gmuA	BSU_05820	626933	627265	333
gmuC	BSU_05830	627284	628612	1329
gmuD	BSU_05840	628630	630027	1398
gmuR	BSU_05850	630170	630883	714
gmuE	BSU_05860	630912	631811	900
gmuF	BSU_05870	631808	632755	948
gmuG	BSU_05880	632774	633862	1089
thiL	BSU_05900	640662	641639	978
tsaE	BSU_05910	641654	642130	477
tsaB	BSU_05920	642111	642800	690
rimI	BSU_05930	642810	643265	456
tsaD	BSU_05940	643258	644298	1041
ydiF	BSU_05950	644528	646456	1929
moaC	BSU_05960	646582	647094	513
rex	BSU_05970	647091	647738	648
tatAY	BSU_05980	647760	647933	174
tatCY	BSU_05990	647940	648704	765
ydiK	BSU_06000	648742	648933	192
ydiL	BSU_06010	648930	649664	735
groES	BSU_06020	649903	650187	285
groEL	BSU_06030	650234	651868	1635
ydiM	BSU_06040	653432	653812	381
ydzU	BSU_06048	654071	654343	273
bsuMA	BSU_06060	655223	656506	1284
bsuMB	BSU_06070	656528	657697	1170
bsuRA	BSU_06090	659623	660564	942
bsuRB	BSU_06100	660596	661627	1032
bsuRC	BSU_06110	661630	663027	1398
ydjB	BSU_06120	663601	663936	336
ydjC	BSU_06130	664319	664669	351
gutR	BSU_06140	664775	667264	2490
gutB	BSU_06150	667466	668527	1062
gutP	BSU_06160	668601	669992	1392
ydjE	BSU_06170	670087	671049	963
pspA	BSU_06180	671245	671928	684
ydjG	BSU_06190	671994	673019	1026
ydjH	BSU_06200	673019	673783	765
ydjI	BSU_06210	673814	674785	972
ydjJ	BSU_06220	674832	675857	1026
iolT	BSU_06230	676442	677863	1422
bdhA	BSU_06240	677911	678951	1041
walM	BSU_06250	679390	679761	372
ydjN	BSU_06260	679827	680873	1047
ydzJ	BSU_06269	680907	681065	159
ydjO	BSU_06270	681255	681464	210
ydjP	BSU_06280	681547	682362	816
yeaA	BSU_06290	682375	683364	990
cotA	BSU_06300	683462	685003	1542
gabP	BSU_06310	685155	686564	1410
ydzX	BSU_06319	686602	686889	288
mneS	BSU_06320	686962	687834	873
yeaC	BSU_06330	688184	689146	963
yeaD	BSU_06340	689146	690342	1197
yebA	BSU_06350	690364	692577	2214
guaA	BSU_06360	692740	694281	1542
pbuG	BSU_06370	694662	695984	1323
yebC	BSU_06380	696195	696998	804
yebD	BSU_06390	697157	697324	168
yebE	BSU_06400	697538	698092	555
yebG	BSU_06410	698092	698289	198
purE	BSU_06420	698612	699100	489
purK	BSU_06430	699093	700235	1143
purB	BSU_06440	700232	701527	1296
purC	BSU_06450	701601	702326	726
purS	BSU_06460	702319	702573	255
purQ	BSU_06470	702570	703253	684
purL	BSU_06480	703237	705465	2229
purF	BSU_06490	705441	706871	1431
purM	BSU_06500	706973	708013	1041
purN	BSU_06510	708010	708597	588
purH	BSU_06520	708594	710132	1539
purD	BSU_06530	710148	711416	1269
yezC	BSU_06540	711456	711875	420
yecA	BSU_06550	712019	713293	1275
yezF	BSU_06559	713308	713535	228
yerA	BSU_06560	713664	715406	1743
yerB	BSU_06570	715433	716428	996
yerC	BSU_06580	716431	716745	315
yerD	BSU_06590	716780	718357	1578
pcrB	BSU_06600	718622	719308	687
pcrA	BSU_06610	719370	721589	2220
ligA	BSU_06620	721613	723619	2007
yerH	BSU_06630	723635	724825	1191
yerI	BSU_06640	724987	725997	1011
sapB	BSU_06650	726035	726733	699
opuE	BSU_06660	726840	728318	1479
gatC	BSU_06670	728732	729022	291
gatA	BSU_06680	729038	730495	1458
gatB	BSU_06690	730509	731939	1431
yerO	BSU_06700	731954	732823	870
srfP	BSU_06710	732955	736113	3159
dagK	BSU_06720	736436	737347	912
rlmCD	BSU_06730	737603	738982	1380
yefB	BSU_06740	738995	739897	903
yefC	BSU_06750	739878	740213	336
yeeA	BSU_06760	740288	742927	2640
yeeB	BSU_06770	742939	744738	1800
yeeC	BSU_06780	744851	745999	1149
yeeD	BSU_06790	746261	746566	306
yezA	BSU_06800	746633	746839	207
yezG	BSU_06811	747079	747534	456
yeeF	BSU_06812	747554	749563	2010
yeeG	BSU_06820	749775	750797	1023
rapH	BSU_06830	750959	752089	1131
phrH	BSU_06839	752079	752252	174
yeeI	BSU_06840	752412	753131	720
cotK	BSU_06850	753265	753702	438
yezE	BSU_06860	753817	754401	585
yesE	BSU_06870	754480	754923	444
yesF	BSU_06880	754920	755780	861
cotJA	BSU_06890	755907	756155	249
cotJB	BSU_06900	756139	756402	264
cotJC	BSU_06910	756417	756986	570
yesJ	BSU_06920	757111	757653	543
yesK	BSU_06930	757676	757978	303
yesL	BSU_06940	758093	758722	630
yesM	BSU_06950	758719	760452	1734
yesN	BSU_06960	760452	761558	1107
yesO	BSU_06970	761662	762945	1284
rhgP	BSU_06980	762942	763871	930
rhgQ	BSU_06990	763875	764765	891
rhgH	BSU_07000	764781	765815	1035
rhgR	BSU_07010	765838	768123	2286
rhgT	BSU_07020	768137	768835	699
yesU	BSU_07030	768828	769490	663
yesV	BSU_07040	769487	770113	627
rhgW	BSU_07050	770234	772096	1863
rhgX	BSU_07060	772142	773980	1839
yesY	BSU_07070	774138	774791	654
rhgZ	BSU_07080	774799	776790	1992
yetA	BSU_07090	776834	779407	2574
lplA	BSU_07100	779529	781037	1509
lplB	BSU_07110	781092	782048	957
lplC	BSU_07120	782062	782949	888
lplD	BSU_07130	782958	784298	1341
yetF	BSU_07140	784381	785076	696
hmoA	BSU_07150	785113	785439	327
yetH	BSU_07160	785543	785905	363
yezD	BSU_07190	787715	787882	168
calJ	BSU_07200	787992	788636	645
yetK	BSU_07210	788636	789628	993
flvL	BSU_07220	789652	790155	504
flvM	BSU_07230	790318	791427	1110
yetN	BSU_07240	791462	792532	1071
cypD	BSU_07250	792682	795867	3186
ltaSA	BSU_07260	796314	798233	1920
spmH	BSU_07270	798469	799233	765
spmG	BSU_07280	799240	800208	969
yfnF	BSU_07290	800232	801143	912
yfnE	BSU_07300	801172	802350	1179
yfnD	BSU_07310	802351	803286	936
yfnC	BSU_07320	803317	804546	1230
pynN	BSU_07330	804657	805364	708
mtrA	BSU_07340	805456	806841	1386
vdhT	BSU_07350	807091	808548	1458
yfmS	BSU_07360	808562	809422	861
ettA	BSU_07370	809557	811446	1890
yfmQ	BSU_07380	811569	812015	447
copP	BSU_07390	812140	812562	423
copO	BSU_07400	812628	813818	1191
yfmN	BSU_07410	814109	814264	156
ettM	BSU_07420	814384	815940	1557
yfmL	BSU_07430	816113	817243	1131
yfmK	BSU_07440	817311	817757	447
yfmJ	BSU_07450	817810	818829	1020
yfmI	BSU_07460	819311	820531	1221
yfmG	BSU_07480	820867	822330	1464
fecF	BSU_07490	822903	823703	801
fecE	BSU_07500	823716	824717	1002
fecD	BSU_07510	824714	825715	1002
fecC	BSU_07520	825787	826734	948
yfmB	BSU_07530	826843	827211	369
yflT	BSU_07550	827455	827802	348
pelA	BSU_07560	827993	829255	1263
maeS	BSU_07570	829382	830818	1437
citS	BSU_07580	830945	832573	1629
citT	BSU_07590	832545	833225	681
yflP	BSU_07600	833228	834187	960
citM	BSU_07610	834383	835684	1302
yflN	BSU_07620	835740	836534	795
nosA	BSU_07630	836653	837744	1092
acyP	BSU_07640	837735	838010	276
yflK	BSU_07650	838077	838742	666
yflJ	BSU_07660	838783	838920	138
yflI	BSU_07670	839077	839232	156
yflH	BSU_07680	839339	839653	315
mapB	BSU_07690	839735	840484	750
nagP	BSU_07700	840656	842014	1359
ltaSB	BSU_07710	842047	843996	1950
yflD	BSU_07720	844097	844234	138
yflB	BSU_07735	844253	844645	393
yflA	BSU_07750	844770	846185	1416
yfkT	BSU_07760	846182	847258	1077
yfkS	BSU_07770	847282	847482	201
yfkR	BSU_07780	847498	848652	1155
yfkQ	BSU_07790	848633	850174	1542
treP	BSU_07800	850367	851779	1413
treA	BSU_07810	851850	853535	1686
treR	BSU_07820	853556	854272	717
hypO	BSU_07830	854412	855077	666
yfkN	BSU_07840	855114	859502	4389
sufLB	BSU_07850	859745	860263	519
yfkL	BSU_07860	860303	861493	1191
yfkK	BSU_07870	861586	861801	216
yfkJ	BSU_07880	862004	862474	471
yfkI	BSU_07890	862492	862812	321
rbn	BSU_07900	862836	863663	828
yfkF	BSU_07910	863862	865037	1176
chaA	BSU_07920	865205	866260	1056
yfkD	BSU_07930	866331	867125	795
mscC	BSU_07940	867164	868006	843
yfkA	BSU_07955	868007	869128	1122
yfjT	BSU_07970	869273	869458	186
pdaA	BSU_07980	869559	870350	792
yfjR	BSU_07990	870388	871248	861
yfjQ	BSU_08000	871347	872306	960
yfjP	BSU_08010	872425	873288	864
yfjO	BSU_08020	873402	874802	1401
yfzA	BSU_08029	875428	875694	267
dusC	BSU_08030	876426	877403	978
yfjM	BSU_08040	877599	878051	453
yfjL	BSU_08050	878081	878770	690
acoA	BSU_08060	879002	880003	1002
acoB	BSU_08070	880007	881035	1029
acoC	BSU_08080	881049	882245	1197
acoL	BSU_08090	882266	883642	1377
acoR	BSU_08100	883758	885575	1818
sspH	BSU_08110	885629	885808	180
yfjF	BSU_08120	885844	886173	330
yfjE	BSU_08130	886223	886681	459
yfjD	BSU_08140	886775	887332	558
yfjC	BSU_08150	887364	888131	768
yfjB	BSU_08160	888143	889366	1224
yfjA	BSU_08170	889372	889686	315
malA	BSU_08180	890022	891371	1350
malR	BSU_08190	891436	892200	765
malP	BSU_08200	892215	893798	1584
yfiB	BSU_08210	893904	895625	1722
yfiC	BSU_08220	895619	897433	1815
catD	BSU_08230	897588	897992	405
catE	BSU_08240	898010	898867	858
yfiF	BSU_08250	898961	899905	945
yfiG	BSU_08260	900080	901528	1449
yfiH	BSU_08270	901555	902496	942
yfiI	BSU_08280	902506	903687	1182
linJ	BSU_08290	903811	905013	1203
linK	BSU_08300	905010	905672	663
bifL	BSU_08310	905816	906751	936
bifM	BSU_08320	906764	907954	1191
bifN	BSU_08330	907968	909125	1158
padR	BSU_08340	909198	909746	549
estB	BSU_08350	910019	910651	633
icaC	BSU_08360	910840	911928	1089
yfiR	BSU_08370	911964	912581	618
yfiS	BSU_08380	912547	913800	1254
bstA	BSU_08390	913924	914460	537
yfiU	BSU_08400	914457	916013	1557
yfiV	BSU_08410	916124	916606	483
mprF	BSU_08425	916778	919348	2571
sxzY	BSU_08440	919366	920343	978
sxzZ	BSU_08450	920474	921475	1002
sxzA	BSU_08460	921472	922503	1032
yfhB	BSU_08470	922618	923499	882
yfhC	BSU_08480	923587	924171	585
yfhD	BSU_08490	924210	924401	192
yfhE	BSU_08500	924468	924578	111
yfhF	BSU_08510	924633	925544	912
recX	BSU_08520	925633	926427	795
yfhH	BSU_08530	926429	926743	315
yfhI	BSU_08540	926886	928079	1194
sspK	BSU_08550	928112	928264	153
yfhJ	BSU_08560	928389	928658	270
yfhK	BSU_08570	928803	929321	519
spdL	BSU_08580	929406	929738	333
ephM	BSU_08590	929725	930585	861
csbB	BSU_08600	930818	931807	990
yfhO	BSU_08610	931879	934464	2586
yfhP	BSU_08620	934457	935440	984
mutY	BSU_08630	935656	936765	1110
yfhS	BSU_08640	936773	936997	225
fabL	BSU_08650	937079	937831	753
sspE	BSU_08660	937900	938154	255
ygaB	BSU_08670	938243	938587	345
ygaC	BSU_08680	938731	939261	531
ygaD	BSU_08690	939349	941091	1743
ygaE	BSU_08700	941168	942229	1062
gsaB	BSU_08710	942449	943738	1290
bcp	BSU_08720	943891	944364	474
perR	BSU_08730	944487	944924	438
ygzB	BSU_08740	944959	945312	354
ygxA	BSU_08750	945520	946404	885
spo0M	BSU_08760	953373	954149	777
ygzA	BSU_08770	954291	954494	204
ygzC	BSU_08779	954579	954851	273
ygaJ	BSU_08780	954893	955585	693
thiC	BSU_08790	955895	957667	1773
ygaK	BSU_08800	957705	959060	1356
senS	BSU_08810	959311	959508	198
katA	BSU_08820	959535	960986	1452
ssuB	BSU_08830	961394	962161	768
ssuA	BSU_08840	962179	963177	999
ssuC	BSU_08850	963174	964004	831
ssuD	BSU_08860	964027	965157	1131
ygaN	BSU_08870	965261	965797	537
rpsNB	BSU_08880	965909	966178	270
ygaO	BSU_08890	966196	966669	474
ygzD	BSU_08899	966671	966871	201
yhzB	BSU_08900	967229	967852	624
queG	BSU_08910	967935	969095	1161
yhbB	BSU_08920	969162	970097	936
trmL	BSU_08930	970135	970617	483
yhbD	BSU_08940	970667	971383	717
yhbE	BSU_08950	971374	972087	714
yhbF	BSU_08960	972099	972806	708
prkA	BSU_08970	973156	975051	1896
yhbH	BSU_08980	975231	976409	1179
yhbI	BSU_08990	976569	977033	465
yhbJ	BSU_09000	977069	977734	666
yhcA	BSU_09010	977775	979373	1599
yhcB	BSU_09020	979396	979926	531
yhcC	BSU_09030	979939	980313	375
yhcD	BSU_09040	980313	980468	156
yhcE	BSU_09050	980473	981234	762
yhcF	BSU_09060	981237	981602	366
yhcG	BSU_09070	981604	982302	699
yhcH	BSU_09080	982319	983236	918
yhcI	BSU_09090	983229	984170	942
cspB	BSU_09100	984262	984465	204
yhcJ	BSU_09110	984901	985731	831
dgcK	BSU_09120	985734	986813	1080
tcyP	BSU_09130	986986	988377	1392
yhcM	BSU_09140	988417	988872	456
yhcN	BSU_09150	989022	989591	570
yhcO	BSU_09165	989712	990680	969
yhcQ	BSU_09180	990612	991265	654
mncR	BSU_09190	991348	995001	3654
srtA	BSU_09200	994998	995594	597
yhcT	BSU_09210	995624	996532	909
yhcU	BSU_09220	996643	997038	396
yhcV	BSU_09230	997175	997597	423
glpW	BSU_09240	997724	998386	663
yhcX	BSU_09250	998402	999943	1542
yhxA	BSU_09260	1000364	1001716	1353
glpP	BSU_09270	1001744	1002322	579
glpF	BSU_09280	1002501	1003325	825
glpK	BSU_09290	1003344	1004834	1491
glpD	BSU_09300	1004975	1006642	1668
pgcA	BSU_09310	1006774	1008519	1746
yhcY	BSU_09320	1008668	1009807	1140
yhcZ	BSU_09330	1009804	1010448	645
azr	BSU_09340	1010445	1010969	525
yhdB	BSU_09350	1010984	1011226	243
yhdC	BSU_09360	1011427	1011750	324
lytF	BSU_09370	1011792	1013258	1467
nsrR	BSU_09380	1013411	1013851	441
ygxB	BSU_09390	1013958	1015616	1659
spoVR	BSU_09400	1015647	1017053	1407
phoA	BSU_09410	1017083	1018468	1386
lytE	BSU_09420	1018998	1020002	1005
citR	BSU_09430	1020073	1020948	876
citA	BSU_09440	1021057	1022157	1101
yhdF	BSU_09450	1022231	1023100	870
bcaP	BSU_09460	1023350	1024747	1398
yhdH	BSU_09470	1024865	1026220	1356
yhdI	BSU_09480	1026255	1027664	1410
yhdJ	BSU_09490	1027774	1028202	429
asiMB	BSU_09500	1028233	1028523	291
asiMA	BSU_09510	1028511	1029587	1077
sigM	BSU_09520	1029577	1030068	492
akrN	BSU_09530	1030265	1031260	996
plsC	BSU_09540	1031395	1031994	600
yhdP	BSU_09550	1032063	1033397	1335
cueR	BSU_09560	1033458	1033889	432
yhdR	BSU_09570	1034046	1035227	1182
yhdT	BSU_09590	1035554	1036939	1386
crcBA	BSU_09600	1036953	1037309	357
crcBB	BSU_09610	1037306	1037701	396
yhdW	BSU_09620	1037688	1038419	732
yhdX	BSU_09630	1038653	1038760	108
mscY	BSU_09640	1038909	1040024	1116
srtN	BSU_09650	1040094	1040837	744
yheN	BSU_09660	1040861	1041709	849
dat	BSU_09670	1041994	1042842	849
nhaC	BSU_09680	1042885	1044246	1362
nhaX	BSU_09690	1044373	1044873	501
bmrB	BSU_09700	1045037	1045198	162
bmrC	BSU_09710	1045318	1047075	1758
bmrD	BSU_09720	1047072	1049093	2022
yheG	BSU_09730	1049142	1049762	621
yheF	BSU_09740	1049801	1049926	126
sspB	BSU_09750	1050031	1050234	204
yheE	BSU_09760	1050443	1050661	219
spaD	BSU_09770	1050811	1052172	1362
spaC	BSU_09780	1052162	1053253	1092
yheB	BSU_09790	1053520	1054653	1134
yheA	BSU_09800	1054746	1055099	354
yhaZ	BSU_09810	1055143	1056216	1074
yhaX	BSU_09830	1056702	1057568	867
hemZ	BSU_09840	1057680	1059185	1506
khtU	BSU_09850	1059203	1060420	1218
khtT	BSU_09860	1060427	1060924	498
khtS	BSU_09870	1060988	1061326	339
yhaR	BSU_09880	1061491	1062258	768
yhzD	BSU_09889	1062279	1062464	186
yhaQ	BSU_09890	1062591	1063487	897
yhaP	BSU_09900	1063480	1064739	1260
yhaO	BSU_09910	1064846	1066072	1227
sbcE	BSU_09920	1066077	1068968	2892
yhaM	BSU_09930	1069042	1069986	945
yhaL	BSU_09940	1070111	1070323	213
prsA	BSU_09950	1070364	1071242	879
sscA	BSU_09958	1071402	1071488	87
sscB	BSU_09959	1071613	1071699	87
yhaJ	BSU_09965	1072042	1072560	519
yhaI	BSU_09980	1072768	1073109	342
scoC	BSU_09990	1073106	1073717	612
yhaH	BSU_10000	1073895	1074251	357
yhzF	BSU_10009	1074381	1074572	192
trpP	BSU_10010	1074646	1075164	519
serC	BSU_10020	1075289	1076368	1080
hinT	BSU_10030	1076515	1076952	438
ecsA	BSU_10040	1077440	1078183	744
ecsB	BSU_10050	1078176	1079402	1227
ecsC	BSU_10060	1079422	1080132	711
sndC	BSU_10070	1080150	1081340	1191
yhfA	BSU_10080	1081413	1082804	1392
yhgB	BSU_10090	1082870	1083184	315
hmoB	BSU_10100	1083229	1083729	501
pbpF	BSU_10110	1083851	1085995	2145
hemE	BSU_10120	1086117	1087178	1062
hemH	BSU_10130	1087250	1088182	933
hemY	BSU_10140	1088197	1089609	1413
yhgD	BSU_10150	1089755	1090330	576
yhgE	BSU_10160	1090401	1092728	2328
fabHB	BSU_10170	1092770	1093747	978
yhfC	BSU_10180	1093874	1094650	777
yhfE	BSU_10200	1095063	1096103	1041
yhfF	BSU_10210	1096116	1096523	408
gltT	BSU_10220	1096560	1097849	1290
yhfH	BSU_10230	1098120	1098260	141
yhfI	BSU_10240	1098412	1099146	735
lplJ	BSU_10250	1099159	1100154	996
yhfK	BSU_10260	1100219	1100863	645
lcfB	BSU_10270	1100980	1102521	1542
yhfM	BSU_10280	1102560	1102955	396
yhfN	BSU_10290	1103104	1104384	1281
aprE	BSU_10300	1104423	1105568	1146
yhfO	BSU_10310	1106003	1106452	450
yhfP	BSU_10320	1106524	1107516	993
yhfQ	BSU_10330	1107733	1108704	972
phoE	BSU_10340	1108736	1109317	582
yhfS	BSU_10350	1109388	1110482	1095
yhfT	BSU_10360	1110479	1111918	1440
bioY	BSU_10370	1111925	1112485	561
hemAT	BSU_10380	1112620	1113918	1299
yhfW	BSU_10390	1114057	1115586	1530
yhxC	BSU_10400	1115698	1116555	858
yhzC	BSU_10410	1116583	1116816	234
comK	BSU_10420	1117109	1117687	579
yhxD	BSU_10430	1117734	1118633	900
yhjA	BSU_10440	1118850	1119119	270
yhjB	BSU_10450	1119162	1120631	1470
yhjC	BSU_10460	1120628	1120828	201
yhjD	BSU_10470	1121036	1121398	363
yhjE	BSU_10480	1121550	1122173	624
sipV	BSU_10490	1122175	1122681	507
yhjG	BSU_10500	1122862	1124361	1500
yhjH	BSU_10510	1124438	1124965	528
glcP	BSU_10520	1125123	1126328	1206
ntdC	BSU_10530	1126400	1127452	1053
ntdB	BSU_10540	1127466	1128314	849
ntdA	BSU_10550	1128286	1129611	1326
ntdR	BSU_10560	1129715	1130704	990
yhjN	BSU_10570	1130918	1132072	1155
yhjO	BSU_10580	1132179	1133384	1206
yhjP	BSU_10590	1133498	1135225	1728
yhjQ	BSU_10600	1135255	1135581	327
yhjR	BSU_10610	1135699	1136136	438
addB	BSU_10620	1136320	1139820	3501
addA	BSU_10630	1139807	1143505	3699
sbcD	BSU_10640	1143577	1144752	1176
sbcC	BSU_10650	1144749	1148141	3393
hlpB	BSU_10660	1148155	1148457	303
gerPF	BSU_10670	1148494	1148712	219
gerPE	BSU_10680	1148744	1149145	402
gerPD	BSU_10690	1149145	1149321	177
gerPC	BSU_10700	1149318	1149935	618
gerPB	BSU_10710	1149958	1150191	234
gerPA	BSU_10720	1150206	1150427	222
pchI	BSU_10730	1150850	1151020	171
yisJ	BSU_10740	1151166	1152089	924
mblK	BSU_10750	1152244	1153149	906
yisL	BSU_10760	1153265	1153621	357
wprA	BSU_10770	1153789	1156473	2685
yisN	BSU_10780	1156504	1157091	588
asnO	BSU_10790	1157237	1159081	1845
yizA	BSU_10800	1159211	1159690	480
farP	BSU_10810	1159922	1160746	825
yisQ	BSU_10820	1160776	1162143	1368
yisR	BSU_10830	1162267	1163130	864
iolQ	BSU_10840	1163148	1164161	1014
iolX	BSU_10850	1164370	1165398	1029
yisT	BSU_10860	1165449	1165958	510
yisU	BSU_10870	1166008	1166670	663
yisV	BSU_10880	1166737	1168191	1455
yisX	BSU_10890	1168199	1168837	639
yisY	BSU_10900	1169043	1169849	807
yisZ	BSU_10910	1169877	1170476	600
yitA	BSU_10920	1170473	1171642	1170
yitB	BSU_10930	1171755	1172465	711
slpH	BSU_10940	1172650	1173336	687
slpS	BSU_10950	1173333	1174091	759
yitE	BSU_10960	1174136	1174765	630
yitF	BSU_10970	1174861	1175976	1116
yitG	BSU_10980	1175985	1177253	1269
yitH	BSU_10990	1177365	1178213	849
yitI	BSU_11000	1178218	1178667	450
samT	BSU_11010	1178757	1180595	1839
yitK	BSU_11020	1180909	1181400	492
yitL	BSU_11030	1181499	1182395	897
yitM	BSU_11040	1182448	1183032	585
yitO	BSU_11055	1183029	1183958	930
yitP	BSU_11070	1183943	1184479	537
yizB	BSU_11079	1184657	1185004	348
yitQ	BSU_11080	1185001	1185588	588
yitR	BSU_11090	1185608	1185901	294
nprB	BSU_11100	1186037	1187653	1617
fakBB	BSU_11110	1187700	1188551	852
yitT	BSU_11120	1188689	1189531	843
ipi	BSU_11130	1189646	1190005	360
yizC	BSU_11139	1190036	1190233	198
ribZC	BSU_11140	1190490	1191302	813
yitV	BSU_11150	1191423	1192190	768
yitW	BSU_11160	1192254	1192562	309
yitY	BSU_11170	1192858	1194288	1431
yitZ	BSU_11180	1194333	1194827	495
argC	BSU_11190	1195034	1196071	1038
argJ	BSU_11200	1196091	1197311	1221
argB	BSU_11210	1197326	1198102	777
argD	BSU_11220	1198099	1199256	1158
carA	BSU_11230	1199327	1200388	1062
carB	BSU_11240	1200381	1203473	3093
argF	BSU_11250	1203461	1204420	960
yjzC	BSU_11260	1204506	1204685	180
yjzD	BSU_11270	1204731	1204916	186
yjaU	BSU_11280	1205165	1205899	735
yjaV	BSU_11290	1205981	1206538	558
med	BSU_11300	1206629	1207582	954
comZ	BSU_11310	1207597	1207788	192
yjzB	BSU_11320	1207818	1208057	240
fabHA	BSU_11330	1208222	1209160	939
fabF	BSU_11340	1209183	1210424	1242
yjaZ	BSU_11350	1210500	1211285	786
appD	BSU_11360	1211477	1212463	987
appF	BSU_11370	1212460	1213449	990
appB	BSU_11390	1215243	1216193	951
appC	BSU_11400	1216210	1217121	912
yjbA	BSU_11410	1217326	1218078	753
trpS	BSU_11420	1218113	1219105	993
oppA	BSU_11430	1219849	1221486	1638
oppB	BSU_11440	1221594	1222529	936
oppC	BSU_11450	1222533	1223450	918
oppD	BSU_11460	1223455	1224531	1077
oppF	BSU_11470	1224533	1225450	918
yjbB	BSU_11480	1225557	1226774	1218
yjbC	BSU_11490	1226938	1227516	579
spxA	BSU_11500	1227697	1228092	396
yjbE	BSU_11510	1228135	1228791	657
mecA	BSU_11520	1229068	1229724	657
coiA	BSU_11530	1229915	1231036	1122
pepF	BSU_11540	1231083	1233095	2013
yizD	BSU_11549	1233133	1233300	168
spxH	BSU_11550	1233614	1234513	900
yjbI	BSU_11560	1234510	1234908	399
cwlQ	BSU_11570	1235163	1235708	546
yjbK	BSU_11580	1235912	1236484	573
yjbL	BSU_11590	1236609	1236977	369
relP	BSU_11600	1237006	1237641	636
ppnKA	BSU_11610	1237660	1238460	801
yjbO	BSU_11620	1238523	1239374	852
prpE	BSU_11630	1239387	1240121	735
kefQ	BSU_11640	1240356	1242200	1845
tenA	BSU_11650	1242449	1243159	711
tenI	BSU_11660	1243134	1243751	618
thiO	BSU_11670	1243735	1244844	1110
thiS	BSU_11680	1244844	1245044	201
thiG	BSU_11690	1245041	1245811	771
thiF	BSU_11700	1245808	1246818	1011
thiD	BSU_11710	1246837	1247652	816
fabI	BSU_11720	1247788	1248564	777
cotO	BSU_11730	1248665	1249348	684
cotZ	BSU_11740	1249442	1249888	447
cotY	BSU_11750	1250016	1250504	489
cotX	BSU_11760	1250656	1251174	519
cotW	BSU_11770	1251273	1251590	318
cotV	BSU_11780	1251631	1252017	387
yjcA	BSU_11790	1252177	1252533	357
yjzK	BSU_11799	1252815	1253021	207
yjcB	BSU_11800	1252858	1253073	216
yjcZ	BSU_11809	1253103	1253252	150
spoVIF	BSU_11810	1253385	1253639	255
yjcD	BSU_11820	1253713	1255992	2280
yjzE	BSU_11839	1256109	1256363	255
yjcF	BSU_11840	1256436	1256858	423
yjcG	BSU_11850	1256862	1257377	516
yjcH	BSU_11860	1257414	1258136	723
metI	BSU_11870	1258492	1259613	1122
metC	BSU_11880	1259606	1260778	1173
yjcK	BSU_11890	1260811	1261356	546
yjcL	BSU_11900	1261426	1262616	1191
yjcM	BSU_11910	1263702	1264931	1230
yjcN	BSU_11920	1265057	1265377	321
yjzF	BSU_11928	1265530	1265661	132
yjzG	BSU_11929	1265677	1265850	174
yjcO	BSU_11930	1265887	1266348	462
yjcP	BSU_11940	1266614	1267117	504
yjcQ	BSU_11950	1267129	1267413	285
yjcR	BSU_11960	1267574	1268101	528
yjcS	BSU_11970	1268275	1268592	318
yjdA	BSU_11980	1268829	1269584	756
yjdB	BSU_11990	1269733	1270080	348
manR	BSU_12000	1270631	1272577	1947
manP	BSU_12010	1272725	1274677	1953
manA	BSU_12020	1274692	1275639	948
yjdF	BSU_12030	1275809	1276291	483
yjdG	BSU_12040	1276337	1276843	507
yjdH	BSU_12050	1277062	1277457	396
trnE	BSU_12060	1277686	1278165	480
yjzH	BSU_12069	1278205	1278399	195
yjdJ	BSU_12070	1278565	1278894	330
ctaO	BSU_12080	1279514	1280503	990
cotT	BSU_12090	1280626	1280874	249
pdaC	BSU_12100	1281128	1282531	1404
yjfA	BSU_12110	1282571	1283044	474
yjfB	BSU_12120	1283169	1283336	168
yjfC	BSU_12130	1283463	1284362	900
yjgA	BSU_12140	1284371	1284769	399
yjgB	BSU_12150	1284870	1285445	576
yjgC	BSU_12160	1285591	1288548	2958
yjgD	BSU_12170	1288541	1289101	561
yjhA	BSU_12180	1289298	1289939	642
yjhB	BSU_12190	1290018	1290644	627
yjiA	BSU_12200	1290675	1290953	279
cypE	BSU_12210	1291344	1292534	1191
ppuG	BSU_12220	1292557	1293735	1179
yjzI	BSU_12229	1293776	1293964	189
yjjA	BSU_12230	1294138	1294950	813
yjkA	BSU_12240	1294996	1295748	753
yjkB	BSU_12250	1295748	1296500	753
yjlA	BSU_12260	1296620	1297594	975
yjlB	BSU_12270	1297726	1298223	498
yjlC	BSU_12280	1298612	1299034	423
ndh	BSU_12290	1299074	1300252	1179
uxaC	BSU_12300	1300450	1301871	1422
exuM	BSU_12310	1301939	1303318	1380
yjmC	BSU_12320	1303423	1304436	1014
yjmD	BSU_12330	1304442	1305461	1020
uxuA	BSU_12340	1305486	1306565	1080
uxuB	BSU_12350	1306562	1307398	837
exuT	BSU_12360	1307446	1308714	1269
exuR	BSU_12370	1308802	1309803	1002
uxaB	BSU_12380	1309880	1311322	1443
uxaA	BSU_12390	1311319	1312812	1494
yjnA	BSU_12400	1312851	1313615	765
yjoA	BSU_12410	1313840	1314304	465
yjoB	BSU_12420	1314453	1315724	1272
rapA	BSU_12430	1315869	1317005	1137
phrA	BSU_12440	1316995	1317129	135
yjpA	BSU_12450	1317157	1317414	258
xlyB	BSU_12460	1317535	1318488	954
yjqA	BSU_12470	1318528	1318905	378
pghB	BSU_12480	1319011	1319613	603
xpdC	BSU_12490	1319690	1320526	837
xkdA	BSU_12500	1320570	1321166	597
xre	BSU_12510	1321329	1321670	342
yjzJ	BSU_12519	1321848	1322027	180
xkdB	BSU_12520	1322014	1322850	837
xkdC	BSU_12530	1322750	1323550	801
ykzK	BSU_12539	1323550	1323717	168
xkdD	BSU_12540	1323802	1324152	351
xtrA	BSU_12550	1324149	1324355	207
xpf	BSU_12560	1324471	1324980	510
xtmA	BSU_12570	1325096	1325893	798
xtmB	BSU_12580	1325890	1327191	1302
xkdE	BSU_12590	1327195	1328682	1488
xkdF	BSU_12600	1328702	1329529	828
xkdG	BSU_12610	1329555	1330490	936
ykzL	BSU_12619	1330512	1330895	384
xkdH	BSU_12620	1330892	1331248	357
xkdI	BSU_12630	1331245	1331730	486
xkdJ	BSU_12640	1331743	1332183	441
ykzM	BSU_12649	1332187	1332405	219
xkdK	BSU_12650	1332402	1333802	1401
xkdM	BSU_12660	1333804	1334247	444
xkdN	BSU_12671	1334339	1334785	447
xkzB	BSU_12672	1334815	1334964	150
xkdO	BSU_12680	1334966	1338964	3999
xkdP	BSU_12690	1338957	1339616	660
xkdQ	BSU_12700	1339632	1340609	978
xkdR	BSU_12710	1340609	1340875	267
xkdS	BSU_12720	1340932	1341357	426
xkdT	BSU_12730	1341350	1342396	1047
xkdU	BSU_12740	1342380	1342958	579
xkzA	BSU_12749	1342955	1343227	273
xkdV	BSU_12750	1343230	1345293	2064
xkdW	BSU_12760	1345305	1345634	330
xkdX	BSU_12770	1345631	1345795	165
xepA	BSU_12780	1345839	1346678	840
xhlA	BSU_12790	1346731	1347000	270
xhlB	BSU_12800	1347013	1347276	264
xlyA	BSU_12810	1347289	1348182	894
spoIISC	BSU_12815	1348219	1348356	138
spoIISB	BSU_12820	1348442	1348612	171
spoIISA	BSU_12830	1348612	1349358	747
pitB	BSU_12840	1349468	1350469	1002
ykaA	BSU_12850	1350482	1351099	618
steT	BSU_12860	1351375	1352691	1317
mhqA	BSU_12870	1353080	1354030	951
ykcB	BSU_12880	1354285	1356435	2151
ykcC	BSU_12890	1356447	1357418	972
htrA	BSU_12900	1357936	1359285	1350
proCC	BSU_12910	1359454	1360272	819
dppA	BSU_12920	1360401	1361225	825
dppB	BSU_12930	1361242	1362168	927
dppC	BSU_12940	1362174	1363136	963
dppD	BSU_12950	1363141	1364148	1008
dppE	BSU_12960	1364151	1365800	1650
ldcA	BSU_12970	1365888	1366847	960
aeeB	BSU_12980	1366844	1367944	1101
eepC	BSU_12990	1367941	1368831	891
ykfD	BSU_13000	1368844	1369833	990
pgl	BSU_13010	1369876	1370925	1050
ddaH	BSU_13020	1371015	1371875	861
ykhA	BSU_13030	1372035	1372553	519
hmpA	BSU_13040	1372792	1373991	1200
ykzH	BSU_13050	1374068	1374292	225
ykjA	BSU_13060	1374437	1375168	732
ykkA	BSU_13070	1375260	1375787	528
ykkB	BSU_13080	1375777	1376295	519
gdnC	BSU_13090	1376517	1376855	339
gdnD	BSU_13100	1376855	1377172	318
purU	BSU_13110	1377243	1378145	903
proB	BSU_13120	1378496	1379593	1098
proA	BSU_13130	1379605	1380852	1248
ohrA	BSU_13140	1380978	1381403	426
ohrR	BSU_13150	1381434	1381877	444
ohrB	BSU_13160	1382020	1382430	411
ykzN	BSU_13169	1382457	1382627	171
guaN	BSU_13170	1382677	1383147	471
metE	BSU_13180	1383320	1385608	2289
ispA	BSU_13190	1386024	1386983	960
rsbRB	BSU_13200	1387206	1388039	834
thiX	BSU_13210	1388070	1388834	765
thiW	BSU_13220	1388809	1390452	1644
thiV	BSU_13230	1390439	1391038	600
thiU	BSU_13240	1391040	1391642	603
ykoG	BSU_13250	1391953	1392639	687
ykoH	BSU_13260	1392643	1394007	1365
ykoI	BSU_13270	1394004	1394684	681
ykoJ	BSU_13280	1394776	1395288	513
ykzD	BSU_13290	1395371	1395508	138
mgtE	BSU_13300	1396013	1397368	1356
tnrA	BSU_13310	1397411	1397743	333
ykzB	BSU_13320	1397938	1398093	156
ykoL	BSU_13330	1398181	1398363	183
ykoM	BSU_13340	1398496	1398960	465
ykoN	BSU_13350	1398975	1400096	1122
ykoP	BSU_13360	1400188	1400739	552
ykoQ	BSU_13370	1400767	1401579	813
ykoS	BSU_13380	1401772	1403466	1695
ykoT	BSU_13390	1403479	1404492	1014
ligD	BSU_13400	1404518	1406353	1836
ligV	BSU_13410	1406357	1407292	936
dgcW	BSU_13420	1407329	1409731	2403
ykoX	BSU_13430	1409912	1410577	666
ykoY	BSU_13440	1410654	1411628	975
sigI	BSU_13450	1411892	1412647	756
rsgI	BSU_13460	1412644	1413789	1146
sspD	BSU_13470	1413800	1413994	195
htpK	BSU_13480	1414125	1414826	702
htpX	BSU_13490	1414997	1415893	897
ktrD	BSU_13500	1416067	1417416	1350
ykzP	BSU_13509	1417561	1417716	156
ykzE	BSU_13510	1417719	1417895	177
ykrP	BSU_13520	1417938	1418960	1023
kinE	BSU_13530	1419213	1421429	2217
ogt	BSU_13540	1421426	1421923	498
mtnA	BSU_13550	1422172	1423233	1062
mtnK	BSU_13560	1423241	1424434	1194
mtnU	BSU_13570	1424767	1425546	780
mtnE	BSU_13580	1425641	1426837	1197
mtnW	BSU_13590	1427061	1428278	1218
mtnX	BSU_13600	1428275	1428982	708
mtnB	BSU_13610	1428940	1429569	630
mtnD	BSU_13620	1429584	1430120	537
ykvA	BSU_13630	1430161	1430481	321
spo0E	BSU_13640	1430684	1430941	258
eag	BSU_13650	1431027	1431458	432
kinD	BSU_13660	1431486	1433006	1521
mhqR	BSU_13670	1433199	1433636	438
motB	BSU_13680	1433676	1434461	786
motA	BSU_13690	1434433	1435245	813
clpE	BSU_13700	1435628	1437727	2100
ykvI	BSU_13710	1438092	1439135	1044
queC	BSU_13720	1439448	1440107	660
queD	BSU_13730	1440100	1440549	450
queE	BSU_13740	1440542	1441273	732
queF	BSU_13750	1441291	1441788	498
ykvN	BSU_13760	1442347	1442703	357
ykvO	BSU_13770	1442872	1443618	747
ykvP	BSU_13780	1444099	1445298	1200
ykzQ	BSU_13789	1445314	1445541	228
ykvR	BSU_13800	1447251	1447541	291
ykvS	BSU_13810	1447662	1447847	186
ykzS	BSU_13819	1448013	1448207	195
ykvT	BSU_13820	1448506	1449132	627
ykvU	BSU_13830	1449250	1450587	1338
stoA	BSU_13840	1450638	1451135	498
pfeT	BSU_13850	1451371	1453284	1914
papB	BSU_13860	1453691	1454782	1092
ykvZ	BSU_13870	1455064	1456029	966
glcT	BSU_13880	1456092	1456958	867
ptsG	BSU_13890	1457187	1459286	2100
ptsH	BSU_13900	1459384	1459650	267
ptsI	BSU_13910	1459650	1461362	1713
splA	BSU_13920	1461453	1461692	240
splB	BSU_13930	1461770	1462798	1029
ykwB	BSU_13940	1462813	1463493	681
mcpC	BSU_13950	1463628	1465595	1968
ohaC	BSU_13960	1465733	1466599	867
ykwD	BSU_13970	1466638	1467411	774
pbpH	BSU_13980	1467748	1469862	2115
kinA	BSU_13990	1470026	1471846	1821
dapX	BSU_14000	1471857	1473038	1182
ykzT	BSU_14009	1473240	1473401	162
cheV	BSU_14010	1473605	1474516	912
kre	BSU_14020	1474560	1475024	465
ykuC	BSU_14030	1475150	1476442	1293
ltdD	BSU_14040	1476518	1477012	495
ppeE	BSU_14050	1477069	1477929	861
fadH	BSU_14060	1478072	1478836	765
ykuG	BSU_14071	1479137	1480867	1731
ykzU	BSU_14072	1480933	1481451	519
ykuH	BSU_14080	1481547	1482095	549
ykuI	BSU_14090	1482248	1483471	1224
ykuJ	BSU_14100	1484117	1484356	240
ykuK	BSU_14110	1484466	1484984	519
abbA	BSU_14120	1485118	1485315	198
ykuL	BSU_14130	1485453	1485896	444
ccpC	BSU_14140	1486045	1486926	882
fldN	BSU_14150	1487038	1487514	477
ykuO	BSU_14160	1487504	1488397	894
fldP	BSU_14170	1488413	1488868	456
dapH	BSU_14180	1488973	1489683	711
dapI	BSU_14190	1489753	1490877	1125
ykuS	BSU_14200	1490939	1491184	246
mscT	BSU_14210	1491221	1492024	804
ahpA	BSU_14220	1492261	1492803	543
ykuV	BSU_14230	1492875	1493321	447
rok	BSU_14240	1493787	1494362	576
sppO	BSU_14250	1494403	1495368	966
mobA	BSU_14260	1495505	1496104	600
moeB	BSU_14270	1496155	1497174	1020
moeA	BSU_14280	1497192	1498484	1293
mobB	BSU_14290	1498445	1498966	522
moaE	BSU_14300	1498966	1499439	474
moaD	BSU_14310	1499432	1499665	234
yknU	BSU_14320	1499889	1501646	1758
yknV	BSU_14330	1501658	1503472	1815
skiW	BSU_14340	1503582	1504277	696
skiX	BSU_14350	1504282	1505415	1134
skiY	BSU_14360	1505416	1506108	693
skiZ	BSU_14370	1506105	1507298	1194
fruR	BSU_14380	1507578	1508333	756
fruK	BSU_14390	1508330	1509241	912
fruA	BSU_14400	1509256	1511163	1908
sipT	BSU_14410	1511308	1511889	582
ykoA	BSU_14420	1511923	1512192	270
ykpA	BSU_14430	1512373	1513995	1623
panE	BSU_14440	1514052	1514963	912
ampS	BSU_14450	1514997	1516229	1233
ykpC	BSU_14460	1516339	1516473	135
mreBH	BSU_14470	1516574	1517581	1008
abhA	BSU_14480	1517865	1518143	279
kinC	BSU_14490	1518333	1519619	1287
ykqA	BSU_14500	1519635	1520468	834
ktrC	BSU_14510	1520531	1521196	666
adeC	BSU_14520	1521351	1523084	1734
rnjA	BSU_14530	1523118	1524785	1668
rnpZA	BSU_14540	1524791	1525000	210
ykrA	BSU_14550	1525386	1526159	774
defB	BSU_14560	1526195	1526749	555
ykzV	BSU_14569	1526859	1527017	159
ykyA	BSU_14570	1527231	1527902	672
pdhA	BSU_14580	1528326	1529441	1116
pdhB	BSU_14590	1529445	1530422	978
pdhC	BSU_14600	1530537	1531865	1329
pdhD	BSU_14610	1531870	1533282	1413
slp	BSU_14620	1533327	1533701	375
rgpA	BSU_14629	1534120	1534239	120
speA	BSU_14630	1534279	1535751	1473
yktA	BSU_14640	1535936	1536202	267
yktB	BSU_14650	1536235	1536873	639
ykzI	BSU_14660	1537113	1537301	189
suhB	BSU_14670	1537441	1538238	798
ykzC	BSU_14680	1538264	1538692	429
yktD	BSU_14690	1538770	1539684	915
nprE	BSU_14700	1540036	1541601	1566
ylaA	BSU_14710	1541886	1543826	1941
ylaB	BSU_14720	1543816	1544085	270
sigP	BSU_14730	1544085	1544606	522
sigQ	BSU_14740	1544603	1544896	294
ylaE	BSU_14750	1544936	1545547	612
ylaF	BSU_14760	1545820	1546008	189
bipA	BSU_14770	1546121	1547959	1839
ylaH	BSU_14780	1548016	1548333	318
ylaI	BSU_14790	1548389	1548598	210
ylaJ	BSU_14800	1548681	1549310	630
ylaK	BSU_14810	1549465	1550793	1329
ylaL	BSU_14820	1550797	1551282	486
glsB	BSU_14830	1551385	1552314	930
ylaN	BSU_14840	1552412	1552693	282
ftsW	BSU_14850	1552899	1554110	1212
pycA	BSU_14860	1554185	1557631	3447
ctaA	BSU_14870	1558034	1558954	921
ctaB	BSU_14880	1559309	1560226	918
ctaC	BSU_14890	1560466	1561536	1071
ctaD	BSU_14900	1561569	1563437	1869
ctaE	BSU_14910	1563437	1564060	624
ctaF	BSU_14920	1564063	1564395	333
ctaG	BSU_14930	1564422	1565315	894
ylbA	BSU_14940	1565347	1565709	363
ylbB	BSU_14950	1565849	1566295	447
ylbC	BSU_14960	1566379	1567419	1041
ylbD	BSU_14970	1567651	1568049	399
ylbE	BSU_14980	1568065	1568304	240
ricF	BSU_14990	1568420	1568869	450
ylbG	BSU_15000	1568924	1569196	273
rsmD	BSU_15010	1569519	1570073	555
coaD	BSU_15020	1570078	1570563	486
spoVV	BSU_15030	1570574	1571800	1227
ylbK	BSU_15040	1571981	1572763	783
ylbL	BSU_15050	1572765	1573790	1026
ylbM	BSU_15060	1573807	1575054	1248
ylzH	BSU_15069	1575051	1575236	186
ylbN	BSU_15070	1575264	1575782	519
rpmF	BSU_15080	1575804	1575983	180
gerR	BSU_15090	1576129	1576710	582
ylbP	BSU_15100	1576767	1577249	483
bshC	BSU_15120	1578376	1579995	1620
mraZ	BSU_15130	1580121	1580552	432
rsmH	BSU_15140	1580622	1581557	936
ftsL	BSU_15150	1581597	1581950	354
pbpB	BSU_15160	1581947	1584097	2151
spoVD	BSU_15170	1584214	1586154	1941
murE	BSU_15180	1586330	1587814	1485
mraY	BSU_15190	1587926	1588900	975
murD	BSU_15200	1588901	1590256	1356
spoVE	BSU_15210	1590317	1591417	1101
murG	BSU_15220	1591540	1592631	1092
murB	BSU_15230	1592663	1593574	912
divIB	BSU_15240	1593704	1594495	792
ylxW	BSU_15250	1594492	1595187	696
ylxX	BSU_15260	1595210	1595917	708
sbp	BSU_15270	1595935	1596300	366
ftsA	BSU_15280	1596474	1597796	1323
ftsZ	BSU_15290	1597832	1598980	1149
bpr	BSU_15300	1599283	1603584	4302
spoIIGA	BSU_15310	1603779	1604708	930
sigE	BSU_15320	1604771	1605490	720
sigG	BSU_15330	1605630	1606412	783
ylmA	BSU_15340	1606560	1607354	795
thiQ	BSU_15350	1607556	1608836	1281
ylmC	BSU_15360	1608919	1609164	246
ylmD	BSU_15370	1609327	1610163	837
ylmE	BSU_15380	1610170	1610862	693
sepF	BSU_15390	1610859	1611314	456
ylmG	BSU_15400	1611321	1611593	273
ylmH	BSU_15410	1611654	1612427	774
divIVA	BSU_15420	1612521	1613015	495
ileS	BSU_15430	1613357	1616122	2766
ylyA	BSU_15440	1616267	1616641	375
lspA	BSU_15450	1616744	1617208	465
rluD	BSU_15460	1617210	1618121	912
pyrR	BSU_15470	1618304	1618849	546
pyrP	BSU_15480	1619023	1620330	1308
pyrB	BSU_15490	1620476	1621390	915
pyrC	BSU_15500	1621374	1622660	1287
pyrAA	BSU_15510	1622657	1623751	1095
pyrAB	BSU_15520	1623736	1626951	3216
pyrK	BSU_15530	1626948	1627718	771
pyrD	BSU_15540	1627718	1628653	936
pyrF	BSU_15550	1628622	1629341	720
pyrE	BSU_15560	1629320	1629970	651
cysH	BSU_15570	1630382	1631083	702
cysP	BSU_15580	1631095	1632159	1065
sat	BSU_15590	1632208	1633356	1149
cysC	BSU_15600	1633369	1633962	594
sumT	BSU_15610	1634061	1634834	774
sirB	BSU_15620	1634837	1635622	786
sirC	BSU_15630	1635603	1636091	489
fbnA	BSU_15640	1636131	1637849	1719
tcaB	BSU_15650	1637965	1640637	2673
yloC	BSU_15660	1640720	1641595	876
remA	BSU_15670	1641672	1641941	270
gmk	BSU_15680	1641949	1642563	615
rpoZ	BSU_15690	1642567	1642770	204
coaBC	BSU_15700	1642851	1644071	1221
priA	BSU_15710	1644068	1646485	2418
defA	BSU_15720	1646512	1646994	483
fmt	BSU_15730	1646999	1647952	954
rsmB	BSU_15740	1647939	1649282	1344
rlmN	BSU_15750	1649286	1650377	1092
prpC	BSU_15760	1650384	1651148	765
prkC	BSU_15770	1651142	1653088	1947
rsgA	BSU_15780	1653103	1653999	897
rpe	BSU_15790	1654004	1654657	654
thiN	BSU_15800	1654730	1655374	645
spoVM	BSU_15810	1655446	1655526	81
rpmB	BSU_15820	1655599	1655787	189
yloU	BSU_15830	1656064	1656426	363
yloV	BSU_15840	1656442	1658103	1662
sdaAB	BSU_15850	1658242	1658904	663
sdaAA	BSU_15860	1658930	1659832	903
recG	BSU_15870	1659810	1661858	2049
fapR	BSU_15880	1661967	1662533	567
plsX	BSU_15890	1662547	1663548	1002
fabD	BSU_15900	1663567	1664520	954
fabG	BSU_15910	1664513	1665253	741
acpA	BSU_15920	1665337	1665570	234
rnc	BSU_15930	1665710	1666459	750
smc	BSU_15940	1666560	1670120	3561
ftsY	BSU_15950	1670140	1671129	990
ylqB	BSU_15960	1671166	1671651	486
ylxM	BSU_15970	1671828	1672160	333
ffh	BSU_15980	1672174	1673514	1341
rpsP	BSU_15990	1673620	1673892	273
ylqC	BSU_16000	1673892	1674137	246
ylqD	BSU_16010	1674259	1674645	387
rimM	BSU_16020	1674650	1675174	525
trmD	BSU_16030	1675171	1675902	732
rplS	BSU_16040	1676042	1676389	348
rbgA	BSU_16050	1676532	1677380	849
rnhB	BSU_16060	1677451	1678218	768
ylqG	BSU_16070	1678250	1679980	1731
ylqH	BSU_16080	1679977	1680258	282
sucC	BSU_16090	1680431	1681588	1158
sucD	BSU_16100	1681617	1682519	903
dprA	BSU_16110	1682580	1683473	894
topA	BSU_16120	1683661	1685736	2076
trmFO	BSU_16130	1685812	1687119	1308
codV	BSU_16140	1687187	1688101	915
clpQ	BSU_16150	1688114	1688659	546
clpY	BSU_16160	1688676	1690079	1404
codY	BSU_16170	1690119	1690898	780
flgB	BSU_16180	1691278	1691667	390
flgC	BSU_16190	1691667	1692119	453
fliE	BSU_16200	1692130	1692450	321
fliF	BSU_16210	1692496	1694106	1611
fliG	BSU_16220	1694119	1695135	1017
fliH	BSU_16230	1695254	1695880	627
fliI	BSU_16240	1695877	1697193	1317
fliJ	BSU_16250	1697196	1697639	444
ylxF	BSU_16260	1697651	1698265	615
fliK	BSU_16270	1698278	1699741	1464
flgD	BSU_16280	1699738	1700160	423
flgE	BSU_16290	1700182	1700976	795
swrD	BSU_16299	1701016	1701231	216
fliL	BSU_16300	1701228	1701650	423
fliM	BSU_16310	1701684	1702682	999
fliY	BSU_16320	1702672	1703808	1137
cheY	BSU_16330	1703834	1704196	363
fliZ	BSU_16340	1704211	1704870	660
fliP	BSU_16350	1704863	1705528	666
fliQ	BSU_16360	1705543	1705812	270
fliR	BSU_16370	1705820	1706599	780
flhB	BSU_16380	1706599	1707681	1083
flhA	BSU_16390	1707714	1709747	2034
flhF	BSU_16400	1709747	1710847	1101
flhG	BSU_16410	1710838	1711734	897
cheB	BSU_16420	1711736	1712809	1074
cheA	BSU_16430	1712815	1714833	2019
cheW	BSU_16440	1714855	1715325	471
cheC	BSU_16450	1715344	1715973	630
cheD	BSU_16460	1715970	1716470	501
sigD	BSU_16470	1716493	1717257	765
swrB	BSU_16480	1717286	1717789	504
rpsB	BSU_16490	1717933	1718673	741
tsf	BSU_16500	1718775	1719656	882
pyrH	BSU_16510	1719802	1720524	723
frr	BSU_16520	1720526	1721083	558
uppS	BSU_16530	1721214	1721996	783
cdsA	BSU_16540	1722000	1722809	810
dxr	BSU_16550	1722871	1724022	1152
rasP	BSU_16560	1724029	1725297	1269
proS	BSU_16570	1725330	1727024	1695
polC	BSU_16580	1727133	1731446	4314
rimP	BSU_16590	1731776	1732246	471
nusA	BSU_16600	1732281	1733396	1116
rulR	BSU_16610	1733410	1733685	276
rulQ	BSU_16620	1733687	1733989	303
infB	BSU_16630	1734009	1736159	2151
rbfA	BSU_16650	1736451	1736804	354
truB	BSU_16660	1736886	1737815	930
ribC	BSU_16670	1737834	1738784	951
rpsO	BSU_16680	1738941	1739210	270
pnpA	BSU_16690	1739383	1741500	2118
ylxY	BSU_16700	1741618	1742577	960
mlpA	BSU_16710	1742617	1743846	1230
ymxH	BSU_16720	1743924	1744181	258
spoVFA	BSU_16730	1744367	1745260	894
spoVFB	BSU_16740	1745263	1745865	603
asd	BSU_16750	1745991	1747031	1041
dapG	BSU_16760	1747123	1748337	1215
dapA	BSU_16770	1748368	1749240	873
rnjB	BSU_16780	1749418	1751085	1668
tepA	BSU_16790	1751201	1751938	738
tepJ	BSU_16799	1751935	1752147	213
spoIIIE	BSU_16800	1752278	1754641	2364
ymfC	BSU_16810	1754785	1755510	726
bcbE	BSU_16825	1755649	1756857	1209
ymfF	BSU_16845	1757037	1758317	1281
ymfH	BSU_16860	1758314	1759600	1287
efpI	BSU_16870	1759655	1760383	729
ymfJ	BSU_16880	1760464	1760721	258
rodZ	BSU_16910	1761707	1762573	867
pgsA	BSU_16920	1762623	1763204	582
cinA	BSU_16930	1763222	1764472	1251
recA	BSU_16940	1764645	1765691	1047
pbpX	BSU_16950	1765859	1767034	1176
rny	BSU_16960	1767310	1768872	1563
pdeB	BSU_16970	1768941	1769735	795
spoVS	BSU_16980	1769935	1770195	261
tdh	BSU_16990	1770461	1771504	1044
kbl	BSU_17000	1771517	1772695	1179
miaB	BSU_17010	1772843	1774372	1530
ricA	BSU_17020	1774374	1774805	432
cotE	BSU_17030	1775067	1775612	546
mutS	BSU_17040	1775745	1778321	2577
mutL	BSU_17050	1778337	1780220	1884
ymzD	BSU_17060	1780618	1781073	456
ymcC	BSU_17070	1781228	1781785	558
pksA	BSU_17080	1781906	1782523	618
pksB	BSU_17090	1782713	1783390	678
pksC	BSU_17100	1783763	1784629	867
pksD	BSU_17110	1785133	1786107	975
pksE	BSU_17120	1786104	1788407	2304
acpK	BSU_17130	1788469	1788717	249
pksF	BSU_17140	1788695	1789942	1248
pksG	BSU_17150	1789943	1791205	1263
pksH	BSU_17160	1791193	1791972	780
pksI	BSU_17170	1792012	1792761	750
pksJ	BSU_17180	1792806	1807937	15132
pksL	BSU_17190	1807921	1821537	13617
pksM	BSU_17200	1821553	1834341	12789
pksN	BSU_17210	1834409	1850875	16467
pksR	BSU_17220	1850890	1858521	7632
pksS	BSU_17230	1858566	1859783	1218
ymzB	BSU_17240	1860014	1860370	357
ymaE	BSU_17250	1860449	1861273	825
aprX	BSU_17260	1861384	1862712	1329
pghC	BSU_17270	1863448	1864155	708
ymaD	BSU_17280	1864225	1864677	453
ebrB	BSU_17290	1864691	1865044	354
ebrA	BSU_17300	1865058	1865375	318
ymaG	BSU_17310	1865512	1865787	276
ymaF	BSU_17320	1865876	1866289	414
miaA	BSU_17330	1866389	1867333	945
hfq	BSU_17340	1867373	1867594	222
ymzC	BSU_17350	1867790	1868062	273
ymzA	BSU_17360	1868144	1868374	231
nrdI	BSU_17370	1868617	1869009	393
nrdE	BSU_17380	1868969	1871071	2103
nrdF	BSU_17390	1871089	1872078	990
ymaB	BSU_17400	1872128	1872748	621
cwlC	BSU_17410	1872812	1873579	768
spoVK	BSU_17420	1874203	1875171	969
hflX	BSU_17430	1875304	1876566	1263
ynbB	BSU_17440	1876584	1877849	1266
glnR	BSU_17450	1877959	1878366	408
glnA	BSU_17460	1878425	1879759	1335
ynxB	BSU_17470	1880087	1880377	291
ynzF	BSU_17480	1880623	1880967	345
ynzG	BSU_17490	1881098	1881349	252
ynaB	BSU_17500	1881536	1881970	435
ynaC	BSU_17510	1882040	1882831	792
ynaD	BSU_17520	1883166	1883678	513
ynaE	BSU_17530	1884238	1884879	642
ynaF	BSU_17540	1884968	1885321	354
ynaG	BSU_17550	1885365	1885640	276
ynzI	BSU_17559	1885753	1885917	165
ynaI	BSU_17560	1886057	1886527	471
xynP	BSU_17570	1887352	1888743	1392
xynB	BSU_17580	1888774	1890375	1602
xylR	BSU_17590	1890512	1891666	1155
xylA	BSU_17600	1891908	1893245	1338
xylB	BSU_17610	1893396	1894895	1500
yncB	BSU_17620	1895378	1896013	636
yncC	BSU_17630	1896424	1897839	1416
alrB	BSU_17640	1897941	1899125	1185
yncE	BSU_17650	1899589	1900050	462
dutA	BSU_17660	1900080	1900514	435
cotU	BSU_17670	1901117	1901377	261
thyA	BSU_17680	1902219	1903058	840
yncM	BSU_17690	1903511	1904233	723
ynzK	BSU_17699	1904393	1904749	357
cotC	BSU_17700	1904995	1905195	201
tatAC	BSU_17710	1905370	1905558	189
yndA	BSU_17720	1905809	1906207	399
flvS	BSU_17730	1906272	1906706	435
ynzB	BSU_17740	1907013	1907201	189
yndD	BSU_17750	1907494	1909056	1563
yndE	BSU_17760	1909086	1910177	1092
yndF	BSU_17770	1910167	1911381	1215
yndG	BSU_17780	1911528	1912334	807
yndH	BSU_17790	1912339	1912956	618
yndJ	BSU_17800	1912953	1914593	1641
yndK	BSU_17810	1914630	1914995	366
pghL	BSU_17820	1915221	1915979	759
yndM	BSU_17830	1916006	1916545	540
fosB	BSU_17840	1916663	1917097	435
yzzP	BSU_17845	1916955	1917302	348
lexA	BSU_17850	1917639	1918256	618
dinK	BSU_17860	1918406	1918723	318
dinL	BSU_17870	1918742	1919395	654
ynzC	BSU_17880	1919459	1919692	234
tktA	BSU_17890	1919861	1921864	2004
pcfA	BSU_17900	1922017	1922463	447
yneF	BSU_17910	1922549	1922767	219
spo0D	BSU_17920	1922841	1923014	174
ccdA	BSU_17930	1923234	1923941	708
yneI	BSU_17940	1924030	1924392	363
yneJ	BSU_17950	1924471	1924962	492
yneK	BSU_17960	1924993	1925421	429
cotM	BSU_17970	1925655	1926047	393
sspP	BSU_17980	1926128	1926274	147
sspO	BSU_17990	1926306	1926452	147
citB	BSU_18000	1926680	1929409	2730
yneN	BSU_18010	1929481	1929993	513
ynzL	BSU_18019	1930074	1930199	126
sspN	BSU_18020	1930264	1930410	147
sspT	BSU_18030	1930447	1930698	252
yneP	BSU_18040	1930834	1931199	366
yneQ	BSU_18050	1931215	1931514	300
yneR	BSU_18060	1931545	1931832	288
plsY	BSU_18070	1931920	1932501	582
yneT	BSU_18080	1932671	1933078	408
parE	BSU_18090	1933477	1935444	1968
parC	BSU_18100	1935448	1937868	2421
alsT	BSU_18120	1938925	1940322	1398
eglS	BSU_18130	1940625	1942124	1500
ynfE	BSU_18140	1942192	1942455	264
xynC	BSU_18150	1942714	1943982	1269
xynD	BSU_18160	1944113	1945654	1542
yngA	BSU_18170	1946249	1946695	447
yngB	BSU_18180	1946702	1947595	894
yngC	BSU_18190	1947668	1948264	597
nrnB	BSU_18200	1948313	1949512	1200
ldeE	BSU_18210	1949682	1951217	1536
ldeF	BSU_18220	1951228	1952010	783
ldeG	BSU_18230	1952031	1952930	900
lgeHB	BSU_18239	1952945	1953166	222
ldeHA	BSU_18240	1953181	1954515	1335
ldeI	BSU_18250	1954525	1956174	1650
ldeJ	BSU_18260	1956218	1957360	1143
ynzE	BSU_18270	1957451	1957756	306
yngK	BSU_18280	1958027	1959559	1533
yngL	BSU_18290	1959695	1960087	393
ppsE	BSU_18300	1960198	1964037	3840
ppsD	BSU_18310	1964045	1974856	10812
ppsC	BSU_18320	1974881	1982548	7668
ppsB	BSU_18330	1982565	1990247	7683
ppsA	BSU_18340	1990272	1997957	7686
dacC	BSU_18350	1998340	1999815	1476
galM	BSU_18360	1999849	2000826	978
yoeA	BSU_18370	2000960	2002351	1392
iseA	BSU_18380	2002637	2003182	546
yoeC	BSU_18390	2003401	2003946	546
yoeD	BSU_18400	2004262	2004492	231
ggt	BSU_18410	2004677	2006440	1764
ftsR	BSU_18420	2006541	2007398	858
yogA	BSU_18430	2007526	2008515	990
gltB	BSU_18440	2008572	2010053	1482
gltA	BSU_18450	2010070	2014632	4563
gltC	BSU_18460	2014779	2015681	903
proJ	BSU_18470	2015733	2016848	1116
proH	BSU_18480	2016845	2017738	894
rtp	BSU_18490	2017886	2018254	369
yoxD	BSU_18500	2018554	2019270	717
yoxC	BSU_18510	2019421	2019726	306
yoxB	BSU_18520	2019797	2020567	771
yoaA	BSU_18530	2020611	2021144	534
yoaB	BSU_18540	2021223	2022467	1245
yoaC	BSU_18550	2022561	2024024	1464
yoaD	BSU_18560	2024042	2025076	1035
yoaE	BSU_18570	2025400	2027442	2043
yoaF	BSU_18580	2027509	2027802	294
yoaG	BSU_18590	2028175	2028579	405
yozQ	BSU_18600	2029020	2029313	294
yoaH	BSU_18610	2029429	2031114	1686
yoaI	BSU_18620	2031439	2032890	1452
exlX	BSU_18630	2032927	2033625	699
yoaK	BSU_18640	2033895	2034572	678
pelB	BSU_18650	2034745	2035782	1038
yoaM	BSU_18660	2036039	2036722	684
yozS	BSU_18669	2037063	2037368	306
oxdD	BSU_18670	2037601	2038779	1179
yoaO	BSU_18680	2038902	2039390	489
yoaP	BSU_18690	2039610	2040365	756
yoaQ	BSU_18700	2040673	2041029	357
yozT	BSU_18709	2040988	2041227	240
yozF	BSU_18710	2041330	2041827	498
yoaR	BSU_18720	2041928	2042839	912
yoaS	BSU_18730	2043186	2043668	483
yozG	BSU_18740	2043678	2043932	255
yoaT	BSU_18750	2044038	2044832	795
yoaU	BSU_18760	2044956	2045828	873
yoaV	BSU_18770	2045929	2046807	879
yoaW	BSU_18780	2046980	2047411	432
yoaZ	BSU_18790	2047675	2048307	633
penP	BSU_18800	2048533	2049453	921
yobA	BSU_18810	2049950	2050312	363
yobB	BSU_18820	2050689	2050952	264
yppS	BSU_18830	2051329	2053929	2601
xynA	BSU_18840	2054599	2055240	642
yozV	BSU_18849	2055868	2056107	240
yobD	BSU_18850	2056278	2056616	339
yozH	BSU_18860	2056650	2057006	357
yozI	BSU_18870	2057214	2057579	366
yobE	BSU_18880	2057801	2058460	660
yobF	BSU_18890	2058715	2059638	924
yozW	BSU_18898	2059691	2059864	174
yozX	BSU_18899	2060009	2060233	225
yozJ	BSU_18900	2060237	2060692	456
yozY	BSU_18908	2060817	2061077	261
rapK	BSU_18910	2062150	2063265	1116
phrK	BSU_18920	2063262	2063384	123
yozL	BSU_18950	2064540	2064833	294
yozM	BSU_18960	2065042	2065377	336
yobI	BSU_18970	2065424	2069029	3606
bsrE	BSU_18978	2069883	2069975	93
yobJ	BSU_18980	2070244	2071086	843
rttM	BSU_18990	2071286	2071744	459
rttL	BSU_19000	2071754	2073556	1803
yobM	BSU_19010	2073658	2074215	558
yobN	BSU_19020	2074343	2075779	1437
yobO	BSU_19030	2076206	2078626	2421
csaA	BSU_19040	2079214	2079546	333
yobQ	BSU_19050	2079611	2080336	726
yobR	BSU_19060	2080351	2081094	744
yobS	BSU_19070	2081172	2081747	576
yobT	BSU_19080	2081753	2082454	702
yobU	BSU_19090	2082531	2083013	483
yobV	BSU_19100	2083067	2084008	942
yobW	BSU_19110	2084214	2084759	546
czrA	BSU_19120	2084786	2085109	324
yocA	BSU_19130	2085303	2085980	678
yozB	BSU_19140	2086070	2086606	537
yocB	BSU_19150	2086743	2087525	783
yocC	BSU_19160	2087696	2088193	498
yocD	BSU_19170	2088257	2089234	978
desE	BSU_19180	2089396	2090454	1059
desK	BSU_19190	2090574	2091686	1113
desR	BSU_19200	2091705	2092304	600
walL	BSU_19210	2092899	2093762	864
recQ	BSU_19220	2094010	2095785	1776
azoJ	BSU_19230	2096350	2096976	627
yocK	BSU_19240	2097126	2097617	492
yocL	BSU_19250	2097692	2098024	333
yoyB	BSU_19259	2098102	2098329	228
yocM	BSU_19260	2098316	2098792	477
yozN	BSU_19270	2098859	2099122	264
yocN	BSU_19280	2099127	2099360	234
yozO	BSU_19290	2099446	2099790	345
yozC	BSU_19300	2100147	2100350	204
dhaS	BSU_19310	2100580	2102067	1488
sqhC	BSU_19320	2102168	2104066	1899
sodF	BSU_19330	2104056	2104901	846
yocR	BSU_19340	2104934	2106271	1338
yocS	BSU_19350	2106490	2107455	966
odhB	BSU_19360	2107505	2108758	1254
odhA	BSU_19370	2108774	2111608	2835
yojO	BSU_19380	2111837	2113753	1917
yojN	BSU_19390	2113764	2114678	915
sodC	BSU_19400	2114742	2115332	591
cwlS	BSU_19410	2115425	2116669	1245
yojK	BSU_19420	2117051	2118268	1218
cdaS	BSU_19430	2118504	2119127	624
mdtK	BSU_19440	2119393	2120751	1359
rsbRC	BSU_19450	2120767	2121615	849
bshBB	BSU_19460	2121641	2122306	666
yojF	BSU_19470	2122325	2122675	351
yoyC	BSU_19479	2122672	2122950	279
yojE	BSU_19480	2123026	2123922	897
gerT	BSU_19490	2124021	2124494	474
yojB	BSU_19510	2124529	2124765	237
yojA	BSU_19520	2124850	2126184	1335
yodA	BSU_19530	2126549	2126938	390
arxR	BSU_19540	2127345	2127683	339
noxC	BSU_19550	2127813	2128421	609
yodD	BSU_19560	2128464	2129066	603
yodE	BSU_19570	2129082	2129993	912
yoyD	BSU_19579	2130177	2130377	201
yodF	BSU_19580	2130377	2131867	1491
ctpA	BSU_19590	2131902	2133302	1401
yodH	BSU_19600	2133455	2134156	702
yodI	BSU_19610	2134244	2134495	252
ldcB	BSU_19620	2134566	2135387	822
deoD	BSU_19630	2135470	2136171	702
yoyE	BSU_19639	2136373	2136498	126
yodL	BSU_19640	2136538	2136852	315
pgpB	BSU_19650	2136913	2137524	612
yozD	BSU_19660	2137602	2137778	177
yoyF	BSU_19669	2137897	2138040	144
yodN	BSU_19670	2138037	2138717	681
yozE	BSU_19680	2138868	2139092	225
yokU	BSU_19689	2139179	2139457	279
kamA	BSU_19690	2139454	2140869	1416
kamB	BSU_19700	2140898	2141725	828
yodQ	BSU_19710	2141703	2143013	1311
yodR	BSU_19720	2143022	2143675	654
yodS	BSU_19730	2143660	2144349	690
yodT	BSU_19740	2144356	2145690	1335
yoyG	BSU_19749	2145820	2146053	234
cgeE	BSU_19750	2146013	2146792	780
cgeD	BSU_19760	2146821	2148101	1281
cgeC	BSU_19770	2148166	2148471	306
cgeA	BSU_19780	2148676	2149077	402
cgeB	BSU_19790	2149084	2150037	954
phyC	BSU_19800	2150108	2151256	1149
sprB	BSU_19820	2152086	2152262	177
yotM	BSU_19830	2152265	2152852	588
yotL	BSU_19840	2152927	2153169	243
yotK	BSU_19850	2153171	2153356	186
yotJ	BSU_19860	2153440	2153652	213
yotI	BSU_19870	2153718	2154080	363
yotH	BSU_19880	2154077	2154250	174
yotG	BSU_19890	2154266	2154583	318
yotF	BSU_19900	2154596	2154673	78
yotE	BSU_19910	2154705	2154851	147
yotD	BSU_19920	2154887	2155018	132
yotC	BSU_19930	2155058	2155249	192
yotB	BSU_19940	2155293	2156120	828
sspC	BSU_19950	2156239	2156457	219
yosX	BSU_19970	2156757	2157110	354
yosW	BSU_19980	2157341	2157682	342
yosV	BSU_19990	2157829	2158119	291
yojW	BSU_19999	2158120	2158287	168
yosU	BSU_20000	2158439	2158684	246
yosT	BSU_20010	2158724	2159173	450
dutB	BSU_20020	2159268	2159696	429
nrdFB	BSU_20040	2161197	2161778	582
yosQ	BSU_20050	2160565	2161086	522
nrdEB	BSU_20060	2164895	2165614	720
nrdIB	BSU_20070	2165577	2165972	396
yosL	BSU_20080	2165972	2166325	354
yosK	BSU_20090	2166413	2166613	201
yosJ	BSU_20100	2166658	2166852	195
yosI	BSU_20110	2166873	2167007	135
yosH	BSU_20120	2167039	2167509	471
yosG	BSU_20130	2167570	2167932	363
yosF	BSU_20140	2167975	2168100	126
yosE	BSU_20150	2168114	2168461	348
yosD	BSU_20160	2168476	2168871	396
yosC	BSU_20170	2168910	2169452	543
yosB	BSU_20180	2169497	2169676	180
yosA	BSU_20190	2169807	2169926	120
yorZ	BSU_20200	2170030	2170242	213
yorY	BSU_20210	2170309	2170491	183
yorX	BSU_20220	2170504	2170731	228
yorW	BSU_20230	2170771	2171136	366
yorV	BSU_20240	2171139	2171357	219
mtbP	BSU_20250	2171401	2172732	1332
yorT	BSU_20260	2172781	2172900	120
yorS	BSU_20270	2172932	2173450	519
yorR	BSU_20280	2173459	2173956	498
yorQ	BSU_20290	2173956	2174111	156
yorP	BSU_20300	2174104	2174319	216
yorO	BSU_20310	2174352	2174549	198
yorN	BSU_20320	2174585	2174734	150
yorM	BSU_20330	2174852	2175568	717
dpoL	BSU_20340	2175596	2179513	3918
yorK	BSU_20350	2179526	2181256	1731
yorJ	BSU_20360	2181256	2182392	1137
yorI	BSU_20370	2182408	2183922	1515
yorH	BSU_20380	2183937	2184407	471
yorG	BSU_20390	2184450	2185421	972
yorF	BSU_20400	2185504	2186418	915
yorE	BSU_20410	2186440	2186811	372
yorD	BSU_20420	2186985	2187299	315
yorC	BSU_20430	2187376	2187756	381
yorB	BSU_20440	2187819	2188115	297
yorA	BSU_20450	2188204	2189964	1761
pghZ	BSU_20460	2189961	2190785	825
yoqY	BSU_20470	2190884	2191279	396
yoqX	BSU_20480	2191334	2191555	222
yoqW	BSU_20490	2191626	2192300	675
yoqV	BSU_20500	2192370	2193182	813
yoqU	BSU_20510	2193248	2193661	414
yoqT	BSU_20520	2193827	2193976	150
yoqS	BSU_20530	2194053	2194400	348
yoqR	BSU_20540	2194402	2194758	357
yoqP	BSU_20550	2194718	2195059	342
yoqO	BSU_20560	2195173	2195547	375
yoqN	BSU_20570	2195564	2195782	219
yoqM	BSU_20580	2195986	2196264	279
yoqL	BSU_20590	2196389	2197081	693
yoqK	BSU_20600	2197121	2197324	204
yoqJ	BSU_20610	2197344	2197859	516
yoqI	BSU_20620	2198070	2198264	195
yoqH	BSU_20630	2198313	2198765	453
yoqG	BSU_20640	2198848	2199105	258
yoqF	BSU_20650	2199150	2199353	204
yoqE	BSU_20660	2199362	2199526	165
yoqD	BSU_20670	2199580	2200335	756
yoqC	BSU_20680	2200376	2200783	408
yoqB	BSU_20690	2200790	2201128	339
yoqA	BSU_20700	2201125	2201475	351
yopZ	BSU_20710	2201488	2201691	204
yopY	BSU_20720	2201705	2201983	279
yopX	BSU_20730	2201980	2202384	405
yopW	BSU_20740	2202381	2202716	336
yopV	BSU_20750	2202805	2202999	195
yopU	BSU_20760	2203111	2203308	198
yopT	BSU_20770	2203378	2203596	219
yopS	BSU_20780	2203779	2204003	225
yopR	BSU_20790	2204192	2205169	978
yopQ	BSU_20800	2205193	2206575	1383
yopP	BSU_20810	2206682	2207758	1077
yopO	BSU_20820	2207748	2207960	213
yopN	BSU_20830	2208008	2208325	318
yopM	BSU_20840	2208328	2208528	201
aimP	BSU_20850	2208855	2208980	126
aimR	BSU_20860	2208994	2210154	1161
yopJ	BSU_20870	2210331	2210747	417
yopI	BSU_20880	2210749	2211282	534
sieB	BSU_20890	2211309	2211845	537
yopG	BSU_20900	2211884	2212015	132
yopF	BSU_20910	2212026	2212241	216
yopE	BSU_20920	2212245	2212496	252
yoyH	BSU_20928	2212567	2212746	180
yoyI	BSU_20929	2212848	2213078	231
yopD	BSU_20930	2213083	2213478	396
yopC	BSU_20940	2213536	2214864	1329
yopB	BSU_20950	2214972	2215199	228
yopA	BSU_20960	2215460	2216776	1317
yonX	BSU_20970	2217133	2217639	507
yonV	BSU_20980	2217967	2219199	1233
yonU	BSU_20990	2219281	2219469	189
yoyJ	BSU_20999	2219514	2219765	252
spbT	BSU_21000	2219784	2219960	177
yonS	BSU_21010	2220335	2220946	612
yonR	BSU_21020	2221061	2221387	327
yonP	BSU_21030	2222340	2222534	195
yonO	BSU_21040	2222574	2225093	2520
hupN	BSU_21050	2225337	2225615	279
yonK	BSU_21060	2227297	2227488	192
yonJ	BSU_21070	2227505	2228722	1218
yonI	BSU_21080	2228756	2229166	411
yonH	BSU_21090	2229385	2229885	501
yonG	BSU_21100	2229988	2230908	921
yonF	BSU_21110	2230895	2232664	1770
yonE	BSU_21120	2232682	2234202	1521
yonD	BSU_21130	2234233	2235669	1437
yonC	BSU_21140	2235694	2236230	537
yonB	BSU_21150	2236269	2237285	1017
yonA	BSU_21160	2237321	2237791	471
yomZ	BSU_21170	2237806	2238201	396
yomY	BSU_21180	2238198	2238452	255
yomX	BSU_21190	2238436	2239086	651
yomW	BSU_21200	2239083	2239589	507
yomV	BSU_21210	2239586	2240296	711
yomU	BSU_21220	2240339	2241136	798
youA	BSU_21229	2241154	2241765	612
yomT	BSU_21230	2241765	2241992	228
yomS	BSU_21240	2242056	2242412	357
yomR	BSU_21250	2242414	2243631	1218
yomQ	BSU_21260	2243642	2243992	351
yomP	BSU_21270	2243989	2244180	192
yomO	BSU_21280	2244230	2244730	501
yomN	BSU_21290	2244714	2245133	420
yomM	BSU_21300	2245147	2246148	1002
yozP	BSU_21310	2246151	2246480	330
yomL	BSU_21320	2246656	2247342	687
youB	BSU_21329	2247367	2247543	177
yomK	BSU_21330	2247889	2248335	447
yomJ	BSU_21340	2248417	2249100	684
cwlP	BSU_21350	2249154	2256011	6858
yomH	BSU_21360	2256062	2256820	759
yomG	BSU_21370	2256832	2259459	2628
yomF	BSU_21380	2259475	2260296	822
yomE	BSU_21390	2260333	2262267	1935
yomD	BSU_21400	2262437	2263261	825
blyA	BSU_21410	2263489	2264592	1104
bhlA	BSU_21420	2264680	2264892	213
bhlB	BSU_21430	2264903	2265169	267
bdbB	BSU_21440	2265225	2265671	447
sunS	BSU_21450	2265668	2266936	1269
bdbA	BSU_21460	2266936	2267349	414
sunT	BSU_21470	2267346	2269463	2118
sunA	BSU_21480	2269521	2269691	171
sunI	BSU_21490	2269988	2270305	318
uvrX	BSU_21500	2270407	2271657	1251
yolD	BSU_21510	2271650	2271982	333
yolC	BSU_21520	2272156	2272491	336
yolB	BSU_21530	2272534	2272890	357
yolA	BSU_21540	2272896	2273363	468
bsrG	BSU_21546	2273594	2273710	117
yokL	BSU_21550	2273989	2274522	534
yokK	BSU_21560	2274558	2275136	579
yokJ	BSU_21570	2275200	2275697	498
yokI	BSU_21580	2275706	2277421	1716
yokH	BSU_21590	2277521	2278078	558
yokG	BSU_21600	2278602	2279675	1074
nukF	BSU_21610	2279977	2280867	891
yokE	BSU_21620	2280881	2281363	483
aacD	BSU_21630	2281667	2282485	819
yokC	BSU_21640	2283136	2283651	516
yokB	BSU_21650	2283858	2284568	711
sprA	BSU_21660	2284771	2286408	1638
msrB	BSU_21680	2287097	2287528	432
msrA	BSU_21690	2287529	2288062	534
ypoP	BSU_21700	2288194	2288619	426
dinF	BSU_21710	2288669	2290006	1338
ypmT	BSU_21720	2290078	2290272	195
ypmS	BSU_21730	2290285	2290848	564
ypmR	BSU_21740	2290858	2291625	768
scuA	BSU_21750	2291703	2292284	582
ypmP	BSU_21760	2292432	2292683	252
ilvA	BSU_21770	2292769	2294037	1269
silP	BSU_21780	2294286	2295281	996
yplQ	BSU_21790	2295302	2295943	642
ypkP	BSU_21800	2295982	2296602	621
dfrA	BSU_21810	2296603	2297109	507
thyB	BSU_21820	2297106	2297900	795
ypjQ	BSU_21830	2297984	2298517	534
ypjP	BSU_21840	2298535	2299146	612
rsmJ	BSU_21850	2299406	2300179	774
brxA	BSU_21860	2300221	2300655	435
ilvD	BSU_21870	2300762	2302438	1677
ypgR	BSU_21880	2302727	2303860	1134
hdhQ	BSU_21890	2303920	2304537	618
bsaA	BSU_21900	2304553	2305035	483
metAA	BSU_21910	2305378	2306283	906
ugtP	BSU_21920	2306514	2307662	1149
cspD	BSU_21930	2307905	2308105	201
degR	BSU_21940	2308157	2308339	183
ypzA	BSU_21950	2308495	2308764	270
ypeQ	BSU_21960	2308792	2308974	183
ypeP	BSU_21970	2308967	2309647	681
queP	BSU_21980	2309730	2310419	690
ypdQ	BSU_21990	2310419	2310817	399
sspL	BSU_22000	2310859	2310987	129
exnP	BSU_22010	2310995	2311885	891
ypzF	BSU_22019	2311986	2312132	147
ypbS	BSU_22020	2312207	2312464	258
dynA	BSU_22030	2312529	2316110	3582
fbpC	BSU_22036	2316286	2316375	90
bpsB	BSU_22040	2316446	2316952	507
bpsA	BSU_22050	2316956	2318053	1098
pbuX	BSU_22060	2318127	2319443	1317
xpt	BSU_22070	2319440	2320024	585
ypwA	BSU_22080	2320355	2321860	1506
kdgT	BSU_22090	2321972	2322964	993
kdgA	BSU_22100	2323009	2323599	591
kdgK	BSU_22110	2323601	2324575	975
kdgR	BSU_22120	2324613	2325632	1020
kduI	BSU_22130	2325854	2326681	828
kduD	BSU_22140	2326683	2327447	765
ypvA	BSU_22150	2327488	2329413	1926
yptA	BSU_22160	2329515	2329706	192
ypzG	BSU_22169	2329870	2330022	153
rlmKB	BSU_22170	2330075	2331232	1158
gpsB	BSU_22180	2331779	2332075	297
ypsA	BSU_22190	2332153	2332782	630
cotD	BSU_22200	2332784	2333011	228
yprB	BSU_22210	2333324	2334565	1242
yprA	BSU_22220	2334581	2336830	2250
ypqE	BSU_22230	2336933	2337439	507
ypqA	BSU_22240	2337577	2337996	420
yppG	BSU_22250	2338017	2338394	378
yppF	BSU_22260	2338582	2338770	189
yppE	BSU_22270	2338809	2339180	372
yppD	BSU_22280	2339226	2339471	246
sspM	BSU_22290	2339670	2339774	105
yppC	BSU_22300	2339799	2340761	963
recU	BSU_22310	2340802	2341422	621
ponA	BSU_22320	2341444	2344188	2745
ypoC	BSU_22330	2344264	2344758	495
nth	BSU_22340	2344755	2345414	660
dnaD	BSU_22350	2345433	2346131	699
asnS	BSU_22360	2346224	2347516	1293
aspB	BSU_22370	2347660	2348841	1182
tseB	BSU_22380	2348864	2349349	486
ypmA	BSU_22390	2349358	2349528	171
dinG	BSU_22400	2349671	2352466	2796
panD	BSU_22410	2352592	2352975	384
panC	BSU_22420	2352977	2353837	861
panB	BSU_22430	2353839	2354672	834
birA	BSU_22440	2354918	2355895	978
cca	BSU_22450	2355880	2357073	1194
bshA	BSU_22460	2357078	2358211	1134
bshBA	BSU_22470	2358208	2358918	711
mgsA	BSU_22480	2358911	2359324	414
dapB	BSU_22490	2359340	2360143	804
ypjD	BSU_22500	2360155	2360490	336
ypjC	BSU_22510	2360630	2361502	873
ypjB	BSU_22520	2361544	2362338	795
ypjA	BSU_22530	2362407	2362964	558
qcrC	BSU_22540	2363111	2363878	768
qcrB	BSU_22550	2363913	2364587	675
qcrA	BSU_22560	2364589	2365092	504
ypiF	BSU_22570	2365235	2365681	447
ypiB	BSU_22580	2365736	2366275	540
ypiA	BSU_22590	2366347	2367618	1272
aroA	BSU_22600	2367954	2369240	1287
tyrA	BSU_22610	2369251	2370366	1116
hisC	BSU_22620	2370415	2371497	1083
trpA	BSU_22630	2371508	2372311	804
trpB	BSU_22640	2372304	2373506	1203
trpF	BSU_22650	2373487	2374134	648
trpD	BSU_22670	2374881	2375897	1017
trpE	BSU_22680	2375869	2377416	1548
aroH	BSU_22690	2377632	2378015	384
aroB	BSU_22700	2378012	2379100	1089
aroF	BSU_22710	2379100	2380272	1173
cheR	BSU_22720	2380347	2381117	771
ndk	BSU_22730	2381354	2381803	450
hepT	BSU_22740	2381919	2382965	1047
menG	BSU_22750	2382907	2383608	702
hepS	BSU_22760	2383615	2384370	756
mtrB	BSU_22770	2384534	2384761	228
folEA	BSU_22780	2384783	2385355	573
hbs	BSU_22790	2385543	2385821	279
spoIVA	BSU_22800	2386195	2387673	1479
yphF	BSU_22810	2387854	2388588	735
yphE	BSU_22820	2388610	2388813	204
gpsA	BSU_22830	2389151	2390188	1038
der	BSU_22840	2390206	2391516	1311
ypzH	BSU_22849	2391670	2391864	195
yphB	BSU_22850	2391861	2392754	894
yphA	BSU_22860	2392751	2393350	600
ypzI	BSU_22869	2393428	2393559	132
fni	BSU_22870	2393602	2394651	1050
rpfA	BSU_22880	2394664	2395812	1149
cmk	BSU_22890	2396045	2396719	675
ypfB	BSU_22900	2396798	2396974	177
dgrA	BSU_22910	2397019	2397672	654
sleC	BSU_22920	2397765	2399117	1353
sleB	BSU_22930	2399152	2400069	918
prsW	BSU_22940	2400208	2400864	657
ypdA	BSU_22950	2400984	2401958	975
gudB	BSU_22960	2402067	2403350	1284
mecB	BSU_22970	2403506	2404090	585
ypbG	BSU_22980	2404249	2405028	780
ypbF	BSU_22990	2405114	2405557	444
ypbE	BSU_23000	2405620	2406342	723
ypbD	BSU_23010	2406293	2406862	570
recS	BSU_23020	2406922	2408412	1491
gmmB	BSU_23030	2408405	2409463	1059
fer	BSU_23040	2409729	2409977	249
fmnP	BSU_23050	2410017	2410589	573
serA	BSU_23070	2411086	2412663	1578
aroC	BSU_23080	2412706	2413473	768
rsiX	BSU_23090	2413585	2414691	1107
sigX	BSU_23100	2414627	2415211	585
resE	BSU_23110	2415415	2417184	1770
resD	BSU_23120	2417181	2417903	723
resC	BSU_23130	2417984	2419159	1176
resB	BSU_23140	2419179	2420807	1629
resA	BSU_23150	2420804	2421343	540
rluB	BSU_23160	2421438	2422172	735
spmB	BSU_23170	2422264	2422800	537
spmA	BSU_23180	2422805	2423395	591
dacB	BSU_23190	2423383	2424531	1149
ypuI	BSU_23200	2424654	2425193	540
spcB	BSU_23210	2425248	2425841	594
scpA	BSU_23220	2425831	2426586	756
ypuF	BSU_23230	2426867	2427391	525
ypzK	BSU_23240	2427405	2427779	375
ribH	BSU_23250	2427892	2428356	465
ribBA	BSU_23260	2428389	2429585	1197
ribE	BSU_23270	2429600	2430247	648
ribD	BSU_23280	2430258	2431343	1086
ypuD	BSU_23300	2431737	2432081	345
sipS	BSU_23310	2432316	2432870	555
ypzC	BSU_23320	2433137	2433373	237
ypzJ	BSU_23328	2433316	2433522	207
ypuB	BSU_23340	2434143	2434346	204
ypzD	BSU_23350	2435012	2435224	213
ppiB	BSU_23360	2435360	2435791	432
ypuA	BSU_23370	2436045	2436917	873
lysA	BSU_23380	2436947	2438266	1320
spoVAF	BSU_23390	2438372	2439853	1482
spoVAEA	BSU_23401	2439804	2440415	612
spoVAEB	BSU_23402	2440423	2440773	351
spoVAD	BSU_23410	2440775	2441791	1017
spoVAC	BSU_23420	2441804	2442256	453
spoVAB	BSU_23430	2442269	2442694	426
spoVAA	BSU_23440	2442684	2443304	621
sigF	BSU_23450	2443429	2444196	768
spoIIAB	BSU_23460	2444208	2444648	441
spoIIAA	BSU_23470	2444645	2444998	354
dacF	BSU_23480	2445094	2446263	1170
pupG	BSU_23490	2446418	2447233	816
deoB	BSU_23500	2447246	2448430	1185
ripX	BSU_23510	2448591	2449481	891
yqzK	BSU_23519	2449489	2449716	228
fur	BSU_23520	2449841	2450290	450
spoIIM	BSU_23530	2450403	2451047	645
yqkK	BSU_23540	2451148	2451363	216
mleA	BSU_23550	2451463	2452782	1320
mleN	BSU_23560	2452800	2454206	1407
ansB	BSU_23570	2454347	2455774	1428
ansA	BSU_23580	2455819	2456808	990
ansR	BSU_23590	2456990	2457340	351
yqxK	BSU_23600	2457349	2458512	1164
nudF	BSU_23610	2458509	2459066	558
mciZ	BSU_23616	2459141	2459263	123
yqkF	BSU_23620	2459326	2460246	921
yqkE	BSU_23630	2460278	2460502	225
yqkD	BSU_23640	2460664	2461581	918
yqkC	BSU_23650	2461621	2461860	240
yqkB	BSU_23660	2461873	2462196	324
yqkA	BSU_23670	2462193	2463224	1032
yqjZ	BSU_23680	2463217	2463561	345
yqjY	BSU_23690	2463571	2464041	471
yqjX	BSU_23700	2464227	2464565	339
polYB	BSU_23710	2464562	2465800	1239
yqzH	BSU_23720	2465966	2466172	207
yqjV	BSU_23730	2466721	2467953	1233
yqjU	BSU_23740	2467800	2468162	363
yqjT	BSU_23750	2468159	2468545	387
coaA	BSU_23760	2468549	2469508	960
dsdA	BSU_23770	2469580	2470926	1347
yqjQ	BSU_23780	2471002	2471781	780
yqjP	BSU_23790	2471787	2472746	960
proI	BSU_23800	2473151	2473987	837
yqjN	BSU_23810	2474028	2475671	1644
yqjM	BSU_23820	2475843	2476859	1017
yqjL	BSU_23830	2476969	2477730	762
rnz	BSU_23840	2478006	2478929	924
zwf	BSU_23850	2479156	2480625	1470
gndA	BSU_23860	2480750	2482159	1410
polYA	BSU_23870	2482269	2483513	1245
mifM	BSU_23880	2483586	2483873	288
oxaAB	BSU_23890	2483904	2484731	828
yqjF	BSU_23900	2484911	2485639	729
yqjE	BSU_23910	2485680	2486795	1116
yqjD	BSU_23920	2486813	2488336	1524
yqjC	BSU_23930	2488329	2488751	423
yqjB	BSU_23940	2488953	2489483	531
yqjA	BSU_23950	2489535	2490503	969
artR	BSU_23960	2490574	2491296	723
artQ	BSU_23970	2491289	2491948	660
artP	BSU_23980	2492029	2492796	768
brxB	BSU_23990	2493064	2493501	438
bmrU	BSU_24000	2493662	2494555	894
bmr	BSU_24010	2494656	2495825	1170
bmrR	BSU_24020	2495898	2496734	837
bkdB	BSU_24030	2496796	2498070	1275
bkdAB	BSU_24040	2498093	2499076	984
bkdAA	BSU_24050	2499090	2500082	993
lpdV	BSU_24060	2500104	2501528	1425
buk	BSU_24070	2501549	2502640	1092
bcd	BSU_24080	2502659	2503753	1095
ptb	BSU_24090	2503765	2504664	900
bkdR	BSU_24100	2504789	2506867	2079
yqzF	BSU_24110	2507020	2507256	237
mmgF	BSU_24120	2507298	2508203	906
mmgE	BSU_24130	2508221	2509639	1419
mmgD	BSU_24140	2509654	2510772	1119
mmgC	BSU_24150	2510806	2511945	1140
mmgB	BSU_24160	2511973	2512836	864
mmgA	BSU_24170	2512861	2514042	1182
glpQ	BSU_24180	2514169	2514900	732
yqiI	BSU_24190	2514979	2515599	621
yqiH	BSU_24200	2515614	2515907	294
yqiG	BSU_24210	2516440	2517558	1119
spo0A	BSU_24220	2518023	2518826	804
spoIVB	BSU_24230	2519102	2520382	1281
recN	BSU_24240	2520557	2522287	1731
argR	BSU_24250	2522324	2522773	450
yqxC	BSU_24260	2522871	2523716	846
dxs	BSU_24270	2523713	2525614	1902
xseB	BSU_24290	2526669	2526923	255
xseA	BSU_24300	2526920	2528266	1347
folD	BSU_24310	2528404	2529255	852
nusB	BSU_24320	2529267	2529662	396
yqhY	BSU_24330	2529926	2530333	408
accC	BSU_24340	2530354	2531706	1353
accB	BSU_24350	2531718	2532197	480
spoIIIAH	BSU_24360	2532353	2533009	657
spoIIIAG	BSU_24370	2533010	2533699	690
spoIIIAF	BSU_24380	2533692	2534312	621
spoIIIAE	BSU_24390	2534326	2535525	1200
spoIIIAD	BSU_24400	2535544	2535945	402
spoIIIAC	BSU_24410	2535952	2536158	207
spoIIIAB	BSU_24420	2536181	2536696	516
spoIIIAA	BSU_24430	2536690	2537613	924
yqhV	BSU_24440	2537689	2537970	282
efp	BSU_24450	2538115	2538672	558
papA	BSU_24460	2538697	2539758	1062
yqhS	BSU_24470	2539755	2540201	447
yqhR	BSU_24480	2540288	2540824	537
yqhQ	BSU_24490	2541051	2542007	957
yqhP	BSU_24500	2542047	2542442	396
yqhO	BSU_24510	2542439	2543314	876
mntR	BSU_24520	2543440	2543868	429
lipM	BSU_24530	2543968	2544804	837
yqhL	BSU_24540	2544995	2545375	381
gcvPB	BSU_24550	2545410	2546876	1467
gcvPA	BSU_24560	2546869	2548215	1347
gcvT	BSU_24570	2548245	2549333	1089
yqhH	BSU_24580	2549775	2551448	1674
yqhG	BSU_24590	2551469	2552263	795
sinI	BSU_24600	2552446	2552619	174
sinR	BSU_24610	2552653	2552988	336
tasA	BSU_24620	2553081	2553866	786
sipW	BSU_24630	2553930	2554502	573
tapA	BSU_24640	2554486	2555247	762
yqzG	BSU_24650	2555519	2555845	327
spoIIT	BSU_24660	2555887	2556066	180
comGG	BSU_24670	2556137	2556511	375
comGF	BSU_24680	2556512	2556895	384
comGE	BSU_24690	2556921	2557268	348
comGD	BSU_24700	2557252	2557683	432
comGC	BSU_24710	2557673	2557969	297
comGB	BSU_24720	2557983	2558954	972
comGA	BSU_24730	2559007	2560077	1071
yqxL	BSU_24740	2560489	2561442	954
yqhB	BSU_24750	2561585	2562913	1329
rsbRD	BSU_24760	2562966	2563802	837
mgsR	BSU_24770	2564026	2564406	381
yqgY	BSU_24780	2564638	2564883	246
yqgX	BSU_24790	2564923	2565558	636
yqgW	BSU_24800	2565715	2565888	174
yqgV	BSU_24810	2565920	2566234	315
yqgU	BSU_24820	2566237	2567298	1062
yqgT	BSU_24830	2567360	2568490	1131
ltaSC	BSU_24840	2568573	2570489	1917
glcK	BSU_24850	2570606	2571571	966
yqgQ	BSU_24860	2571582	2571797	216
glpG	BSU_24870	2571907	2573430	1524
yqgO	BSU_24880	2573520	2573693	174
folN	BSU_24890	2573760	2574323	564
rpmGA	BSU_24900	2574408	2574557	150
yqgM	BSU_24910	2574641	2575720	1080
yqgL	BSU_24920	2575717	2576187	471
yqzD	BSU_24930	2576367	2576720	354
yqzC	BSU_24940	2576717	2577181	465
pstBB	BSU_24950	2577210	2577992	783
pstBA	BSU_24960	2578003	2578812	810
pstA	BSU_24970	2578833	2579717	885
pstC	BSU_24980	2579717	2580646	930
pstS	BSU_24990	2580715	2581617	903
pbpA	BSU_25000	2581771	2583921	2151
yqgE	BSU_25010	2584035	2585327	1293
sodA	BSU_25020	2585434	2586042	609
yqgC	BSU_25030	2586221	2586703	483
yqgB	BSU_25040	2586813	2587580	768
yqgA	BSU_25050	2587996	2588424	429
yqfZ	BSU_25060	2588701	2589000	300
ispG	BSU_25070	2589123	2590256	1134
yqfX	BSU_25080	2590282	2590671	390
yqfW	BSU_25090	2590804	2591385	582
zur	BSU_25100	2591428	2591865	438
yqfU	BSU_25110	2592003	2592884	882
yqfT	BSU_25120	2593000	2593254	255
nfo	BSU_25130	2593281	2594174	894
cshB	BSU_25140	2594184	2595500	1317
yqfQ	BSU_25150	2595669	2596412	744
ispH	BSU_25160	2596535	2597479	945
yqfO	BSU_25170	2597502	2598623	1122
trmK	BSU_25180	2598616	2599266	651
cccA	BSU_25190	2599523	2599885	363
sigA	BSU_25200	2600214	2601329	1116
dnaG	BSU_25210	2601528	2603339	1812
antE	BSU_25220	2602979	2603275	297
yqxD	BSU_25230	2603373	2603867	495
ppsR	BSU_25240	2604121	2604933	813
ccpN	BSU_25250	2604959	2605597	639
glyS	BSU_25260	2605730	2607769	2040
glyQ	BSU_25270	2607762	2608649	888
recO	BSU_25280	2608946	2609713	768
yqzL	BSU_25289	2609750	2609893	144
era	BSU_25290	2610041	2610946	906
cdd	BSU_25300	2610927	2611337	411
unpK	BSU_25310	2611456	2611827	372
rnrY	BSU_25320	2611808	2612281	474
pgpH	BSU_25330	2612282	2614417	2136
phoH	BSU_25340	2614496	2615455	960
yqfD	BSU_25350	2615452	2616648	1197
yqfC	BSU_25360	2616667	2616948	282
yqfB	BSU_25370	2617005	2617424	420
floA	BSU_25380	2617449	2618444	996
nfeDA	BSU_25390	2618466	2619779	1314
yqeY	BSU_25400	2619910	2620356	447
rpsU	BSU_25410	2620371	2620544	174
yqeW	BSU_25420	2620717	2621640	924
mtaB	BSU_25430	2621677	2623032	1356
rsmE	BSU_25440	2623032	2623802	771
prmA	BSU_25450	2623825	2624760	936
dnaJ	BSU_25460	2624785	2625912	1128
dnaK	BSU_25470	2626112	2627947	1836
grpE	BSU_25480	2627971	2628534	564
hrcA	BSU_25490	2628606	2629637	1032
hemN	BSU_25500	2629718	2630857	1140
lepA	BSU_25510	2630910	2632748	1839
yqxA	BSU_25520	2632882	2633220	339
spoIIP	BSU_25530	2633237	2634442	1206
gpr	BSU_25540	2634505	2635611	1107
rpsT	BSU_25550	2635815	2636081	267
holA	BSU_25560	2636096	2637139	1044
yqzM	BSU_25569	2637369	2637503	135
comEC	BSU_25570	2637543	2639873	2331
comEB	BSU_25580	2639877	2640446	570
comEA	BSU_25590	2640513	2641130	618
comER	BSU_25600	2641214	2642035	822
yqeM	BSU_25610	2642101	2642844	744
rsfS	BSU_25620	2642841	2643197	357
yqeK	BSU_25630	2643215	2643775	561
nadD	BSU_25640	2643765	2644334	570
yqeI	BSU_25650	2644346	2644636	291
aroE	BSU_25660	2644630	2645472	843
rgpH	BSU_25670	2645490	2646590	1101
yqeG	BSU_25680	2646594	2647112	519
sda	BSU_25690	2647456	2647614	159
yqeF	BSU_25700	2647920	2648651	732
cwlH	BSU_25710	2648903	2649655	753
yqeD	BSU_25720	2649842	2650468	627
yqeC	BSU_25730	2650487	2651380	894
yqeB	BSU_25740	2651632	2652354	723
nucB	BSU_25750	2652387	2652797	411
spoIVCA	BSU_25770	2653371	2654873	1503
arsC	BSU_25780	2655322	2655741	420
arsB	BSU_25790	2655753	2656793	1041
yqcK	BSU_25800	2656816	2657256	441
arsR	BSU_25810	2657317	2657634	318
yqcI	BSU_25820	2658006	2658770	765
rapE	BSU_25830	2659213	2660340	1128
phrE	BSU_25840	2660330	2660464	135
yqzI	BSU_25850	2660574	2660732	159
rttG	BSU_25860	2661102	2662697	1596
rttF	BSU_25870	2662712	2663290	579
yqxJ	BSU_25880	2663551	2663913	363
yqxI	BSU_25890	2663929	2664408	480
cwlA	BSU_25900	2664573	2665391	819
yqxH	BSU_25910	2665436	2665858	423
yqxG	BSU_25920	2665903	2666796	894
yqcE	BSU_25930	2666884	2667048	165
yqcD	BSU_25940	2667045	2667380	336
yqcC	BSU_25950	2667390	2668490	1101
yqcB	BSU_25960	2668493	2668765	273
yqcA	BSU_25970	2668762	2669340	579
yqbT	BSU_25980	2669324	2670370	1047
yqbS	BSU_25990	2670363	2670788	426
yqbR	BSU_26000	2670801	2671064	264
yqbQ	BSU_26010	2671061	2672041	981
yqbP	BSU_26020	2672054	2672713	660
yqbO	BSU_26030	2672706	2677463	4758
txpA	BSU_26050	2678240	2678419	180
bsrH	BSU_26055	2678799	2678888	90
yqbM	BSU_26060	2679142	2679585	444
yqbK	BSU_26075	2679588	2680988	1401
yqzN	BSU_26089	2680989	2681180	192
yqbJ	BSU_26090	2681177	2681614	438
yqbI	BSU_26100	2681627	2682130	504
yqbH	BSU_26110	2682127	2682489	363
yqbG	BSU_26120	2682486	2682881	396
yqbF	BSU_26130	2682885	2683196	312
yqbE	BSU_26140	2683207	2684142	936
yqbD	BSU_26150	2684161	2685129	969
yqbC	BSU_26160	2685162	2685815	654
yqbB	BSU_26170	2685856	2686773	918
yqbA	BSU_26180	2686770	2688302	1533
yqaT	BSU_26190	2688306	2689601	1296
yqaS	BSU_26200	2689594	2690313	720
yqaR	BSU_26210	2690381	2690845	465
yqaQ	BSU_26220	2690989	2691444	456
yqaP	BSU_26230	2691642	2692571	930
yqaO	BSU_26240	2692645	2692851	207
yqaN	BSU_26250	2692933	2693361	429
yqzO	BSU_26259	2693457	2693606	150
sknM	BSU_26260	2693597	2694538	942
yqaL	BSU_26270	2694420	2695097	678
yqaK	BSU_26280	2695173	2696027	855
yqaJ	BSU_26290	2696030	2696989	960
yqaI	BSU_26300	2697095	2697289	195
sknH	BSU_26310	2697419	2697676	258
yqaG	BSU_26320	2697673	2698242	570
yqdA	BSU_26330	2698316	2698456	141
yqaF	BSU_26340	2698486	2698716	231
sknR	BSU_26350	2698893	2699243	351
yqaD	BSU_26360	2699510	2699677	168
yqaC	BSU_26370	2700033	2700569	537
yqaB	BSU_26380	2700838	2701356	519
yrkS	BSU_26400	2701979	2702143	165
psiE	BSU_26410	2702688	2703104	417
yrkQ	BSU_26420	2703150	2704448	1299
yrkP	BSU_26430	2704435	2705130	696
yrkO	BSU_26440	2705398	2706615	1218
yrkN	BSU_26450	2707127	2707684	558
yrkL	BSU_26470	2708175	2708699	525
yrkK	BSU_26480	2708943	2709419	477
yrkJ	BSU_26490	2710002	2710787	786
yrkI	BSU_26500	2710848	2711075	228
yrkH	BSU_26510	2711109	2712242	1134
yrkF	BSU_26530	2712577	2713134	558
yrkE	BSU_26540	2713320	2713802	483
yrkD	BSU_26550	2713949	2714140	192
yrkC	BSU_26560	2714933	2715493	561
yrkB	BSU_26570	2715719	2715865	147
bltR	BSU_26580	2716035	2716856	822
blt	BSU_26590	2716973	2718175	1203
bltD	BSU_26600	2718344	2718802	459
yrkA	BSU_26610	2718959	2720263	1305
yrzO	BSU_26619	2720526	2720669	144
yrdR	BSU_26620	2720687	2721652	966
czcR	BSU_26630	2721778	2722644	867
yrdP	BSU_26640	2722767	2723804	1038
czcD	BSU_26650	2723892	2724827	936
yrdN	BSU_26660	2725114	2725503	390
gltR	BSU_26670	2725837	2726727	891
yrdK	BSU_26680	2726885	2727202	318
brnQ	BSU_26690	2727160	2728482	1323
azlD	BSU_26700	2728647	2728979	333
azlC	BSU_26710	2728976	2729740	765
azlB	BSU_26720	2729753	2730226	474
yrdF	BSU_26730	2730560	2730835	276
cypA	BSU_26740	2731107	2732339	1233
yrdC	BSU_26760	2732980	2733543	564
yrdB	BSU_26770	2733772	2734143	372
yrdA	BSU_26780	2734953	2735456	504
aadK	BSU_26790	2735682	2736536	855
yrpB	BSU_26800	2736915	2737958	1044
murI	BSU_26810	2738308	2739105	798
yrpD	BSU_26820	2739486	2740193	708
yrpDX	BSU_26826	2740769	2740846	78
zinT	BSU_26830	2741357	2742112	756
sigZ	BSU_26840	2742244	2742774	531
yrpG	BSU_26850	2742909	2743889	981
yraO	BSU_26860	2744163	2745479	1317
yraN	BSU_26870	2745594	2746463	870
prpF	BSU_26880	2746608	2747711	1104
csn	BSU_26890	2747984	2748817	834
yraL	BSU_26900	2749260	2749523	264
yraK	BSU_26910	2749660	2750475	816
yraJ	BSU_26920	2750883	2751239	357
yraI	BSU_26930	2751292	2751651	360
yraH	BSU_26940	2752167	2752553	387
yraG	BSU_26950	2752802	2753047	246
yraF	BSU_26960	2753065	2753433	369
adhB	BSU_26970	2753452	2754588	1137
yraE	BSU_26980	2754607	2754804	198
yraD	BSU_26990	2754820	2755119	300
adhR	BSU_27000	2755382	2755804	423
yrzP	BSU_27009	2755987	2756181	195
adhA	BSU_27010	2756312	2757361	1050
sufL	BSU_27020	2757492	2758001	510
sacC	BSU_27030	2758043	2760076	2034
levG	BSU_27040	2760233	2761060	828
levF	BSU_27050	2761081	2761890	810
levE	BSU_27060	2761907	2762395	489
levD	BSU_27070	2762395	2762835	441
levR	BSU_27080	2763025	2765832	2808
aapA	BSU_27090	2766558	2767946	1389
yrhP	BSU_27100	2768042	2768674	633
yrhO	BSU_27110	2768827	2769654	828
sigV	BSU_27120	2769850	2770350	501
rsiV	BSU_27130	2770350	2771207	858
oatA	BSU_27140	2771318	2773222	1905
yrhK	BSU_27150	2773356	2773646	291
cypB	BSU_27160	2773890	2777054	3165
bscR	BSU_27170	2777070	2777654	585
yrhH	BSU_27180	2777877	2778419	543
yrzI	BSU_27190	2778923	2779072	150
yrhG	BSU_27200	2779462	2780262	801
yrhF	BSU_27210	2780525	2780893	369
yrhE	BSU_27220	2781209	2784151	2943
yrhD	BSU_27230	2784170	2784652	483
yrhC	BSU_27240	2784688	2784918	231
mccB	BSU_27250	2785001	2786140	1140
mccA	BSU_27260	2786142	2787065	924
mtnN	BSU_27270	2787130	2787825	696
yrrT	BSU_27280	2787846	2788487	642
yrzA	BSU_27290	2788680	2788883	204
yrrS	BSU_27300	2788920	2789621	702
pbpI	BSU_27310	2789686	2791440	1755
greA	BSU_27320	2791494	2791967	474
udk	BSU_27330	2792218	2792853	636
yrrO	BSU_27340	2792860	2794128	1269
yrrN	BSU_27350	2794147	2795076	930
yrrM	BSU_27360	2795082	2795735	654
yrrL	BSU_27370	2795887	2796969	1083
yrzB	BSU_27380	2797100	2797381	282
rimF	BSU_27390	2797399	2797815	417
yrzL	BSU_27400	2797823	2798089	267
alaS	BSU_27410	2798174	2800810	2637
yrrI	BSU_27420	2801141	2802202	1062
glnQ	BSU_27430	2802358	2803086	729
glnH	BSU_27440	2803108	2803929	822
glnM	BSU_27450	2803990	2804640	651
glnP	BSU_27460	2804657	2805313	657
yrzQ	BSU_27468	2805348	2805479	132
yrzR	BSU_27469	2805501	2805692	192
yrrD	BSU_27470	2805704	2806228	525
recDB	BSU_27480	2806286	2808682	2397
yrrB	BSU_27490	2808707	2809327	621
mnmA	BSU_27500	2809413	2810528	1116
iscSA	BSU_27510	2810559	2811698	1140
cymR	BSU_27520	2811717	2812133	417
rarA	BSU_27530	2812336	2813601	1266
tcdA	BSU_27540	2813643	2814407	765
aspS	BSU_27550	2814743	2816521	1779
hisS	BSU_27560	2816535	2817809	1275
yrzK	BSU_27570	2818191	2818361	171
yrvJ	BSU_27580	2818494	2820050	1557
dtd	BSU_27590	2820077	2820475	399
rsh	BSU_27600	2820529	2822733	2205
apt	BSU_27610	2822901	2823413	513
recJ	BSU_27620	2823419	2825779	2361
yrvD	BSU_27630	2825846	2826169	324
yrvC	BSU_27640	2826245	2826742	498
secDF	BSU_27650	2826900	2829113	2214
comN	BSU_27660	2829152	2829448	297
spoVB	BSU_27670	2829564	2831120	1557
yrbG	BSU_27680	2831124	2831780	657
yrzE	BSU_27690	2831915	2832367	453
yrbF	BSU_27700	2832424	2832690	267
tgt	BSU_27710	2832727	2833872	1146
queA	BSU_27720	2833899	2834927	1029
yrzS	BSU_27729	2834957	2835157	201
ruvB	BSU_27730	2835150	2836154	1005
ruvA	BSU_27740	2836165	2836770	606
bofC	BSU_27750	2836909	2837421	513
csbX	BSU_27760	2837469	2838776	1308
yrbE	BSU_27770	2838847	2839872	1026
yrzF	BSU_27785	2840110	2840757	648
yrzH	BSU_27800	2841010	2841300	291
yrzT	BSU_27809	2841307	2841447	141
alaP	BSU_27810	2841611	2843065	1455
yrbC	BSU_27820	2843106	2843828	723
sgpA	BSU_27830	2843931	2844527	597
safA	BSU_27840	2844675	2845838	1164
nadA	BSU_27850	2845955	2847061	1107
nadC	BSU_27860	2847048	2847917	870
nadB	BSU_27870	2847871	2849466	1596
nifS	BSU_27880	2849569	2850756	1188
niaR	BSU_27890	2850716	2851258	543
pheA	BSU_27900	2851283	2852140	858
thrR	BSU_27910	2852157	2852600	444
obgE	BSU_27920	2852661	2853947	1287
spo0B	BSU_27930	2853981	2854559	579
rpmA	BSU_27940	2854880	2855164	285
rppA	BSU_27950	2855177	2855515	339
rplU	BSU_27960	2855518	2855826	309
spoIVFB	BSU_27970	2855973	2856839	867
spoIVFA	BSU_27980	2856832	2857626	795
minD	BSU_27990	2857776	2858582	807
minC	BSU_28000	2858584	2859264	681
mreD	BSU_28010	2859317	2859835	519
mreC	BSU_28020	2859832	2860704	873
mreB	BSU_28030	2860735	2861748	1014
ysxA	BSU_28040	2861840	2862535	696
maf	BSU_28050	2862572	2863141	570
spoIIB	BSU_28060	2863294	2864292	999
comC	BSU_28070	2864426	2865172	747
folC	BSU_28080	2865312	2866604	1293
valS	BSU_28090	2866664	2869306	2643
yszA	BSU_28099	2869754	2869945	192
cotN	BSU_28100	2869964	2870989	1026
spoVID	BSU_28110	2871022	2872749	1728
hemL	BSU_28120	2872880	2874172	1293
hemB	BSU_28130	2874202	2875176	975
hemD	BSU_28140	2875173	2875961	789
hemC	BSU_28150	2875951	2876895	945
hemX	BSU_28160	2876928	2877758	831
hemA	BSU_28170	2877766	2879133	1368
ysxD	BSU_28180	2879363	2879860	498
engB	BSU_28190	2879882	2880469	588
lonA	BSU_28200	2880466	2882790	2325
lonB	BSU_28210	2882971	2884629	1659
clpX	BSU_28220	2884781	2886043	1263
tig	BSU_28230	2886315	2887589	1275
ysoA	BSU_28240	2887817	2888821	1005
leuD	BSU_28250	2888940	2889539	600
leuC	BSU_28260	2889552	2890970	1419
leuB	BSU_28270	2891020	2892117	1098
leuA	BSU_28280	2892138	2893694	1557
ilvC	BSU_28290	2893681	2894709	1029
ilvH	BSU_28300	2894733	2895251	519
ilvB	BSU_28310	2895248	2896972	1725
cotQ	BSU_28320	2897788	2898123	336
ysnE	BSU_28330	2898292	2898747	456
ysnF	BSU_28340	2898931	2899752	822
ysnB	BSU_28350	2900020	2900529	510
rdgB	BSU_28360	2900545	2901141	597
rph	BSU_28370	2901154	2901891	738
gerM	BSU_28380	2902002	2903102	1101
rcmE	BSU_28390	2903217	2904035	819
ysmB	BSU_28400	2904043	2904483	441
gerE	BSU_28410	2904727	2904951	225
ysmA	BSU_28420	2905067	2905510	444
sdhB	BSU_28430	2905571	2906332	762
sdhA	BSU_28440	2906335	2908095	1761
sdhC	BSU_28450	2908129	2908737	609
yslB	BSU_28460	2909030	2909476	447
lysCA	BSU_28470	2909520	2910746	1227
lysCB	BSU_28475	2909520	2910011	492
uvrC	BSU_28490	2911116	2912888	1773
trxA	BSU_28500	2913024	2913338	315
abfB	BSU_28510	2913661	2915148	1488
etfA	BSU_28520	2915365	2916342	978
etfB	BSU_28530	2916378	2917151	774
fadB	BSU_28540	2917166	2917942	777
fadR	BSU_28550	2917957	2918541	585
lcfA	BSU_28560	2918646	2920328	1683
yshE	BSU_28570	2920517	2920921	405
mutSB	BSU_28580	2920936	2923293	2358
polX	BSU_28590	2923314	2925026	1713
yshB	BSU_28600	2925100	2925633	534
zapA	BSU_28610	2925640	2925897	258
rnhC	BSU_28620	2926031	2926972	942
pheT	BSU_28630	2927008	2929422	2415
pheS	BSU_28640	2929438	2930472	1035
rlmBB	BSU_28650	2930827	2931573	747
sspI	BSU_28660	2931692	2931907	216
ysfB	BSU_28670	2931976	2933082	1107
glcD	BSU_28680	2933185	2934597	1413
glcF	BSU_28690	2934594	2935928	1335
ysfE	BSU_28700	2935967	2936209	243
cstA	BSU_28710	2936382	2938178	1797
abfA	BSU_28720	2938330	2939832	1503
araQ	BSU_28730	2939851	2940696	846
araP	BSU_28740	2940697	2941638	942
araN	BSU_28750	2941674	2942975	1302
egsA	BSU_28760	2943006	2944190	1185
araL	BSU_28770	2944187	2945005	819
araD	BSU_28780	2944983	2945672	690
araB	BSU_28790	2945689	2947371	1683
araA	BSU_28800	2947385	2948875	1491
abnA	BSU_28810	2949053	2950024	972
frvX	BSU_28820	2950221	2951306	1086
ysdB	BSU_28830	2951490	2951882	393
ysdA	BSU_28840	2951898	2952167	270
rplT	BSU_28850	2952224	2952583	360
rpmI	BSU_28860	2952615	2952815	201
infC	BSU_28870	2952828	2953349	522
yscB	BSU_28890	2953795	2954460	666
pftB	BSU_28900	2954492	2955187	696
pftA	BSU_28910	2955209	2955649	441
lytT	BSU_28920	2955783	2956508	726
lytS	BSU_28930	2956486	2958267	1782
ysaA	BSU_28940	2958434	2959216	783
thrS	BSU_28950	2959257	2961188	1932
ytxC	BSU_28960	2961586	2962431	846
ytxB	BSU_28970	2962510	2963151	642
dnaI	BSU_28980	2963185	2964120	936
dnaB	BSU_28990	2964148	2965566	1419
nrdR	BSU_29000	2965681	2966139	459
speD	BSU_29010	2966413	2966793	381
gapB	BSU_29020	2967032	2968054	1023
ytcD	BSU_29030	2968260	2968640	381
ytbD	BSU_29040	2968824	2970014	1191
ytbE	BSU_29050	2970038	2970880	843
coaE	BSU_29060	2970922	2971515	594
spcF	BSU_29070	2971531	2972163	633
mutM	BSU_29080	2972329	2973159	831
polA	BSU_29090	2973182	2975824	2643
phoR	BSU_29100	2976068	2977807	1740
phoP	BSU_29110	2977800	2978522	723
mdh	BSU_29120	2978734	2979672	939
icd	BSU_29130	2979716	2980987	1272
citZ	BSU_29140	2981151	2982269	1119
ytwI	BSU_29150	2982603	2983067	465
ytvI	BSU_29160	2983164	2984279	1116
ytzA	BSU_29170	2984312	2984695	384
pyk	BSU_29180	2984788	2986545	1758
pfkA	BSU_29190	2986588	2987547	960
accA	BSU_29200	2987731	2988708	978
accD	BSU_29210	2988693	2989565	873
maeB	BSU_29220	2989900	2991132	1233
dnaEC	BSU_29230	2991269	2994616	3348
ytrH	BSU_29239	2994756	2995097	342
ytrI	BSU_29240	2995094	2995597	504
ytzJ	BSU_29249	2995699	2995890	192
nrnA	BSU_29250	2995908	2996849	942
ytpI	BSU_29260	2996980	2997282	303
ytoI	BSU_29270	2997301	2998620	1320
ytnM	BSU_29280	2998796	2999698	903
sndA	BSU_29290	2999717	3000967	1251
ribR	BSU_29300	3000985	3001677	693
cmoJ	BSU_29310	3001724	3003052	1329
cmoI	BSU_29320	3003049	3003330	282
cmoO	BSU_29330	3003345	3004349	1005
tcyN	BSU_29340	3004346	3005125	780
tcyM	BSU_29350	3005122	3005829	708
tcyL	BSU_29360	3005859	3006578	720
tcyK	BSU_29370	3006600	3007412	813
tcyJ	BSU_29380	3007426	3008235	810
snaA	BSU_29390	3008249	3008785	537
ascR	BSU_29400	3008938	3009864	927
ytkL	BSU_29410	3009915	3010598	684
ytkK	BSU_29420	3010661	3011428	768
ytzD	BSU_29430	3011555	3011791	237
argH	BSU_29440	3011751	3013136	1386
argG	BSU_29450	3013133	3014344	1212
moaB	BSU_29460	3014514	3015026	513
ackA	BSU_29470	3015111	3016298	1188
ytxK	BSU_29480	3016646	3017635	990
tpx	BSU_29490	3017696	3018199	504
gerW	BSU_29500	3018309	3018764	456
ytfI	BSU_29510	3018778	3019458	681
yteJ	BSU_29520	3019533	3020027	495
sppA	BSU_29530	3020040	3021047	1008
ppnKB	BSU_29540	3021233	3022036	804
ytcJ	BSU_29550	3022068	3023657	1590
ytcI	BSU_29560	3023677	3025266	1590
sspA	BSU_29570	3025445	3025654	210
trmG	BSU_29580	3025748	3026953	1206
iscSB	BSU_29590	3026957	3028102	1146
braB	BSU_29600	3028297	3029634	1338
ezrA	BSU_29610	3029729	3031417	1689
hisK	BSU_29620	3031614	3032420	807
refZ	BSU_29630	3032417	3033040	624
msrC	BSU_29640	3033167	3033658	492
dgcP	BSU_29650	3033696	3035435	1740
rpsD	BSU_29660	3035730	3036332	603
tyrS	BSU_29670	3036603	3037871	1269
acsA	BSU_29680	3038213	3039931	1719
acuA	BSU_29690	3040092	3040724	633
acuB	BSU_29700	3040751	3041395	645
acuC	BSU_29710	3041392	3042555	1164
motS	BSU_29720	3042566	3043294	729
motP	BSU_29730	3043284	3044102	819
ccpA	BSU_29740	3044165	3045169	1005
aroX	BSU_29750	3045445	3046521	1077
brxJ	BSU_29760	3046757	3047083	327
ytxH	BSU_29770	3047107	3047562	456
ytxG	BSU_29780	3047593	3048015	423
murC	BSU_29790	3048177	3049475	1299
sftA	BSU_29805	3049725	3052583	2859
ytpR	BSU_29820	3052743	3053348	606
ytpQ	BSU_29830	3053364	3054173	810
ytpP	BSU_29840	3054188	3054511	324
ytoQ	BSU_29850	3054746	3055192	447
ytoP	BSU_29860	3055247	3056320	1074
ytzB	BSU_29870	3056479	3056796	318
maeC	BSU_29880	3056849	3058549	1701
ytnP	BSU_29890	3058631	3059401	771
trmB	BSU_29900	3059547	3060188	642
ytzH	BSU_29910	3060395	3060673	279
ytmP	BSU_29920	3060674	3061288	615
amyX	BSU_29930	3061651	3063807	2157
ytlR	BSU_29940	3063833	3064762	930
ytlQ	BSU_29950	3064811	3065725	915
ytlP	BSU_29960	3065751	3066302	552
ytkP	BSU_29970	3066451	3067386	936
ytjP	BSU_29980	3067420	3068811	1392
pbuO	BSU_29990	3068908	3070206	1299
ythQ	BSU_30000	3070246	3071403	1158
ythP	BSU_30010	3071400	3072110	711
ytzE	BSU_30020	3072401	3072622	222
rsuA	BSU_30035	3072743	3073462	720
murJ	BSU_30050	3073531	3075165	1635
ytfP	BSU_30060	3075367	3076629	1263
opuD	BSU_30070	3076818	3078356	1539
yteV	BSU_30080	3078393	3078575	183
rmgU	BSU_30090	3078643	3079311	669
rmgT	BSU_30100	3079333	3080619	1287
rmgS	BSU_30110	3080631	3081134	504
rmgQ	BSU_30120	3081131	3082252	1122
rmgP	BSU_30135	3082260	3083225	966
rmgR	BSU_30150	3083441	3085759	2319
ytcQ	BSU_30160	3085800	3087296	1497
ytcP	BSU_30170	3087321	3088181	861
ytbQ	BSU_30180	3088388	3089149	762
bioI	BSU_30190	3089226	3090413	1188
bioB	BSU_30200	3090482	3091489	1008
bioD	BSU_30210	3091492	3092187	696
bioFC	BSU_30220	3092184	3093353	1170
bioK	BSU_30230	3093343	3094689	1347
bioW	BSU_30240	3094679	3095455	777
ytaP	BSU_30250	3095665	3096564	900
msmR	BSU_30260	3096782	3097816	1035
msmE	BSU_30270	3097850	3099130	1281
msmF	BSU_30280	3099123	3100034	912
msmG	BSU_30290	3100031	3100861	831
melA	BSU_30300	3100881	3102179	1299
ytwF	BSU_30310	3102201	3102512	312
leuS	BSU_30320	3102629	3105043	2415
ytvB	BSU_30330	3105470	3105805	336
blrA	BSU_30340	3106210	3106995	786
yttB	BSU_30350	3107232	3108425	1194
yttA	BSU_30360	3108614	3109360	747
bceB	BSU_30370	3109397	3111337	1941
bceA	BSU_30380	3111327	3112088	762
bceS	BSU_30390	3112190	3113194	1005
bceR	BSU_30400	3113187	3113882	696
ytrF	BSU_30410	3113979	3115289	1311
ytrE	BSU_30420	3115279	3115974	696
ytrD	BSU_30430	3115989	3116966	978
ytrC	BSU_30440	3116996	3117982	987
ytrB	BSU_30450	3117976	3118854	879
ytrA	BSU_30460	3118847	3119239	393
ytzC	BSU_30470	3119565	3119837	273
ytqA	BSU_30480	3119999	3120967	969
ytqB	BSU_30490	3120964	3121548	585
tbcS	BSU_30500	3121538	3122641	1104
ytpA	BSU_30510	3122662	3123441	780
ytoA	BSU_30520	3123490	3124005	516
ytnA	BSU_30530	3124250	3125641	1392
asnB	BSU_30540	3125777	3127675	1899
metK	BSU_30550	3127825	3129027	1203
pckA	BSU_30560	3129530	3131113	1584
ytmB	BSU_30570	3131152	3131394	243
ytmA	BSU_30580	3131446	3132219	774
ytlA	BSU_30595	3132370	3133374	1005
ytlC	BSU_30610	3133387	3134169	783
ytlD	BSU_30620	3134144	3134956	813
rppG	BSU_30630	3134983	3135459	477
ytkC	BSU_30640	3135668	3136072	405
dps	BSU_30650	3136238	3136675	438
ytzI	BSU_30659	3136768	3136944	177
ytkA	BSU_30660	3136938	3137375	438
luxS	BSU_30670	3137495	3137968	474
ytjA	BSU_30680	3138097	3138324	228
ytiB	BSU_30690	3138321	3138884	564
rpmEB	BSU_30700	3138978	3139226	249
ythA	BSU_30710	3139431	3140762	1332
ythB	BSU_30720	3140806	3141846	1041
ytzL	BSU_30739	3141900	3142058	159
mntD	BSU_30740	3142077	3142964	888
mntC	BSU_30750	3142954	3144261	1308
mntB	BSU_30760	3144267	3145019	753
mntA	BSU_30770	3145038	3145958	921
menC	BSU_30780	3146238	3147353	1116
menE	BSU_30790	3147350	3148810	1461
menB	BSU_30800	3148901	3149716	816
menH	BSU_30810	3149751	3150575	825
menD	BSU_30820	3150563	3152305	1743
menF	BSU_30830	3152302	3153717	1416
yteA	BSU_30840	3154007	3154726	720
ytdA	BSU_30850	3154735	3155553	819
ytcA	BSU_30860	3155725	3157011	1287
ytcB	BSU_30870	3157008	3157958	951
ytcC	BSU_30880	3157961	3159184	1224
cotOO	BSU_30890	3159258	3159689	432
cotS	BSU_30900	3159691	3160746	1056
cotSA	BSU_30910	3160761	3161894	1134
cotI	BSU_30920	3162084	3163157	1074
ytaB	BSU_30930	3163237	3163704	468
glgP	BSU_30940	3163735	3166131	2397
glgA	BSU_30950	3166118	3167572	1455
glgD	BSU_30960	3167569	3168600	1032
glgC	BSU_30970	3168624	3169766	1143
glgB	BSU_30980	3169763	3171646	1884
thiT	BSU_30990	3179306	3179884	579
yuaI	BSU_31000	3179926	3180447	522
floT	BSU_31010	3180465	3181994	1530
nfeDB	BSU_31020	3182015	3182539	525
yuaE	BSU_31030	3182707	3183195	489
yuaD	BSU_31040	3183201	3183779	579
gbsB	BSU_31050	3183867	3185075	1209
gbsA	BSU_31060	3185092	3186564	1473
gbsR	BSU_31070	3186763	3187305	543
bslA	BSU_31080	3187503	3188048	546
ktrA	BSU_31090	3188414	3189082	669
ktrB	BSU_31100	3189089	3190426	1338
yubF	BSU_31110	3190462	3190725	264
lytG	BSU_31120	3190834	3191682	849
yubD	BSU_31130	3191843	3193378	1536
cdoA	BSU_31140	3193863	3194348	486
uppP	BSU_31150	3194635	3195465	831
yubA	BSU_31160	3195558	3196724	1167
iolU	BSU_31170	3196906	3197892	987
rhaA	BSU_31180	3197933	3199207	1275
rhaM	BSU_31190	3199233	3199547	315
rhaB	BSU_31200	3199565	3201022	1458
rhaR	BSU_31210	3201027	3201803	777
rhaE	BSU_31220	3201860	3203929	2070
tlpB	BSU_31230	3204067	3206055	1989
mcpA	BSU_31240	3206169	3208154	1986
tlpA	BSU_31250	3208280	3210268	1989
mcpB	BSU_31260	3210445	3212433	1989
tgl	BSU_31270	3212591	3213328	738
yuzH	BSU_31279	3213342	3213596	255
yugU	BSU_31280	3213854	3214252	399
yugT	BSU_31290	3214372	3216036	1665
yugS	BSU_31300	3216163	3217452	1290
yugP	BSU_31310	3217496	3218173	678
yuzI	BSU_31319	3218215	3218478	264
mstX	BSU_31321	3218525	3218857	333
kbfO	BSU_31322	3218854	3219840	987
yugN	BSU_31330	3219837	3220241	405
yugM	BSU_31340	3220301	3220672	372
pgi	BSU_31350	3220731	3222083	1353
bdhK	BSU_31360	3222195	3223367	1173
bdhJ	BSU_31370	3223471	3224634	1164
yuzA	BSU_31380	3224864	3225100	237
yugI	BSU_31390	3225178	3225570	393
yugH	BSU_31400	3225772	3226932	1161
yugG	BSU_31410	3226933	3227433	501
yugF	BSU_31420	3227581	3228402	822
yugE	BSU_31430	3228431	3228691	261
patB	BSU_31440	3228778	3229941	1164
kinB	BSU_31450	3230067	3231353	1287
kapB	BSU_31460	3231399	3231785	387
kapD	BSU_31470	3231812	3232429	618
yuxJ	BSU_31480	3232640	3233818	1179
pbpD	BSU_31490	3233911	3235785	1875
yuxK	BSU_31500	3235806	3236219	414
yufK	BSU_31510	3236422	3236979	558
maeL	BSU_31520	3237157	3238758	1602
maeM	BSU_31530	3238751	3239458	708
nupN	BSU_31540	3239930	3241009	1080
nupO	BSU_31550	3241085	3242617	1533
nupP	BSU_31560	3242610	3243656	1047
nupQ	BSU_31570	3243657	3244616	960
maeN	BSU_31580	3244770	3246116	1347
yufS	BSU_31590	3246152	3246367	216
mrpA	BSU_31600	3246598	3249003	2406
mrpB	BSU_31610	3248996	3249427	432
mrpC	BSU_31620	3249427	3249768	342
mrpD	BSU_31630	3249761	3251242	1482
mrpE	BSU_31640	3251248	3251724	477
mrpF	BSU_31650	3251724	3252008	285
mrpG	BSU_31660	3251992	3252366	375
yuxO	BSU_31670	3252405	3252785	381
comA	BSU_31680	3252804	3253448	645
comP	BSU_31690	3253529	3255838	2310
comX	BSU_31700	3255853	3256020	168
comQ	BSU_31710	3256008	3256907	900
degQ	BSU_31720	3257092	3257232	141
cotIC	BSU_31730	3257693	3258061	369
pdeH	BSU_31740	3258037	3259266	1230
pncB	BSU_31750	3259403	3260875	1473
pncA	BSU_31760	3260891	3261442	552
yueI	BSU_31770	3261539	3261937	399
yueH	BSU_31780	3262009	3262257	249
yueG	BSU_31790	3262330	3262551	222
yueF	BSU_31800	3262611	3263720	1110
yuzE	BSU_31810	3263835	3264224	390
yuzF	BSU_31820	3264265	3264501	237
yueE	BSU_31830	3264678	3265208	531
bznD	BSU_31840	3265406	3266137	732
yueC	BSU_31850	3266200	3266655	456
yueB	BSU_31860	3266687	3269917	3231
yukAB	BSU_31875	3269914	3274401	4488
yukC	BSU_31890	3274462	3275817	1356
yukD	BSU_31900	3275832	3276071	240
yukE	BSU_31910	3276141	3276434	294
adeR	BSU_31920	3276955	3278223	1269
ald	BSU_31930	3278325	3279461	1137
yukJ	BSU_31945	3279573	3280250	678
mbtH	BSU_31959	3280294	3280503	210
dhbF	BSU_31960	3280519	3287655	7137
dhbB	BSU_31970	3287675	3288613	939
dhbE	BSU_31980	3288641	3290260	1620
dhbC	BSU_31990	3290289	3291485	1197
dhbA	BSU_32000	3291511	3292296	786
besA	BSU_32010	3292490	3293359	870
yuiH	BSU_32020	3293573	3294169	597
bioYB	BSU_32030	3294270	3294872	603
hisP	BSU_32040	3294942	3296270	1329
pepA	BSU_32050	3296417	3297919	1503
yuiD	BSU_32060	3298077	3298553	477
spsC	BSU_32070	3298584	3299240	657
yuiB	BSU_32080	3299344	3299664	321
yuiA	BSU_32090	3299718	3299861	144
yumB	BSU_32100	3300034	3301254	1221
trxBB	BSU_32110	3301586	3302584	999
yuzG	BSU_32120	3302623	3302763	141
guaC	BSU_32130	3303042	3304022	981
paiB	BSU_32140	3304096	3304719	624
paiA	BSU_32150	3304743	3305261	519
sufA	BSU_32160	3305599	3305961	363
dapF	BSU_32170	3306040	3306894	855
yutK	BSU_32180	3307017	3308231	1215
yuzB	BSU_32190	3308368	3308604	237
yutJ	BSU_32200	3308867	3309934	1068
yuzD	BSU_32210	3309960	3310286	327
yutI	BSU_32220	3310386	3310721	336
yuxL	BSU_32230	3310763	3312736	1974
thrB	BSU_32240	3312844	3313773	930
thrC	BSU_32250	3313770	3314828	1059
hom	BSU_32260	3314828	3316129	1302
cotNH	BSU_32270	3316330	3317349	1020
yutG	BSU_32280	3317502	3318002	501
nucF	BSU_32290	3318029	3318799	771
yutE	BSU_32300	3318828	3319262	435
yutD	BSU_32310	3319286	3319561	276
yutC	BSU_32320	3319676	3320308	633
lipA	BSU_32330	3320324	3321220	897
lytH	BSU_32340	3321455	3322435	981
fisB	BSU_32350	3322463	3323227	765
yunC	BSU_32360	3323300	3323605	306
yunD	BSU_32370	3323670	3325058	1389
yunE	BSU_32380	3325078	3325899	822
yunF	BSU_32390	3325917	3326765	849
yunG	BSU_32400	3326803	3327150	348
pucH	BSU_32410	3327247	3328587	1341
pucR	BSU_32420	3328762	3330357	1596
pucJ	BSU_32430	3330502	3331851	1350
pucK	BSU_32440	3331857	3333149	1293
pucL	BSU_32450	3333162	3334646	1485
pucM	BSU_32460	3334646	3334990	345
yuzJ	BSU_32469	3335414	3335545	132
pucE	BSU_32470	3335751	3336272	522
pucD	BSU_32480	3336263	3338500	2238
pucC	BSU_32490	3338501	3339334	834
pucB	BSU_32500	3339331	3339948	618
pucA	BSU_32510	3339945	3340937	993
pucG	BSU_32520	3341166	3342416	1251
pucF	BSU_32530	3342433	3343671	1239
bsnA	BSU_32540	3344113	3344979	867
frlP	BSU_32550	3345013	3346116	1104
frlR	BSU_32560	3346298	3347026	729
frlD	BSU_32570	3347051	3347905	855
frlM	BSU_32580	3347919	3348821	903
frlN	BSU_32590	3348825	3349703	879
frlO	BSU_32600	3349761	3351029	1269
frlB	BSU_32610	3351110	3352096	987
yurQ	BSU_32620	3352312	3352686	375
dadA	BSU_32630	3352789	3353907	1119
sspG	BSU_32640	3354066	3354212	147
yurS	BSU_32650	3354212	3354487	276
glxB	BSU_32660	3354551	3354934	384
yuzN	BSU_32669	3355045	3355323	279
sufB	BSU_32670	3355593	3356990	1398
sufU	BSU_32680	3357011	3357454	444
sufS	BSU_32690	3357444	3358664	1221
sufD	BSU_32700	3358664	3359977	1314
sufC	BSU_32710	3359995	3360780	786
yuzK	BSU_32719	3360974	3361111	138
yurZ	BSU_32720	3361305	3361682	378
metQ	BSU_32730	3361767	3362591	825
metP	BSU_32740	3362605	3363273	669
metN	BSU_32750	3363266	3364291	1026
yusD	BSU_32760	3364618	3364962	345
yusE	BSU_32770	3365069	3365389	321
yusF	BSU_32780	3365391	3365831	441
yusG	BSU_32790	3365831	3366067	237
gcvH	BSU_32800	3366123	3366506	384
yusI	BSU_32810	3366573	3366929	357
fadE	BSU_32820	3367040	3368824	1785
fadA	BSU_32830	3368839	3370014	1176
fadN	BSU_32840	3370025	3372394	2370
yuzL	BSU_32849	3372569	3372715	147
putM	BSU_32850	3372740	3373648	909
yuzM	BSU_32859	3373743	3373988	246
yusN	BSU_32860	3374001	3374333	333
mdtR	BSU_32870	3374492	3374959	468
mdtP	BSU_32880	3374956	3376581	1626
yusQ	BSU_32890	3376617	3377000	384
yusR	BSU_32900	3377019	3377408	390
yusS	BSU_32910	3377430	3377759	330
yusT	BSU_32920	3377893	3378780	888
yusU	BSU_32930	3378800	3379087	288
feuV	BSU_32940	3379112	3379939	828
cotNW	BSU_32950	3380157	3380594	438
yusZ	BSU_32980	3382633	3383475	843
mrgA	BSU_32990	3383565	3384026	462
htrB	BSU_33000	3384070	3385446	1377
cssR	BSU_33010	3385724	3386401	678
cssS	BSU_33020	3386398	3387753	1356
spxO	BSU_33029	3387781	3387945	165
yuxN	BSU_33030	3388113	3388988	876
fumC	BSU_33040	3389024	3390412	1389
yvzF	BSU_33049	3390479	3390664	186
gerAA	BSU_33050	3390782	3392230	1449
gerAB	BSU_33060	3392199	3393296	1098
gerAC	BSU_33070	3393293	3394414	1122
liaR	BSU_33080	3394422	3395057	636
liaS	BSU_33090	3395035	3396117	1083
liaF	BSU_33100	3396114	3396839	726
liaG	BSU_33110	3396873	3397745	873
liaH	BSU_33120	3397846	3398523	678
liaI	BSU_33130	3398550	3398930	381
yvqJ	BSU_33140	3399092	3400360	1269
yvqK	BSU_33150	3400537	3401118	582
yvrA	BSU_33160	3401141	3402469	1329
yvrB	BSU_33170	3402469	3403530	1062
yvrC	BSU_33180	3403493	3404437	945
yvrD	BSU_33190	3404835	3405626	792
yvrE	BSU_33200	3405664	3406542	879
yvrG	BSU_33210	3406614	3408356	1743
yvrH	BSU_33221	3408353	3409066	714
rsoA	BSU_33222	3409219	3409458	240
sigO	BSU_33230	3409462	3409992	531
yvrJ	BSU_33239	3410007	3410345	339
oxdC	BSU_33240	3410466	3411623	1158
rsiO	BSU_33250	3411684	3412094	411
yvrN	BSU_33260	3412128	3413357	1230
yvrO	BSU_33270	3413350	3414039	690
yvrP	BSU_33280	3414023	3415216	1194
fhuC	BSU_33290	3415387	3416196	810
fhuG	BSU_33300	3416212	3417222	1011
fhuB	BSU_33310	3417222	3418376	1155
fhuD	BSU_33320	3418474	3419421	948
lysP	BSU_33330	3419656	3421065	1410
sspJ	BSU_33340	3421465	3421605	141
yvsG	BSU_33350	3421772	3422254	483
ltaSP	BSU_33360	3422354	3424207	1854
yvgK	BSU_33370	3424235	3425161	927
modA	BSU_33380	3425272	3426054	783
modB	BSU_33390	3426026	3426718	693
pgoN	BSU_33400	3426749	3427579	831
yvgO	BSU_33410	3427802	3428287	486
nhaK	BSU_33420	3428331	3430343	2013
cysI	BSU_33430	3430598	3432313	1716
cysJ	BSU_33440	3432339	3434156	1818
helD	BSU_33450	3434327	3436651	2325
yvgT	BSU_33460	3436849	3437457	609
bdbC	BSU_33470	3437644	3438060	417
bdbD	BSU_33480	3438065	3438733	669
cadA	BSU_33490	3438853	3440961	2109
copA	BSU_33500	3441121	3443529	2409
copZ	BSU_33510	3443613	3443822	210
csoR	BSU_33520	3443896	3444201	306
iolW	BSU_33530	3444329	3445405	1077
azoRB	BSU_33540	3445442	3446077	636
yvaC	BSU_33550	3446237	3448132	1896
yvaD	BSU_33560	3448295	3448696	402
yvaE	BSU_33570	3448693	3449052	360
yvaF	BSU_33580	3449049	3449621	573
yvaG	BSU_33590	3449732	3450526	795
smpB	BSU_33600	3451248	3451718	471
rnr	BSU_33610	3451863	3454202	2340
secG	BSU_33630	3455093	3455323	231
yvaM	BSU_33640	3455472	3456242	771
yvzC	BSU_33650	3456282	3456515	234
rghRA	BSU_33660	3456667	3457074	408
rghRB	BSU_33670	3457104	3457523	420
catR	BSU_33680	3457615	3457941	327
yvaQ	BSU_33690	3458066	3459766	1701
opuBD	BSU_33700	3459806	3460486	681
opuBC	BSU_33710	3460503	3461423	921
opuBB	BSU_33720	3461435	3462088	654
opuBA	BSU_33730	3462105	3463250	1146
yvaV	BSU_33740	3463534	3464067	534
sdpA	BSU_33750	3464289	3464765	477
sdpB	BSU_33760	3464762	3465733	972
spbC	BSU_33770	3465776	3466387	612
sdpI	BSU_33780	3466434	3467057	624
sdpR	BSU_33790	3467054	3467326	273
opuCD	BSU_33800	3467546	3468235	690
opuCC	BSU_33810	3468253	3469164	912
opuCB	BSU_33820	3469184	3469837	654
opuCA	BSU_33830	3469860	3471002	1143
opcR	BSU_33840	3471266	3471823	558
yvbG	BSU_33850	3471841	3472476	636
yvbH	BSU_33860	3472626	3473240	615
yvbI	BSU_33870	3473372	3474070	699
yvbJ	BSU_33880	3474106	3475923	1818
yvbK	BSU_33890	3476043	3476510	468
eno	BSU_33900	3476555	3477847	1293
pgm	BSU_33910	3477877	3479412	1536
tpiA	BSU_33920	3479405	3480166	762
pgk	BSU_33930	3480197	3481381	1185
gapA	BSU_33940	3481698	3482705	1008
cggR	BSU_33950	3482752	3483774	1023
araE	BSU_33960	3484072	3485466	1395
araR	BSU_33970	3485670	3486758	1089
yvbT	BSU_33980	3486807	3487817	1011
yvbU	BSU_33990	3487974	3488852	879
cyeB	BSU_34000	3488952	3489869	918
yvbW	BSU_34010	3489910	3491253	1344
yvbX	BSU_34020	3491655	3492689	1035
lutC	BSU_34030	3492797	3493519	723
lutB	BSU_34040	3493519	3494958	1440
lutA	BSU_34050	3494985	3495701	717
yvfU	BSU_34060	3495876	3496478	603
yvfT	BSU_34070	3496495	3497610	1116
yvfS	BSU_34080	3497614	3498351	738
yvfR	BSU_34090	3498352	3499257	906
rsbQ	BSU_34100	3499541	3500350	810
rsbP	BSU_34110	3500386	3501597	1212
ganB	BSU_34120	3501651	3502940	1290
ganA	BSU_34130	3503020	3505083	2064
ganQ	BSU_34140	3505102	3505953	852
ganP	BSU_34150	3505957	3507213	1257
ganS	BSU_34160	3507253	3508518	1266
ganR	BSU_34170	3508659	3509651	993
lutR	BSU_34180	3509831	3510490	660
lutP	BSU_34190	3510780	3512471	1692
sigL	BSU_34200	3512498	3513808	1311
yvfG	BSU_34210	3513887	3514105	219
epsO	BSU_34220	3514115	3515083	969
epsN	BSU_34230	3515062	3516228	1167
epsM	BSU_34240	3516233	3516883	651
epsL	BSU_34250	3516880	3517488	609
epsI	BSU_34290	3520030	3521106	1077
epsH	BSU_34300	3521111	3522145	1035
epsG	BSU_34310	3522170	3523273	1104
epsF	BSU_34320	3523270	3524424	1155
epsE	BSU_34330	3524417	3525253	837
epsD	BSU_34340	3525250	3526395	1146
epsC	BSU_34350	3526407	3528203	1797
epsB	BSU_34360	3528462	3529145	684
epsA	BSU_34370	3529151	3529855	705
slrR	BSU_34380	3530101	3530559	459
pnbA	BSU_34390	3530635	3532104	1470
padC	BSU_34400	3532325	3532810	486
racX	BSU_34430	3533419	3534102	684
pbpE	BSU_34440	3534118	3535473	1356
sacB	BSU_34450	3536012	3537433	1422
levB	BSU_34460	3537507	3539057	1551
aspP	BSU_34470	3539165	3540727	1563
yvdT	BSU_34480	3540717	3541406	690
psmA	BSU_34490	3541488	3541823	336
psmB	BSU_34500	3541823	3542143	321
yvdQ	BSU_34510	3542179	3542691	513
cotNP	BSU_34520	3542943	3544286	1344
cotR	BSU_34530	3544642	3545604	963
clpP	BSU_34540	3546234	3546827	594
mdxM	BSU_34550	3546873	3547553	681
mdxL	BSU_34560	3547550	3549235	1686
mdxK	BSU_34570	3549228	3551501	2274
mdxJ	BSU_34580	3551479	3552363	885
mdxG	BSU_34590	3552369	3553205	837
mdxF	BSU_34600	3553206	3554513	1308
mdxE	BSU_34610	3554553	3555806	1254
mdxD	BSU_34620	3555902	3557671	1770
mdxR	BSU_34630	3557784	3558734	951
yvdD	BSU_34640	3558940	3559515	576
yvdC	BSU_34650	3559632	3559952	321
yvdB	BSU_34660	3559979	3561571	1593
yvdA	BSU_34670	3561590	3562183	594
yvcT	BSU_34680	3562566	3563543	978
psdB	BSU_34690	3563581	3565521	1941
psdA	BSU_34700	3565496	3566275	780
psdS	BSU_34710	3566358	3567428	1071
psdR	BSU_34720	3567422	3568135	714
yvzJ	BSU_34729	3568282	3568491	210
yvcN	BSU_34730	3568527	3569291	765
crh	BSU_34740	3569292	3569549	258
whiA	BSU_34750	3569573	3570523	951
mgfK	BSU_34760	3570546	3571499	954
yvcJ	BSU_34770	3571501	3572388	888
yvcI	BSU_34780	3572413	3572889	477
trxB	BSU_34790	3573207	3574157	951
cwlO	BSU_34800	3574363	3575784	1422
yvcD	BSU_34810	3576165	3577619	1455
bmrA	BSU_34820	3577745	3579514	1770
yvzA	BSU_34830	3579679	3580038	360
yvcB	BSU_34840	3580053	3581963	1911
yvcA	BSU_34850	3581965	3582690	726
hisIE	BSU_34860	3582936	3583565	630
hisF	BSU_34870	3583562	3584320	759
hisA	BSU_34880	3584317	3585054	738
hisH	BSU_34890	3585051	3585689	639
hisB	BSU_34900	3585690	3586274	585
hisD	BSU_34910	3586271	3587554	1284
hisG	BSU_34920	3587551	3588192	642
hisZ	BSU_34930	3588185	3589360	1176
yvpB	BSU_34940	3589611	3590363	753
pelC	BSU_34950	3590603	3591268	666
hprF	BSU_34960	3591288	3591806	519
ppaX	BSU_34970	3591810	3592460	651
yvoD	BSU_34980	3592457	3593395	939
lgt	BSU_34990	3593419	3594228	810
hprK	BSU_35000	3594242	3595174	933
nagA	BSU_35010	3595356	3596546	1191
nagBA	BSU_35020	3596543	3597271	729
nagR	BSU_35030	3597289	3598020	732
yvnB	BSU_35040	3598040	3601909	3870
yvnA	BSU_35050	3602074	3602547	474
cypX	BSU_35060	3602588	3603805	1218
pchC	BSU_35070	3603821	3604567	747
pchR	BSU_35080	3604993	3605502	510
pchE	BSU_35090	3605523	3606734	1212
yvlD	BSU_35100	3606762	3607121	360
yvlC	BSU_35110	3607123	3607320	198
yvlB	BSU_35120	3607325	3608422	1098
yvlA	BSU_35130	3608447	3608773	327
yvkN	BSU_35140	3608991	3609221	231
uvrA	BSU_35160	3610064	3612937	2874
uvrB	BSU_35170	3612945	3614930	1986
csbA	BSU_35180	3615116	3615346	231
yvkC	BSU_35190	3615793	3618288	2496
yvkB	BSU_35200	3618364	3618933	570
yvkA	BSU_35210	3618964	3620298	1335
minJ	BSU_35220	3620346	3621539	1194
ctpB	BSU_35240	3622356	3623798	1443
ftsX	BSU_35250	3623938	3624828	891
ftsE	BSU_35260	3624821	3625507	687
cccB	BSU_35270	3625741	3626079	339
yvjA	BSU_35280	3626128	3627012	885
prfB	BSU_35290	3628169	3628240	72
secA	BSU_35300	3628310	3630835	2526
hpf	BSU_35310	3631003	3631572	570
yvzG	BSU_35319	3631763	3632140	378
fliT	BSU_35320	3632150	3632491	342
fliS	BSU_35330	3632488	3632889	402
fliD	BSU_35340	3632911	3634407	1497
yvyC	BSU_35350	3634425	3634754	330
hag	BSU_35360	3634987	3635901	915
csrA	BSU_35370	3636046	3636270	225
fliW	BSU_35380	3636264	3636695	432
yviE	BSU_35390	3636716	3637291	576
flgL	BSU_35400	3637338	3638234	897
flgK	BSU_35410	3638245	3639768	1524
flgN	BSU_35420	3639787	3640269	483
flgM	BSU_35430	3640285	3640551	267
yvyF	BSU_35440	3640632	3641051	420
comFC	BSU_35450	3641125	3641847	723
comFB	BSU_35460	3641811	3642107	297
comFA	BSU_35470	3642167	3643558	1392
fakBA	BSU_35480	3643664	3644509	846
degU	BSU_35490	3644607	3645296	690
degS	BSU_35500	3645379	3646536	1158
yvyE	BSU_35510	3646753	3647406	654
tagV	BSU_35520	3647406	3648581	1176
tagO	BSU_35530	3648654	3649730	1077
tuaH	BSU_35540	3649875	3651068	1194
tuaG	BSU_35550	3651097	3651855	759
tuaF	BSU_35560	3651879	3652559	681
tuaE	BSU_35570	3652588	3654054	1467
tuaD	BSU_35580	3654139	3655524	1386
tuaC	BSU_35590	3655586	3656755	1170
tuaB	BSU_35600	3656752	3658203	1452
lytC	BSU_35620	3659119	3660609	1491
lytB	BSU_35630	3660648	3662765	2118
lytA	BSU_35640	3662789	3663097	309
tagU	BSU_35650	3663281	3664201	921
mnaA	BSU_35660	3664241	3665383	1143
gtaB	BSU_35670	3665629	3666507	879
ggaB	BSU_35680	3667209	3669911	2703
tagH	BSU_35700	3673564	3675147	1584
tagG	BSU_35710	3675167	3675994	828
tagF	BSU_35720	3676159	3678399	2241
tagE	BSU_35730	3678399	3680420	2022
tagD	BSU_35740	3680581	3680970	390
tagA	BSU_35750	3681370	3682140	771
tagB	BSU_35760	3682173	3683318	1146
tagC	BSU_35770	3683438	3684766	1329
lytD	BSU_35780	3684826	3687468	2643
pmiA	BSU_35790	3687597	3688547	951
gerBA	BSU_35800	3688812	3690263	1452
gerBB	BSU_35810	3690269	3691375	1107
gerBC	BSU_35820	3691372	3692496	1125
ywtG	BSU_35830	3692533	3693906	1374
tagT	BSU_35840	3694239	3695207	969
ribZB	BSU_35850	3695363	3696223	861
pgdS	BSU_35860	3696257	3697498	1242
edmS	BSU_35870	3697639	3697806	168
capA	BSU_35880	3697821	3698963	1143
capC	BSU_35890	3698982	3699431	450
capB	BSU_35900	3699446	3700627	1182
rbsR	BSU_35910	3701411	3702391	981
rbsK	BSU_35920	3702393	3703274	882
rbsD	BSU_35930	3703271	3703666	396
rbsA	BSU_35940	3703682	3705163	1482
rbsC	BSU_35950	3705165	3706133	969
rbsB	BSU_35960	3706145	3707062	918
ywsB	BSU_35970	3707144	3707680	537
ywsA	BSU_35980	3707836	3708132	297
ywrO	BSU_35990	3708172	3708699	528
alsD	BSU_36000	3708799	3709566	768
alsS	BSU_36010	3709628	3711340	1713
alsR	BSU_36020	3711498	3712406	909
ywrK	BSU_36030	3712617	3713945	1329
ywrJ	BSU_36040	3714002	3714679	678
cotB	BSU_36050	3714739	3715881	1143
cotH	BSU_36060	3716009	3717097	1089
cotG	BSU_36070	3717238	3717825	588
ywrF	BSU_36080	3717999	3718616	618
ywrE	BSU_36090	3718794	3719129	336
hpxW	BSU_36100	3719134	3720711	1578
chrS	BSU_36110	3720925	3721401	477
chrB	BSU_36120	3721415	3722008	594
chrA	BSU_36130	3722005	3722541	537
ywqO	BSU_36140	3722568	3722789	222
ywqN	BSU_36150	3722786	3723331	546
ywqM	BSU_36160	3723454	3724335	882
nfi	BSU_36170	3724420	3725136	717
rttO	BSU_36180	3725146	3725610	465
rttN	BSU_36190	3725600	3727408	1809
ywqI	BSU_36200	3727427	3727687	261
ywqH	BSU_36210	3727697	3728119	423
ywqG	BSU_36220	3728511	3729296	786
uglF	BSU_36230	3729488	3730810	1323
ptpZ	BSU_36240	3731005	3731769	765
ptkA	BSU_36250	3731822	3732535	714
tkmA	BSU_36260	3732525	3733271	747
ywzD	BSU_36269	3733505	3733648	144
ywqB	BSU_36270	3733852	3735462	1611
hepA	BSU_36280	3735449	3738217	2769
ywpJ	BSU_36290	3738343	3739200	858
glcR	BSU_36300	3739206	3739982	777
ssbB	BSU_36310	3740206	3740547	342
ywpG	BSU_36320	3740624	3741007	384
ywpF	BSU_36330	3741182	3741592	411
ywpE	BSU_36340	3741732	3742040	309
ywpD	BSU_36350	3742384	3743220	837
mscL	BSU_36360	3743267	3743659	393
fabZ	BSU_36370	3743732	3744157	426
rapD	BSU_36380	3744349	3745413	1065
flhP	BSU_36390	3745436	3746245	810
flhO	BSU_36400	3746279	3747091	813
mbl	BSU_36410	3747254	3748255	1002
spoIIID	BSU_36420	3748421	3748702	282
usd	BSU_36430	3748717	3748827	111
ywoH	BSU_36440	3749052	3749465	414
ywoG	BSU_36450	3749487	3750677	1191
ywoF	BSU_36460	3750768	3752174	1407
pucI	BSU_36470	3752280	3753752	1473
ywoD	BSU_36480	3753933	3755291	1359
ywoC	BSU_36490	3755291	3755860	570
ywoB	BSU_36500	3756044	3756508	465
amtB	BSU_36510	3756790	3758004	1215
glnK	BSU_36520	3758016	3758366	351
bcrC	BSU_36530	3758547	3759128	582
ywnJ	BSU_36540	3759169	3759591	423
spoIIQ	BSU_36550	3759702	3760553	852
ywnH	BSU_36560	3760694	3761185	492
ywnG	BSU_36570	3761182	3761700	519
ywnF	BSU_36580	3761987	3762421	435
clsA	BSU_36590	3762664	3764112	1449
mta	BSU_36600	3764133	3764906	774
ywnC	BSU_36610	3765051	3765434	384
ywnB	BSU_36620	3765469	3766110	642
ywnA	BSU_36630	3766178	3766579	402
ureC	BSU_36640	3766714	3768423	1710
ureB	BSU_36650	3768420	3768794	375
ureA	BSU_36660	3768791	3769108	318
ywzE	BSU_36668	3769289	3769453	165
csbD	BSU_36670	3770104	3770292	189
ywmF	BSU_36680	3770365	3770865	501
rapB	BSU_36690	3771000	3772133	1134
moaA	BSU_36700	3772325	3773350	1026
fdhD	BSU_36710	3773366	3774154	789
ywmE	BSU_36720	3774400	3774561	162
ywmD	BSU_36730	3774655	3775329	675
ywmC	BSU_36740	3775653	3776336	684
spoIID	BSU_36750	3776722	3777753	1032
murAA	BSU_36760	3777949	3779259	1311
ywmB	BSU_36770	3779293	3780033	741
ywzB	BSU_36780	3780162	3780392	231
ywmA	BSU_36790	3780562	3781035	474
atpC	BSU_36800	3781069	3781467	399
atpD	BSU_36810	3781491	3782912	1422
atpG	BSU_36820	3782938	3783801	864
atpA	BSU_36830	3783878	3785386	1509
atpH	BSU_36840	3785403	3785948	546
atpF	BSU_36850	3785945	3786457	513
atpE	BSU_36860	3786620	3786832	213
atpB	BSU_36870	3786878	3787612	735
atpI	BSU_36880	3787620	3788003	384
upp	BSU_36890	3788426	3789055	630
glyA	BSU_36900	3789190	3790437	1248
ywlG	BSU_36910	3790644	3791186	543
rpiB	BSU_36920	3791199	3791648	450
prpB	BSU_36930	3791805	3792257	453
mntP	BSU_36940	3792333	3792890	558
tsaC	BSU_36950	3792969	3794009	1041
ywlB	BSU_36960	3794166	3794609	444
spoIIR	BSU_36970	3794676	3795350	675
ywlA	BSU_36980	3795491	3795853	363
ywkF	BSU_36990	3795870	3796157	288
prmC	BSU_37000	3796217	3797083	867
prfA	BSU_37010	3797085	3798155	1071
ywkD	BSU_37020	3798281	3798667	387
racA	BSU_37030	3798789	3799343	555
ywkB	BSU_37040	3799377	3800336	960
maeA	BSU_37050	3800418	3802166	1749
tdk	BSU_37060	3802405	3802992	588
rpmEA	BSU_37070	3803081	3803281	201
rho	BSU_37080	3803400	3804683	1284
glpX	BSU_37090	3805090	3806055	966
murAB	BSU_37100	3806086	3807375	1290
tal	BSU_37110	3807754	3808392	639
fbaA	BSU_37120	3808512	3809369	858
spo0F	BSU_37130	3809550	3809924	375
ywjG	BSU_37140	3810090	3810611	522
pyrG	BSU_37150	3810693	3812300	1608
rpoE	BSU_37160	3812542	3813063	522
acdA	BSU_37170	3813246	3814385	1140
fadF	BSU_37180	3814382	3816499	2118
clsB	BSU_37190	3816654	3817850	1197
uvsE	BSU_37200	3817863	3818825	963
ywjC	BSU_37210	3818906	3819178	273
ywjB	BSU_37220	3819220	3819744	525
ywjA	BSU_37230	3819754	3821481	1728
clsC	BSU_37240	3821570	3823072	1503
narI	BSU_37250	3823558	3824229	672
narJ	BSU_37260	3824226	3824780	555
narH	BSU_37270	3824806	3826269	1464
narG	BSU_37280	3826259	3829945	3687
arfM	BSU_37290	3830141	3830617	477
ywiC	BSU_37300	3830761	3831480	720
fnr	BSU_37310	3831512	3832228	717
narK	BSU_37320	3832327	3833514	1188
argS	BSU_37330	3833650	3835320	1671
ywiB	BSU_37340	3835317	3835745	429
sboA	BSU_37350	3836058	3836189	132
sboX	BSU_37360	3836146	3836298	153
albA	BSU_37370	3836323	3837669	1347
albB	BSU_37380	3837682	3837843	162
albC	BSU_37390	3837840	3838559	720
albD	BSU_37400	3838552	3839862	1311
albE	BSU_37410	3839852	3841012	1161
albF	BSU_37420	3841017	3842297	1281
albG	BSU_37430	3842294	3842995	702
ywhL	BSU_37440	3843001	3844377	1377
ywhK	BSU_37450	3844416	3845771	1356
rapF	BSU_37460	3846001	3847146	1146
phrF	BSU_37470	3847130	3847249	120
ywhH	BSU_37480	3847348	3847821	474
speB	BSU_37490	3847853	3848725	873
speE	BSU_37500	3848786	3849616	831
pbpG	BSU_37510	3849818	3851893	2076
ywhD	BSU_37520	3852186	3852704	519
ywhC	BSU_37530	3852718	3853377	660
hmtB	BSU_37540	3853486	3853674	189
ywhA	BSU_37550	3853717	3854136	420
thrZ	BSU_37560	3854256	3856172	1917
mmr	BSU_37570	3857017	3858417	1401
ywgB	BSU_37580	3858417	3858887	471
ywgA	BSU_37590	3858999	3859499	501
ywfO	BSU_37600	3859535	3860836	1302
ywzC	BSU_37610	3860998	3861222	225
psrF	BSU_37620	3861437	3862213	777
ywfM	BSU_37630	3862357	3863247	891
lipL	BSU_37640	3863415	3864260	846
cysL	BSU_37650	3864309	3865208	900
pta	BSU_37660	3865355	3866326	972
hemQ	BSU_37670	3866596	3867360	765
bacG	BSU_37680	3867493	3868272	780
bacF	BSU_37690	3868287	3869486	1200
bacE	BSU_37700	3869487	3870671	1185
bacD	BSU_37710	3870668	3872086	1419
bacC	BSU_37720	3872105	3872866	762
bacB	BSU_37730	3872869	3873576	708
bacA	BSU_37740	3873566	3874180	615
ywfA	BSU_37750	3874332	3875570	1239
rocC	BSU_37760	3875780	3877192	1413
rocB	BSU_37770	3877192	3878892	1701
rocA	BSU_37780	3878966	3880513	1548
rocG	BSU_37790	3880740	3882014	1275
bslB	BSU_37800	3882191	3882655	465
spsL	BSU_37810	3882979	3883434	456
spsK	BSU_37820	3883427	3884278	852
spsJ	BSU_37830	3884292	3885239	948
spsI	BSU_37840	3885239	3885979	741
spsG	BSU_37850	3886004	3887023	1020
spsF	BSU_37860	3887026	3887748	723
spsE	BSU_37870	3887741	3888862	1122
spsD	BSU_37880	3888862	3889731	870
spsB	BSU_37900	3890922	3892346	1425
spsA	BSU_37910	3892351	3893121	771
gerQ	BSU_37920	3893441	3893986	546
ywdK	BSU_37930	3894030	3894401	372
ywdJ	BSU_37940	3894463	3895785	1323
ywdI	BSU_37950	3895805	3896122	318
ywdH	BSU_37960	3896290	3897660	1371
ung	BSU_37970	3897685	3898362	678
ywdF	BSU_37980	3898376	3899182	807
ywdE	BSU_37990	3899272	3899805	534
ywdD	BSU_38000	3899853	3900488	636
ywzG	BSU_38018	3900481	3900819	339
pdxK	BSU_38020	3900963	3901778	816
ywdA	BSU_38030	3901868	3902116	249
sacA	BSU_38040	3902210	3903649	1440
sacP	BSU_38050	3903646	3905031	1386
nirC	BSU_38060	3905333	3906103	771
sacT	BSU_38070	3906142	3906972	831
ywcI	BSU_38080	3907012	3907314	303
vpr	BSU_38090	3907844	3910264	2421
ywcH	BSU_38100	3910302	3911303	1002
nfrAA	BSU_38110	3911477	3912226	750
rodA	BSU_38120	3912332	3913513	1182
ywcE	BSU_38130	3914009	3914272	264
qoxD	BSU_38140	3914315	3914689	375
qoxC	BSU_38150	3914691	3915305	615
qoxB	BSU_38160	3915319	3917268	1950
qoxA	BSU_38170	3917296	3918261	966
ywzA	BSU_38180	3918777	3919022	246
galT	BSU_38190	3919093	3920634	1542
galK	BSU_38200	3920638	3921810	1173
ywcD	BSU_38210	3921891	3922274	384
slrC	BSU_38220	3922292	3922963	672
slrA	BSU_38229	3923319	3923477	159
vbfB	BSU_38230	3923920	3924228	309
vbfA	BSU_38240	3924225	3925766	1542
ywbO	BSU_38250	3925797	3926399	603
efeB	BSU_38260	3926682	3927932	1251
efeM	BSU_38270	3927951	3929108	1158
efeU	BSU_38280	3929105	3930550	1446
thiE	BSU_38290	3930707	3931375	669
thiM	BSU_38300	3931372	3932190	819
cidR	BSU_38310	3932198	3933103	906
cidA	BSU_38320	3933209	3933595	387
cidB	BSU_38330	3933577	3934254	678
ywbF	BSU_38340	3934358	3935557	1200
ywbE	BSU_38350	3935591	3935788	198
rlmI	BSU_38360	3935824	3937014	1191
glxA	BSU_38370	3937135	3937515	381
ywbB	BSU_38380	3937553	3938230	678
ywbA	BSU_38390	3938307	3939641	1335
epr	BSU_38400	3939869	3941806	1938
sacX	BSU_38410	3942234	3943613	1380
sacY	BSU_38420	3943667	3944509	843
gspA	BSU_38430	3944560	3945420	861
ywaF	BSU_38440	3945530	3946243	714
tyrZR	BSU_38450	3946394	3946909	516
tyrZ	BSU_38460	3947158	3948399	1242
eapD	BSU_38470	3948555	3949922	1368
relQ	BSU_38480	3949952	3950584	633
menA	BSU_38490	3950726	3951661	936
ywzH	BSU_38499	3952108	3952257	150
dltA	BSU_38500	3952275	3953786	1512
dltB	BSU_38510	3953783	3954970	1188
dltC	BSU_38520	3954987	3955223	237
dltD	BSU_38530	3955223	3956401	1179
dltE	BSU_38540	3956492	3957250	759
ilvK	BSU_38550	3957391	3958482	1092
licH	BSU_38560	3958516	3959844	1329
licA	BSU_38570	3959841	3960173	333
licC	BSU_38580	3960192	3961550	1359
licB	BSU_38590	3961566	3961874	309
licR	BSU_38600	3962003	3963928	1926
yxzF	BSU_38610	3964091	3964249	159
aag	BSU_38620	3964278	3964868	591
katX	BSU_38630	3964997	3966640	1644
yxlH	BSU_38640	3966745	3967947	1203
yxlG	BSU_38650	3967944	3968720	777
yxlF	BSU_38660	3968717	3969604	888
yxlE	BSU_38670	3969611	3969799	189
yxlD	BSU_38680	3969796	3970002	207
yxlC	BSU_38690	3969999	3970319	321
sigY	BSU_38700	3970312	3970848	537
yxlA	BSU_38710	3971060	3972433	1374
nnrA	BSU_38720	3972448	3973278	831
cydD	BSU_38730	3973364	3975091	1728
cydC	BSU_38740	3975088	3976791	1704
cydB	BSU_38750	3976791	3977807	1017
cydA	BSU_38760	3977791	3979197	1407
cimH	BSU_38770	3979753	3981105	1353
yxkI	BSU_38780	3981227	3982915	1689
yxzE	BSU_38790	3982973	3983173	201
yxkH	BSU_38800	3983187	3984026	840
msmX	BSU_38810	3984133	3985230	1098
yxkF	BSU_38820	3985351	3986244	894
aldY	BSU_38830	3986428	3987885	1458
gdnE	BSU_38840	3987927	3988763	837
yxkC	BSU_38850	3989331	3989873	543
galE	BSU_38860	3989948	3990967	1020
yxkA	BSU_38870	3991082	3991588	507
yxjO	BSU_38880	3991718	3992593	876
yxjN	BSU_38890	3992671	3993144	474
yxjM	BSU_38900	3993162	3994382	1221
yxjL	BSU_38910	3994369	3995025	657
pepT	BSU_38920	3995075	3996307	1233
yxjJ	BSU_38930	3996829	3997092	264
yxjI	BSU_38940	3997221	3997709	489
yxjH	BSU_38950	3997964	3999097	1134
yxjG	BSU_38960	3999350	4000486	1137
yxjF	BSU_38970	4000539	4001312	774
scoB	BSU_38980	4001329	4001979	651
scoA	BSU_38990	4001976	4002692	717
yxjC	BSU_39000	4002716	4004134	1419
rlmA	BSU_39010	4004288	4005136	849
nupG	BSU_39020	4005752	4006945	1194
yxiS	BSU_39040	4007803	4008093	291
katE	BSU_39050	4008143	4010203	2061
citH	BSU_39060	4010404	4011684	1281
bglS	BSU_39070	4011842	4012570	729
licT	BSU_39080	4012866	4013699	834
yxiP	BSU_39090	4013795	4014475	681
yxiO	BSU_39100	4014682	4015968	1287
deaD	BSU_39110	4015987	4017426	1440
yxiM	BSU_39120	4017508	4018656	1149
yxzJ	BSU_39139	4019005	4019136	132
yxiK	BSU_39140	4019148	4019609	462
yxiJ	BSU_39150	4019625	4019921	297
yxiI	BSU_39160	4019949	4020437	489
yxzG	BSU_39170	4020455	4020907	453
yxiH	BSU_39180	4020977	4021306	330
yxiG	BSU_39190	4021429	4021845	417
yxzC	BSU_39200	4021896	4022264	369
yxiF	BSU_39210	4022258	4022728	471
wapI	BSU_39220	4023054	4023482	429
wapA	BSU_39230	4023544	4030548	7005
yxxF	BSU_39240	4030710	4031645	936
yxiE	BSU_39250	4031797	4032243	447
bglH	BSU_39260	4032346	4033755	1410
bglP	BSU_39270	4033778	4035607	1830
yxxE	BSU_39280	4035990	4036298	309
rtbE	BSU_39290	4036344	4036787	444
rtbD	BSU_39300	4036784	4038493	1710
yxiC	BSU_39310	4038513	4038782	270
yxiB	BSU_39320	4038794	4039159	366
abnB	BSU_39330	4039466	4040875	1410
yxzL	BSU_39339	4041009	4041173	165
hutP	BSU_39340	4041492	4041938	447
hutH	BSU_39350	4042051	4043577	1527
hutU	BSU_39360	4043574	4045232	1659
hutI	BSU_39370	4045245	4046510	1266
hutG	BSU_39380	4046503	4047462	960
hutM	BSU_39390	4047538	4048965	1428
pdp	BSU_39400	4049009	4050310	1302
nupC	BSU_39410	4050340	4051521	1182
deoC	BSU_39420	4051602	4052273	672
deoR	BSU_39430	4052379	4053320	942
yxxB	BSU_39440	4053454	4054281	828
yxeR	BSU_39450	4054354	4055466	1113
yxeQ	BSU_39460	4055536	4056873	1338
sndB	BSU_39470	4056870	4058012	1143
yxeO	BSU_39480	4058029	4058778	750
yxeN	BSU_39490	4058791	4059465	675
yxeM	BSU_39500	4059488	4060282	795
snaB	BSU_39510	4060307	4060804	498
yxeK	BSU_39520	4060818	4062143	1326
yxeJ	BSU_39530	4062329	4062556	228
yxeI	BSU_39540	4062543	4063529	987
hadM	BSU_39550	4063684	4064496	813
yxeG	BSU_39560	4064536	4065093	558
yxeF	BSU_39570	4065074	4065508	435
cotNE	BSU_39580	4065597	4065962	366
yxeD	BSU_39590	4066210	4066563	354
yxeC	BSU_39600	4066607	4067005	399
frxB	BSU_39610	4067183	4068148	966
yxeA	BSU_39620	4068189	4068536	348
tpeM	BSU_39630	4068550	4070418	1869
tpeL	BSU_39640	4070393	4071166	774
tpeK	BSU_39650	4071310	4072287	978
tpeJ	BSU_39660	4072284	4072973	690
iolJ	BSU_39670	4073081	4073953	873
iolI	BSU_39680	4073974	4074810	837
iolH	BSU_39690	4074896	4075765	870
iolG	BSU_39700	4075785	4076819	1035
iolF	BSU_39710	4076842	4078158	1317
iolE	BSU_39720	4078173	4079066	894
iolD	BSU_39730	4079083	4080996	1914
iolC	BSU_39740	4081029	4082006	978
iolB	BSU_39750	4082030	4082845	816
iolA	BSU_39760	4082920	4084383	1464
iolR	BSU_39770	4084799	4085554	756
iolS	BSU_39780	4085608	4086540	933
yxcE	BSU_39790	4086802	4087452	651
yxcD	BSU_39800	4087456	4087764	309
csbC	BSU_39810	4088002	4089387	1386
htpG	BSU_39820	4089429	4091309	1881
yxcA	BSU_39830	4091477	4091728	252
yxbG	BSU_39840	4091845	4092666	822
yxbF	BSU_39850	4092695	4093837	1143
aldX	BSU_39860	4093980	4095317	1338
yxbD	BSU_39870	4095356	4095835	480
yxbC	BSU_39880	4095915	4096907	993
yxbB	BSU_39890	4097416	4098150	735
yxbA	BSU_39900	4098150	4098419	270
yxnB	BSU_39910	4098423	4098905	483
asnH	BSU_39920	4098926	4101169	2244
yxaM	BSU_39930	4101166	4102365	1200
yxaL	BSU_39940	4102429	4103661	1233
yxaJ	BSU_39950	4103762	4104187	426
yxaI	BSU_39960	4104444	4104899	456
yxaH	BSU_39970	4104929	4106137	1209
qdoI	BSU_39980	4106245	4107258	1014
qdoR	BSU_39990	4107352	4107927	576
yxnA	BSU_40000	4108058	4109128	1071
yxaD	BSU_40010	4109185	4109616	432
yxzK	BSU_40021	4109843	4110247	405
yxaC	BSU_40022	4110217	4110909	693
yxaB	BSU_40030	4110949	4111980	1032
glxK	BSU_40040	4112073	4113221	1149
gntR	BSU_40050	4113417	4114148	732
gntK	BSU_40060	4114141	4115682	1542
gntP	BSU_40070	4115711	4117057	1347
gntZ	BSU_40080	4117080	4118486	1407
ahpC	BSU_40090	4118950	4119513	564
ahpF	BSU_40100	4119527	4121056	1530
bglA	BSU_40110	4121166	4122605	1440
ptsJ	BSU_40120	4122619	4122849	231
yydK	BSU_40130	4123193	4123903	711
yyzN	BSU_40139	4123931	4124089	159
liaM	BSU_40140	4124220	4124942	723
liaL	BSU_40150	4124963	4125592	630
liaK	BSU_40160	4125742	4126500	759
liaE	BSU_40170	4126481	4127440	960
liaD	BSU_40180	4127498	4127647	150
fbp	BSU_40190	4128119	4130044	1926
yydD	BSU_40200	4130578	4132338	1761
yydC	BSU_40210	4132338	4132736	399
yydB	BSU_40220	4132729	4134174	1446
rlmH	BSU_40230	4134436	4134915	480
yyzF	BSU_40239	4134996	4135166	171
yycS	BSU_40240	4135351	4135764	414
yycR	BSU_40250	4135798	4137024	1227
yyzG	BSU_40259	4137087	4137257	171
yycQ	BSU_40260	4137362	4137610	249
yycP	BSU_40270	4137626	4138789	1164
yycO	BSU_40280	4138800	4139537	738
yycN	BSU_40290	4139679	4140149	471
rapG	BSU_40300	4140260	4141357	1098
phrG	BSU_40310	4141358	4141474	117
argI	BSU_40320	4141711	4142601	891
rocE	BSU_40330	4142675	4144078	1404
rocD	BSU_40340	4144301	4145506	1206
rocR	BSU_40350	4145747	4147132	1386
htrC	BSU_40360	4147567	4148769	1203
walJ	BSU_40370	4148851	4149645	795
walI	BSU_40380	4149667	4150509	843
walH	BSU_40390	4150496	4151863	1368
walK	BSU_40400	4151853	4153688	1836
walR	BSU_40410	4153696	4154403	708
purA	BSU_40420	4155433	4156725	1293
yycE	BSU_40430	4156931	4157350	420
dnaC	BSU_40440	4157471	4158835	1365
yycD	BSU_40450	4159005	4159205	201
yyzB	BSU_40460	4159253	4159456	204
yycC	BSU_40470	4159577	4159717	141
yycB	BSU_40480	4159790	4160998	1209
yycA	BSU_40490	4161103	4163160	2058
rplI	BSU_40500	4163197	4163646	450
gdpP	BSU_40510	4163643	4165622	1980
yybS	BSU_40520	4165659	4166588	930
yyzH	BSU_40529	4166815	4166964	150
cotF	BSU_40530	4167110	4167592	483
hypR	BSU_40540	4167622	4167999	378
ppaC	BSU_40550	4168204	4169133	930
yybP	BSU_40560	4169166	4169612	447
yybO	BSU_40570	4170045	4171352	1308
yybN	BSU_40580	4173114	4173551	438
yybM	BSU_40590	4173665	4174420	756
yybL	BSU_40600	4174410	4175120	711
yybK	BSU_40610	4175117	4175872	756
yybJ	BSU_40620	4175869	4176525	657
ictI	BSU_40630	4176900	4177688	789
yybH	BSU_40640	4177756	4178145	390
yybG	BSU_40650	4178291	4179130	840
yybF	BSU_40660	4179163	4180377	1215
yybE	BSU_40670	4180564	4181442	879
yybD	BSU_40680	4181456	4181899	444
yybC	BSU_40690	4181982	4182461	480
yybB	BSU_40700	4182636	4183298	663
yybA	BSU_40710	4183445	4183897	453
yyaT	BSU_40720	4184017	4184463	447
yyaS	BSU_40730	4184460	4185065	606
yyaR	BSU_40740	4185160	4185681	522
yyaQ	BSU_40750	4186092	4186448	357
yyaP	BSU_40760	4186608	4187174	567
tetB	BSU_40770	4187681	4189057	1377
tetL	BSU_40780	4189091	4189153	63
yyaO	BSU_40790	4189406	4189645	240
yyaN	BSU_40800	4189796	4190212	417
yyaM	BSU_40810	4190209	4191126	918
yyaL	BSU_40820	4191198	4193267	2070
yyaK	BSU_40830	4193264	4194163	900
yyaJ	BSU_40840	4194389	4195744	1356
maa	BSU_40850	4195778	4196332	555
yyaH	BSU_40860	4196350	4196730	381
ccpB	BSU_40870	4196786	4197721	936
exoA	BSU_40880	4197780	4198538	759
rpsR	BSU_40890	4198603	4198842	240
ssbA	BSU_40900	4198886	4199404	519
rpsF	BSU_40910	4199445	4199732	288
engD	BSU_40920	4199843	4200943	1101
yyaE	BSU_40930	4201070	4203073	2004
yyzM	BSU_40939	4203124	4203330	207
yyaD	BSU_40940	4203424	4204440	1017
sprC	BSU_40950	4204900	4205517	618
parB	BSU_40960	4205556	4206404	849
parA	BSU_40970	4206397	4207158	762
yyaB	BSU_40980	4207406	4207846	441
nocA	BSU_40990	4207897	4208748	852
rsmG	BSU_41000	4208870	4209589	720
trmF	BSU_41010	4209603	4211489	1887
mnmE	BSU_41020	4211510	4212889	1380
jag	BSU_41030	4213200	4213826	627
oxaAA	BSU_41040	4213823	4214608	786
rnpA	BSU_41050	4214753	4215103	351
rpmH	BSU_41060	4215255	4215389	135
